dsm_code,brand,sports,productnature,structurationvalues,category_id
121754,"""484""","[""78"", ""266"", ""261""]","""25015""",[],1c7ea560-abb8-42a2-b382-c20cd24c6386
121754,"""484""","[""78"", ""266"", ""261""]","""25015""",[],156036a8-adc0-44a0-bba0-e50b4171ff8f
121754,"""484""","[""78"", ""266"", ""261""]","""25015""",[],0159369c-d747-4ac2-a6c2-9065c3330d2a
121754,"""484""","[""78"", ""266"", ""261""]","""25015""",[],48cd1592-b865-4905-bf98-7dd437935445
121754,"""484""","[""78"", ""266"", ""261""]","""25015""",[],514612bf-0b54-4f8f-a9c5-172f9d014f52
121754,"""484""","[""78"", ""266"", ""261""]","""25015""",[],5e86ae0b-25c3-47db-ac32-45ff15c92486
121754,"""484""","[""78"", ""266"", ""261""]","""25015""",[],91865ff8-d67b-4397-8145-5d2a46c3edf1
121754,"""484""","[""78"", ""266"", ""261""]","""25015""",[],f0e8d528-a675-4dab-b22d-55e2ffb203a0
121754,"""484""","[""78"", ""266"", ""261""]","""25015""",[],d20a2bd7-a7c5-4ae7-b0cf-abc0d8de6c95
121754,"""484""","[""78"", ""266"", ""261""]","""25015""",[],9b2d421e-c9e0-4427-aa01-d16094007cff
121754,"""484""","[""78"", ""266"", ""261""]","""25015""",[],a5a3c95b-9323-4260-ba75-fb78485a796b
121754,"""484""","[""78"", ""266"", ""261""]","""25015""",[],2898757d-0df0-4f98-983c-e96e1b8554a0
121754,"""484""","[""78"", ""266"", ""261""]","""25015""",[],2a2f466e-8e5c-49ff-adba-9b82b43b6796
121754,"""484""","[""78"", ""266"", ""261""]","""25015""",[],b5f8d1f0-b6d0-4d4c-89ff-e85d4fcb2d47
121754,"""484""","[""78"", ""266"", ""261""]","""25015""",[],d08b62aa-40e6-4f3b-b2c0-64620437c401
121754,"""484""","[""78"", ""266"", ""261""]","""25015""",[],dae3e3ab-7511-4632-a1c6-ed6f29b9321f
121754,"""484""","[""78"", ""266"", ""261""]","""25015""",[],146d55d1-b849-419e-a417-0382f4b8f9f6
121754,"""484""","[""78"", ""266"", ""261""]","""25015""",[],514612bf-0b54-4f8f-a9c5-172f9d014f52
121754,"""484""","[""78"", ""266"", ""261""]","""25015""",[],69045c61-241a-4e74-b111-00f8a541287e
121754,"""484""","[""78"", ""266"", ""261""]","""25015""",[],764a12db-0fbd-40d3-b29f-52e3ef923433
121754,"""484""","[""78"", ""266"", ""261""]","""25015""",[],109bbb50-1ee7-4354-bb09-c345717ff6fa
121754,"""484""","[""78"", ""266"", ""261""]","""25015""",[],876a2dbc-5e09-4336-ba0f-708a44788433
121754,"""484""","[""78"", ""266"", ""261""]","""25015""",[],abd2b08c-5c0b-40e3-8eb7-c00ec46f1125
121754,"""484""","[""78"", ""266"", ""261""]","""25015""",[],7b773582-6146-4bf9-9e52-3cfb720fcc5b
121754,"""484""","[""78"", ""266"", ""261""]","""25015""",[],5e737d0f-38bb-414b-a8c9-d44b0968b790
121754,"""484""","[""78"", ""266"", ""261""]","""25015""",[],9b2d421e-c9e0-4427-aa01-d16094007cff
121754,"""484""","[""78"", ""266"", ""261""]","""25015""",[],bda510ff-3ff2-4f68-9920-28da1ed6f3fc
121754,"""484""","[""78"", ""266"", ""261""]","""25015""",[],764a12db-0fbd-40d3-b29f-52e3ef923433
121754,"""484""","[""78"", ""266"", ""261""]","""25015""",[],68116f5c-f37f-43cd-8d2c-c1001f0b93ff
121754,"""484""","[""78"", ""266"", ""261""]","""25015""",[],156036a8-adc0-44a0-bba0-e50b4171ff8f
121754,"""484""","[""78"", ""266"", ""261""]","""25015""",[],a44d49b0-c2fb-4d8c-a32e-4267897351c3
121754,"""484""","[""78"", ""266"", ""261""]","""25015""",[],3f55c3f6-3076-40ee-848e-d9dc659f9efd
121754,"""484""","[""78"", ""266"", ""261""]","""25015""",[],d08b62aa-40e6-4f3b-b2c0-64620437c401
121754,"""484""","[""78"", ""266"", ""261""]","""25015""",[],514612bf-0b54-4f8f-a9c5-172f9d014f52
121754,"""484""","[""78"", ""266"", ""261""]","""25015""",[],2898757d-0df0-4f98-983c-e96e1b8554a0
121754,"""484""","[""78"", ""266"", ""261""]","""25015""",[],e36195b4-1d6d-4a15-9a91-f3273583bfc7
121754,"""484""","[""78"", ""266"", ""261""]","""25015""",[],764a12db-0fbd-40d3-b29f-52e3ef923433
121754,"""484""","[""78"", ""266"", ""261""]","""25015""",[],5f7f92f8-8913-4bc9-aa2b-c4f8298b180e
121754,"""484""","[""78"", ""266"", ""261""]","""25015""",[],3e3087e5-40a0-48c7-a30d-6504eca6bf5b
121754,"""484""","[""78"", ""266"", ""261""]","""25015""",[],d9c54042-2af0-4832-958e-0ae5c28b465d
121754,"""484""","[""78"", ""266"", ""261""]","""25015""",[],5424dce1-7256-4e40-809e-4e03336d3db6
121754,"""484""","[""78"", ""266"", ""261""]","""25015""",[],0e0ed171-451e-45b8-b1e0-0cca12589737
121754,"""484""","[""78"", ""266"", ""261""]","""25015""",[],e6c3f98b-16d6-4dd2-a0b0-bdf36ff12a3e
121754,"""484""","[""78"", ""266"", ""261""]","""25015""",[],5e86ae0b-25c3-47db-ac32-45ff15c92486
121754,"""484""","[""78"", ""266"", ""261""]","""25015""",[],83e6657f-8fd4-4a7e-877d-129f1d62bfc3
121754,"""484""","[""78"", ""266"", ""261""]","""25015""",[],a8d69a63-f7b9-4915-b172-6ca7a0d5db41
121754,"""484""","[""78"", ""266"", ""261""]","""25015""",[],dae3e3ab-7511-4632-a1c6-ed6f29b9321f
121754,"""484""","[""78"", ""266"", ""261""]","""25015""",[],514612bf-0b54-4f8f-a9c5-172f9d014f52
121754,"""484""","[""78"", ""266"", ""261""]","""25015""",[],95d57536-8355-4b0a-9a41-4fe40c81322c
121754,"""484""","[""78"", ""266"", ""261""]","""25015""",[],9b2d421e-c9e0-4427-aa01-d16094007cff
121754,"""484""","[""78"", ""266"", ""261""]","""25015""",[],927510f9-80d0-4faa-bdfe-b47b2eb386f4
121754,"""484""","[""78"", ""266"", ""261""]","""25015""",[],f3007e8b-4cd5-42ef-84e7-9c9aa149e0fd
121754,"""484""","[""78"", ""266"", ""261""]","""25015""",[],95d57536-8355-4b0a-9a41-4fe40c81322c
121754,"""484""","[""78"", ""266"", ""261""]","""25015""",[],9b2d421e-c9e0-4427-aa01-d16094007cff
121754,"""484""","[""78"", ""266"", ""261""]","""25015""",[],a8d69a63-f7b9-4915-b172-6ca7a0d5db41
121754,"""484""","[""78"", ""266"", ""261""]","""25015""",[],1eb0eaff-b477-4323-b68b-3d44a6b9a6d5
121754,"""484""","[""78"", ""266"", ""261""]","""25015""",[],dae3e3ab-7511-4632-a1c6-ed6f29b9321f
121754,"""484""","[""78"", ""266"", ""261""]","""25015""",[],91217cf8-3eb2-4295-8014-33d2fa96914a
121754,"""484""","[""78"", ""266"", ""261""]","""25015""",[],2898757d-0df0-4f98-983c-e96e1b8554a0
121754,"""484""","[""78"", ""266"", ""261""]","""25015""",[],20dd9cfa-f889-4dc8-81cd-54c608467907
121754,"""484""","[""78"", ""266"", ""261""]","""25015""",[],e6c3f98b-16d6-4dd2-a0b0-bdf36ff12a3e
121754,"""484""","[""78"", ""266"", ""261""]","""25015""",[],598e5fe2-8d60-41c0-8b9f-1ad436257ed0
121754,"""484""","[""78"", ""266"", ""261""]","""25015""",[],a059ee7c-cce1-4b1f-8fc0-c3f782b8a157
121754,"""484""","[""78"", ""266"", ""261""]","""25015""",[],65f40e18-8c49-4677-a6c3-970eff15ee8c
121754,"""484""","[""78"", ""266"", ""261""]","""25015""",[],68116f5c-f37f-43cd-8d2c-c1001f0b93ff
121754,"""484""","[""78"", ""266"", ""261""]","""25015""",[],652aea00-775b-49dc-9db2-cb06f2fad3bd
121754,"""484""","[""78"", ""266"", ""261""]","""25015""",[],69045c61-241a-4e74-b111-00f8a541287e
121754,"""484""","[""78"", ""266"", ""261""]","""25015""",[],e6c3f98b-16d6-4dd2-a0b0-bdf36ff12a3e
121754,"""484""","[""78"", ""266"", ""261""]","""25015""",[],9b2d421e-c9e0-4427-aa01-d16094007cff
121754,"""484""","[""78"", ""266"", ""261""]","""25015""",[],aeddd414-2077-4d30-a553-1490d49ad548
121754,"""484""","[""78"", ""266"", ""261""]","""25015""",[],3d62f7d5-b4e6-4a5e-9eec-7b944d137fdd
121754,"""484""","[""78"", ""266"", ""261""]","""25015""",[],5152bf7e-d43d-424b-9f85-dc401ef39e7b
121754,"""484""","[""78"", ""266"", ""261""]","""25015""",[],68116f5c-f37f-43cd-8d2c-c1001f0b93ff
121754,"""484""","[""78"", ""266"", ""261""]","""25015""",[],927510f9-80d0-4faa-bdfe-b47b2eb386f4
121754,"""484""","[""78"", ""266"", ""261""]","""25015""",[],9b2d421e-c9e0-4427-aa01-d16094007cff
121754,"""484""","[""78"", ""266"", ""261""]","""25015""",[],9d1516db-3f71-42a0-81bc-8af80fbbeffe
121754,"""484""","[""78"", ""266"", ""261""]","""25015""",[],a9c2ef7a-7c57-4519-9c90-c81603fd395c
121754,"""484""","[""78"", ""266"", ""261""]","""25015""",[],a8d69a63-f7b9-4915-b172-6ca7a0d5db41
121754,"""484""","[""78"", ""266"", ""261""]","""25015""",[],bedf465d-54e5-4045-9afe-6788050ea0f2
121754,"""484""","[""78"", ""266"", ""261""]","""25015""",[],4ca2746e-db71-460a-b5cd-4b781ec9351f
121754,"""484""","[""78"", ""266"", ""261""]","""25015""",[],c0ce69a0-b5d3-4d90-8048-3d538f51e2ef
121754,"""484""","[""78"", ""266"", ""261""]","""25015""",[],e4907c75-6379-4a52-8381-f165d66613d8
121754,"""484""","[""78"", ""266"", ""261""]","""25015""",[],60aad040-213a-4736-ae96-427a72e581cb
121754,"""484""","[""78"", ""266"", ""261""]","""25015""",[],faae4f9e-dae0-48d0-810e-99d31f9caa81
121754,"""484""","[""78"", ""266"", ""261""]","""25015""",[],156036a8-adc0-44a0-bba0-e50b4171ff8f
121754,"""484""","[""78"", ""266"", ""261""]","""25015""",[],2898757d-0df0-4f98-983c-e96e1b8554a0
121754,"""484""","[""78"", ""266"", ""261""]","""25015""",[],514612bf-0b54-4f8f-a9c5-172f9d014f52
121754,"""484""","[""78"", ""266"", ""261""]","""25015""",[],69045c61-241a-4e74-b111-00f8a541287e
121754,"""484""","[""78"", ""266"", ""261""]","""25015""",[],8d342a12-02da-4d87-995e-8b790f7259d7
121754,"""484""","[""78"", ""266"", ""261""]","""25015""",[],0134fb97-2886-4a30-9001-335f40910959
121754,"""484""","[""78"", ""266"", ""261""]","""25015""",[],156036a8-adc0-44a0-bba0-e50b4171ff8f
121754,"""484""","[""78"", ""266"", ""261""]","""25015""",[],764a12db-0fbd-40d3-b29f-52e3ef923433
121754,"""484""","[""78"", ""266"", ""261""]","""25015""",[],a5386922-09cd-43c0-90d4-23a7e4d8049d
121754,"""484""","[""78"", ""266"", ""261""]","""25015""",[],92e5e3e2-c6fc-491e-b795-355d772e0519
121754,"""484""","[""78"", ""266"", ""261""]","""25015""",[],927510f9-80d0-4faa-bdfe-b47b2eb386f4
121754,"""484""","[""78"", ""266"", ""261""]","""25015""",[],95d57536-8355-4b0a-9a41-4fe40c81322c
121754,"""484""","[""78"", ""266"", ""261""]","""25015""",[],4ef5bb3f-6460-4b00-a8af-38b676c98082
121754,"""484""","[""78"", ""266"", ""261""]","""25015""",[],514612bf-0b54-4f8f-a9c5-172f9d014f52
121754,"""484""","[""78"", ""266"", ""261""]","""25015""",[],9b2d421e-c9e0-4427-aa01-d16094007cff
121754,"""484""","[""78"", ""266"", ""261""]","""25015""",[],c85b63fa-7e50-4de6-8af9-19fe9f460f1d
121754,"""484""","[""78"", ""266"", ""261""]","""25015""",[],a44d49b0-c2fb-4d8c-a32e-4267897351c3
121754,"""484""","[""78"", ""266"", ""261""]","""25015""",[],a47bc774-ce6a-43ea-b80e-c71dd222963f
121754,"""484""","[""78"", ""266"", ""261""]","""25015""",[],a8d69a63-f7b9-4915-b172-6ca7a0d5db41
121754,"""484""","[""78"", ""266"", ""261""]","""25015""",[],f6533a99-83c9-41d3-b5bb-ca445e1d65bb
121754,"""484""","[""78"", ""266"", ""261""]","""25015""",[],c9abe5bd-9780-4444-b398-1f5c5ca4310a
121754,"""484""","[""78"", ""266"", ""261""]","""25015""",[],9b2d421e-c9e0-4427-aa01-d16094007cff
121754,"""484""","[""78"", ""266"", ""261""]","""25015""",[],d08b62aa-40e6-4f3b-b2c0-64620437c401
121754,"""484""","[""78"", ""266"", ""261""]","""25015""",[],a44d49b0-c2fb-4d8c-a32e-4267897351c3
121754,"""484""","[""78"", ""266"", ""261""]","""25015""",[],7de95415-9cb7-4725-a9a3-38d94ab68f86
121754,"""484""","[""78"", ""266"", ""261""]","""25015""",[],dae3e3ab-7511-4632-a1c6-ed6f29b9321f
121754,"""484""","[""78"", ""266"", ""261""]","""25015""",[],de22c33a-acb3-4fae-af75-7b35d3e58977
121754,"""484""","[""78"", ""266"", ""261""]","""25015""",[],d08b62aa-40e6-4f3b-b2c0-64620437c401
121754,"""484""","[""78"", ""266"", ""261""]","""25015""",[],5e86ae0b-25c3-47db-ac32-45ff15c92486
121754,"""484""","[""78"", ""266"", ""261""]","""25015""",[],0849f896-b4b9-42db-ba3d-471f13e00a11
121754,"""484""","[""78"", ""266"", ""261""]","""25015""",[],eca5e93f-c7d2-4596-95ef-e397762f2547
121754,"""484""","[""78"", ""266"", ""261""]","""25015""",[],25c3fc1a-da40-46f2-aebc-c1568f4422ca
121754,"""484""","[""78"", ""266"", ""261""]","""25015""",[],2a78ee47-0bd7-4abe-8081-aa42c1c46ca9
121754,"""484""","[""78"", ""266"", ""261""]","""25015""",[],0aabfb38-4c46-4cd9-8376-5fb2121e899c
121754,"""484""","[""78"", ""266"", ""261""]","""25015""",[],69045c61-241a-4e74-b111-00f8a541287e
121754,"""484""","[""78"", ""266"", ""261""]","""25015""",[],da00c539-5875-4aa4-9b82-07c17e861d9f
121754,"""484""","[""78"", ""266"", ""261""]","""25015""",[],9ce9145f-7276-4376-830c-ca0fb3905f01
121754,"""484""","[""78"", ""266"", ""261""]","""25015""",[],d69aff2f-7303-489b-85d8-a146078c6893
121754,"""484""","[""78"", ""266"", ""261""]","""25015""",[],927510f9-80d0-4faa-bdfe-b47b2eb386f4
121754,"""484""","[""78"", ""266"", ""261""]","""25015""",[],7e039c26-8200-49ff-aefb-11292c2b5df5
121754,"""484""","[""78"", ""266"", ""261""]","""25015""",[],9b2d421e-c9e0-4427-aa01-d16094007cff
121754,"""484""","[""78"", ""266"", ""261""]","""25015""",[],2898757d-0df0-4f98-983c-e96e1b8554a0
121754,"""484""","[""78"", ""266"", ""261""]","""25015""",[],146d55d1-b849-419e-a417-0382f4b8f9f6
121754,"""484""","[""78"", ""266"", ""261""]","""25015""",[],b056b2ba-c2ae-461d-b2e8-1de8dab1642a
121754,"""484""","[""78"", ""266"", ""261""]","""25015""",[],bfd5a436-efda-40e1-b405-bfc971c49099
121754,"""484""","[""78"", ""266"", ""261""]","""25015""",[],764a12db-0fbd-40d3-b29f-52e3ef923433
121754,"""484""","[""78"", ""266"", ""261""]","""25015""",[],d08b62aa-40e6-4f3b-b2c0-64620437c401
121754,"""484""","[""78"", ""266"", ""261""]","""25015""",[],cc070232-4fad-4898-a679-9e0d7af66966
121754,"""484""","[""78"", ""266"", ""261""]","""25015""",[],e9dc4ee3-d791-4772-88a1-1f373e7d20c9
121754,"""484""","[""78"", ""266"", ""261""]","""25015""",[],146d55d1-b849-419e-a417-0382f4b8f9f6
121754,"""484""","[""78"", ""266"", ""261""]","""25015""",[],14b52d03-d6bf-430f-b4d0-26bca1446f1a
121754,"""484""","[""78"", ""266"", ""261""]","""25015""",[],2898757d-0df0-4f98-983c-e96e1b8554a0
121754,"""484""","[""78"", ""266"", ""261""]","""25015""",[],843a6901-ebdc-4d47-8722-8cc9365eb51a
121754,"""484""","[""78"", ""266"", ""261""]","""25015""",[],9b2d421e-c9e0-4427-aa01-d16094007cff
121754,"""484""","[""78"", ""266"", ""261""]","""25015""",[],a8d69a63-f7b9-4915-b172-6ca7a0d5db41
121754,"""484""","[""78"", ""266"", ""261""]","""25015""",[],cfdf836d-eceb-4f73-a4e5-fbf80a7cd89e
121754,"""484""","[""78"", ""266"", ""261""]","""25015""",[],dae3e3ab-7511-4632-a1c6-ed6f29b9321f
121754,"""484""","[""78"", ""266"", ""261""]","""25015""",[],9ce678d0-9143-4c69-92fe-1d55622ce17f
121754,"""484""","[""78"", ""266"", ""261""]","""25015""",[],5952614e-6312-4866-905e-e0ff2ce20916
121754,"""484""","[""78"", ""266"", ""261""]","""25015""",[],c8d68d41-4830-4468-aa47-3b3c256d4bcb
121754,"""484""","[""78"", ""266"", ""261""]","""25015""",[],1226ec54-7fbe-47cd-9b0a-d818894d5775
121754,"""484""","[""78"", ""266"", ""261""]","""25015""",[],b7bcf7ed-daf6-4ef7-875b-c435fa88bb1f
121754,"""484""","[""78"", ""266"", ""261""]","""25015""",[],f6533a99-83c9-41d3-b5bb-ca445e1d65bb
121754,"""484""","[""78"", ""266"", ""261""]","""25015""",[],6a986890-bfaf-47f3-8e98-d3d707bc07e5
121754,"""484""","[""78"", ""266"", ""261""]","""25015""",[],50dde76f-f0b5-4923-8290-16d38e4ade86
121754,"""484""","[""78"", ""266"", ""261""]","""25015""",[],d6376564-2219-4858-8f25-33f785032c0c
121754,"""484""","[""78"", ""266"", ""261""]","""25015""",[],b9a0f2f2-9a1d-4123-8b9a-1426d17176db
121754,"""484""","[""78"", ""266"", ""261""]","""25015""",[],cf03e2c7-9e10-4bcd-a901-0b5c2907d4c1
121754,"""484""","[""78"", ""266"", ""261""]","""25015""",[],95d57536-8355-4b0a-9a41-4fe40c81322c
121754,"""484""","[""78"", ""266"", ""261""]","""25015""",[],9b2d421e-c9e0-4427-aa01-d16094007cff
121754,"""484""","[""78"", ""266"", ""261""]","""25015""",[],3f3ab966-c40d-4eb8-9bf6-4b16c26c2091
121754,"""484""","[""78"", ""266"", ""261""]","""25015""",[],7d70e7e3-fc8f-41f4-9b9d-3efc1fcd767c
121754,"""484""","[""78"", ""266"", ""261""]","""25015""",[],95d57536-8355-4b0a-9a41-4fe40c81322c
121754,"""484""","[""78"", ""266"", ""261""]","""25015""",[],d08b62aa-40e6-4f3b-b2c0-64620437c401
121754,"""484""","[""78"", ""266"", ""261""]","""25015""",[],8696d944-42a8-4e0e-af9d-1279cfff23bb
121754,"""484""","[""78"", ""266"", ""261""]","""25015""",[],69045c61-241a-4e74-b111-00f8a541287e
121754,"""484""","[""78"", ""266"", ""261""]","""25015""",[],d08b62aa-40e6-4f3b-b2c0-64620437c401
121754,"""484""","[""78"", ""266"", ""261""]","""25015""",[],69045c61-241a-4e74-b111-00f8a541287e
121754,"""484""","[""78"", ""266"", ""261""]","""25015""",[],d56aceb4-efaf-46c3-a93e-026651b71d23
121754,"""484""","[""78"", ""266"", ""261""]","""25015""",[],c2c2acea-a56d-4723-ad2b-599413682f01
121754,"""484""","[""78"", ""266"", ""261""]","""25015""",[],a44d49b0-c2fb-4d8c-a32e-4267897351c3
121754,"""484""","[""78"", ""266"", ""261""]","""25015""",[],156036a8-adc0-44a0-bba0-e50b4171ff8f
121754,"""484""","[""78"", ""266"", ""261""]","""25015""",[],927510f9-80d0-4faa-bdfe-b47b2eb386f4
121754,"""484""","[""78"", ""266"", ""261""]","""25015""",[],304d0ad8-cdbd-4c18-9d34-07a4422d655d
121754,"""484""","[""78"", ""266"", ""261""]","""25015""",[],e7307a3f-10b0-48e7-bb80-c974f3220edb
121754,"""484""","[""78"", ""266"", ""261""]","""25015""",[],0e1d16ca-48d2-4778-8199-2caa7cd3d315
121754,"""484""","[""78"", ""266"", ""261""]","""25015""",[],a8d69a63-f7b9-4915-b172-6ca7a0d5db41
121754,"""484""","[""78"", ""266"", ""261""]","""25015""",[],156036a8-adc0-44a0-bba0-e50b4171ff8f
121754,"""484""","[""78"", ""266"", ""261""]","""25015""",[],5e86ae0b-25c3-47db-ac32-45ff15c92486
121754,"""484""","[""78"", ""266"", ""261""]","""25015""",[],0e4fb589-446c-4ff6-8133-374ec930dd53
121754,"""484""","[""78"", ""266"", ""261""]","""25015""",[],8f51ee10-07a5-4205-b210-1e2e8b205384
121754,"""484""","[""78"", ""266"", ""261""]","""25015""",[],e6c3f98b-16d6-4dd2-a0b0-bdf36ff12a3e
121754,"""484""","[""78"", ""266"", ""261""]","""25015""",[],2898757d-0df0-4f98-983c-e96e1b8554a0
121754,"""484""","[""78"", ""266"", ""261""]","""25015""",[],dae3e3ab-7511-4632-a1c6-ed6f29b9321f
121754,"""484""","[""78"", ""266"", ""261""]","""25015""",[],e6c3f98b-16d6-4dd2-a0b0-bdf36ff12a3e
121754,"""484""","[""78"", ""266"", ""261""]","""25015""",[],a44d49b0-c2fb-4d8c-a32e-4267897351c3
121754,"""484""","[""78"", ""266"", ""261""]","""25015""",[],156036a8-adc0-44a0-bba0-e50b4171ff8f
121754,"""484""","[""78"", ""266"", ""261""]","""25015""",[],156036a8-adc0-44a0-bba0-e50b4171ff8f
121754,"""484""","[""78"", ""266"", ""261""]","""25015""",[],25b752b5-d09a-4e14-ae7e-8c0922477d97
121754,"""484""","[""78"", ""266"", ""261""]","""25015""",[],4c391cf3-463c-48f6-9709-2587ad7b31ec
121754,"""484""","[""78"", ""266"", ""261""]","""25015""",[],a44d49b0-c2fb-4d8c-a32e-4267897351c3
121754,"""484""","[""78"", ""266"", ""261""]","""25015""",[],33af1af3-91bb-46ec-8e87-0e2729ec2798
121754,"""484""","[""78"", ""266"", ""261""]","""25015""",[],68116f5c-f37f-43cd-8d2c-c1001f0b93ff
121754,"""484""","[""78"", ""266"", ""261""]","""25015""",[],c63bf023-6da2-4487-ab0e-b1808f4d9dfa
121754,"""484""","[""78"", ""266"", ""261""]","""25015""",[],2dbab28b-4e51-4519-a273-20e315d8faef
121754,"""484""","[""78"", ""266"", ""261""]","""25015""",[],d08b62aa-40e6-4f3b-b2c0-64620437c401
121754,"""484""","[""78"", ""266"", ""261""]","""25015""",[],f6533a99-83c9-41d3-b5bb-ca445e1d65bb
121754,"""484""","[""78"", ""266"", ""261""]","""25015""",[],c8a65f52-dbd5-44c7-b77f-9353572a5b34
121754,"""484""","[""78"", ""266"", ""261""]","""25015""",[],f4a2c00e-1aae-410b-adad-27ffd3c70152
121754,"""484""","[""78"", ""266"", ""261""]","""25015""",[],a38fc997-ff00-44a3-9338-84e4fc6f9da0
121754,"""484""","[""78"", ""266"", ""261""]","""25015""",[],927510f9-80d0-4faa-bdfe-b47b2eb386f4
121754,"""484""","[""78"", ""266"", ""261""]","""25015""",[],6009aa36-f2e1-4a2b-b906-e3d9175698ab
121754,"""484""","[""78"", ""266"", ""261""]","""25015""",[],54c5c354-612b-497d-a3a3-53e2a571102c
121754,"""484""","[""78"", ""266"", ""261""]","""25015""",[],89432db5-8656-4cbb-a235-b761e006de3e
121754,"""484""","[""78"", ""266"", ""261""]","""25015""",[],927510f9-80d0-4faa-bdfe-b47b2eb386f4
121754,"""484""","[""78"", ""266"", ""261""]","""25015""",[],a5a833f6-0070-4bfe-bde7-9d5d4b55e6af
121754,"""484""","[""78"", ""266"", ""261""]","""25015""",[],2898757d-0df0-4f98-983c-e96e1b8554a0
121754,"""484""","[""78"", ""266"", ""261""]","""25015""",[],2920d923-e84b-4afd-befc-b7d374852b40
121754,"""484""","[""78"", ""266"", ""261""]","""25015""",[],9fa96277-745b-4e5c-8676-3a586fec9299
121754,"""484""","[""78"", ""266"", ""261""]","""25015""",[],166f0849-eed6-4f29-b3ae-7c0a521acdb9
121754,"""484""","[""78"", ""266"", ""261""]","""25015""",[],c77a70d7-270a-4f0c-b59c-edb3f66afe51
121754,"""484""","[""78"", ""266"", ""261""]","""25015""",[],14e49653-1c4f-42f3-ba71-1589f918061a
121754,"""484""","[""78"", ""266"", ""261""]","""25015""",[],876a2dbc-5e09-4336-ba0f-708a44788433
121754,"""484""","[""78"", ""266"", ""261""]","""25015""",[],64d40125-0f4d-49f8-94a3-0461362a71cf
121754,"""484""","[""78"", ""266"", ""261""]","""25015""",[],43c923cb-97be-4385-b030-cf4ac75c694d
121754,"""484""","[""78"", ""266"", ""261""]","""25015""",[],75441ee4-8e60-4c75-b335-ca261dda7100
121754,"""484""","[""78"", ""266"", ""261""]","""25015""",[],927510f9-80d0-4faa-bdfe-b47b2eb386f4
121754,"""484""","[""78"", ""266"", ""261""]","""25015""",[],a8d69a63-f7b9-4915-b172-6ca7a0d5db41
121754,"""484""","[""78"", ""266"", ""261""]","""25015""",[],a913506c-4529-401c-b1d7-7e08627792ee
121754,"""484""","[""78"", ""266"", ""261""]","""25015""",[],5e86ae0b-25c3-47db-ac32-45ff15c92486
121754,"""484""","[""78"", ""266"", ""261""]","""25015""",[],e5acc472-7d71-44d7-b22a-f489fadb6db1
121754,"""484""","[""78"", ""266"", ""261""]","""25015""",[],e89d356f-531e-4af0-9766-3e6b01882128
121754,"""484""","[""78"", ""266"", ""261""]","""25015""",[],973d4676-3ccf-4bf4-ae88-50e3ae30ae65
121754,"""484""","[""78"", ""266"", ""261""]","""25015""",[],514612bf-0b54-4f8f-a9c5-172f9d014f52
121754,"""484""","[""78"", ""266"", ""261""]","""25015""",[],876a2dbc-5e09-4336-ba0f-708a44788433
121754,"""484""","[""78"", ""266"", ""261""]","""25015""",[],598e7da9-8a1d-4bea-bc8a-7c77321eada8
121754,"""484""","[""78"", ""266"", ""261""]","""25015""",[],76782098-808d-499d-b6cf-42d52fc8d48e
121754,"""484""","[""78"", ""266"", ""261""]","""25015""",[],d7d4061b-e3d4-4ae4-b231-0892bcdbc214
121754,"""484""","[""78"", ""266"", ""261""]","""25015""",[],8285c05c-e3cd-4826-8212-49de13043ef6
121754,"""484""","[""78"", ""266"", ""261""]","""25015""",[],4a03033f-6f0a-44dc-8f83-4a16fd984259
121754,"""484""","[""78"", ""266"", ""261""]","""25015""",[],514612bf-0b54-4f8f-a9c5-172f9d014f52
121754,"""484""","[""78"", ""266"", ""261""]","""25015""",[],5e86ae0b-25c3-47db-ac32-45ff15c92486
121754,"""484""","[""78"", ""266"", ""261""]","""25015""",[],688f69ee-1283-4358-b475-5383cb37f0b8
121754,"""484""","[""78"", ""266"", ""261""]","""25015""",[],5eed4eaa-bd3f-41a8-b888-bacaad72261b
121754,"""484""","[""78"", ""266"", ""261""]","""25015""",[],3053fb42-0bfe-42b9-a600-30d178c52abb
121754,"""484""","[""78"", ""266"", ""261""]","""25015""",[],764a12db-0fbd-40d3-b29f-52e3ef923433
121754,"""484""","[""78"", ""266"", ""261""]","""25015""",[],514612bf-0b54-4f8f-a9c5-172f9d014f52
121754,"""484""","[""78"", ""266"", ""261""]","""25015""",[],53bbe84a-1029-4bdd-9ad2-95a47ad9b846
121754,"""484""","[""78"", ""266"", ""261""]","""25015""",[],9b2d421e-c9e0-4427-aa01-d16094007cff
121754,"""484""","[""78"", ""266"", ""261""]","""25015""",[],d08b62aa-40e6-4f3b-b2c0-64620437c401
121754,"""484""","[""78"", ""266"", ""261""]","""25015""",[],64dd684f-6671-4682-acac-290d289f6594
121754,"""484""","[""78"", ""266"", ""261""]","""25015""",[],2898757d-0df0-4f98-983c-e96e1b8554a0
121754,"""484""","[""78"", ""266"", ""261""]","""25015""",[],764a12db-0fbd-40d3-b29f-52e3ef923433
121754,"""484""","[""78"", ""266"", ""261""]","""25015""",[],927510f9-80d0-4faa-bdfe-b47b2eb386f4
121754,"""484""","[""78"", ""266"", ""261""]","""25015""",[],9957c5da-e089-4ed4-a00d-98a790cf7733
121754,"""484""","[""78"", ""266"", ""261""]","""25015""",[],f41947f3-5446-4fba-b286-bbeac03224d3
121754,"""484""","[""78"", ""266"", ""261""]","""25015""",[],9b2d421e-c9e0-4427-aa01-d16094007cff
121754,"""484""","[""78"", ""266"", ""261""]","""25015""",[],a44d49b0-c2fb-4d8c-a32e-4267897351c3
121754,"""484""","[""78"", ""266"", ""261""]","""25015""",[],5e86ae0b-25c3-47db-ac32-45ff15c92486
121754,"""484""","[""78"", ""266"", ""261""]","""25015""",[],cb5311d6-76f9-45d5-82b2-9befeed00def
121754,"""484""","[""78"", ""266"", ""261""]","""25015""",[],dae3e3ab-7511-4632-a1c6-ed6f29b9321f
121754,"""484""","[""78"", ""266"", ""261""]","""25015""",[],e6c3f98b-16d6-4dd2-a0b0-bdf36ff12a3e
121754,"""484""","[""78"", ""266"", ""261""]","""25015""",[],c5d1c494-09f7-42ed-b613-feb62b827b4c
121754,"""484""","[""78"", ""266"", ""261""]","""25015""",[],f6533a99-83c9-41d3-b5bb-ca445e1d65bb
121754,"""484""","[""78"", ""266"", ""261""]","""25015""",[],927510f9-80d0-4faa-bdfe-b47b2eb386f4
121754,"""484""","[""78"", ""266"", ""261""]","""25015""",[],156036a8-adc0-44a0-bba0-e50b4171ff8f
121754,"""484""","[""78"", ""266"", ""261""]","""25015""",[],a35fec21-07a7-4e50-8f9d-1f7c00c190e8
121754,"""484""","[""78"", ""266"", ""261""]","""25015""",[],95d57536-8355-4b0a-9a41-4fe40c81322c
121754,"""484""","[""78"", ""266"", ""261""]","""25015""",[],dae3e3ab-7511-4632-a1c6-ed6f29b9321f
121754,"""484""","[""78"", ""266"", ""261""]","""25015""",[],76a35bb9-d42d-49c0-b118-3d92b973338f
121754,"""484""","[""78"", ""266"", ""261""]","""25015""",[],a4e22e7c-0675-410d-870c-83298e818269
121754,"""484""","[""78"", ""266"", ""261""]","""25015""",[],2898757d-0df0-4f98-983c-e96e1b8554a0
121754,"""484""","[""78"", ""266"", ""261""]","""25015""",[],a44d49b0-c2fb-4d8c-a32e-4267897351c3
121754,"""484""","[""78"", ""266"", ""261""]","""25015""",[],dae3e3ab-7511-4632-a1c6-ed6f29b9321f
121754,"""484""","[""78"", ""266"", ""261""]","""25015""",[],95d57536-8355-4b0a-9a41-4fe40c81322c
121754,"""484""","[""78"", ""266"", ""261""]","""25015""",[],81dacf3d-85a2-492f-8303-767f0cb4a24f
121754,"""484""","[""78"", ""266"", ""261""]","""25015""",[],dae3e3ab-7511-4632-a1c6-ed6f29b9321f
121754,"""484""","[""78"", ""266"", ""261""]","""25015""",[],706803f0-e8f0-41fe-98bc-830f858789a9
121754,"""484""","[""78"", ""266"", ""261""]","""25015""",[],927510f9-80d0-4faa-bdfe-b47b2eb386f4
121754,"""484""","[""78"", ""266"", ""261""]","""25015""",[],3f64de72-fce9-4a11-89b1-e278072cc152
121754,"""484""","[""78"", ""266"", ""261""]","""25015""",[],d4c615a6-2f45-4c41-b4a1-ee0b8a29d259
121754,"""484""","[""78"", ""266"", ""261""]","""25015""",[],5b46a598-09a3-4ba1-a02c-0cbe3d0844ce
121754,"""484""","[""78"", ""266"", ""261""]","""25015""",[],51f4df8f-2518-4958-a570-e80a0c44f4c1
121754,"""484""","[""78"", ""266"", ""261""]","""25015""",[],d08b62aa-40e6-4f3b-b2c0-64620437c401
121754,"""484""","[""78"", ""266"", ""261""]","""25015""",[],a8d69a63-f7b9-4915-b172-6ca7a0d5db41
121754,"""484""","[""78"", ""266"", ""261""]","""25015""",[],927510f9-80d0-4faa-bdfe-b47b2eb386f4
121754,"""484""","[""78"", ""266"", ""261""]","""25015""",[],95d57536-8355-4b0a-9a41-4fe40c81322c
121754,"""484""","[""78"", ""266"", ""261""]","""25015""",[],a8d69a63-f7b9-4915-b172-6ca7a0d5db41
121754,"""484""","[""78"", ""266"", ""261""]","""25015""",[],e0abf8e7-3483-48e4-96f1-097f3ab0e85e
121754,"""484""","[""78"", ""266"", ""261""]","""25015""",[],e62a2c64-b1f0-488d-90bf-75a9782779b5
121754,"""484""","[""78"", ""266"", ""261""]","""25015""",[],bf81e380-9807-4564-8494-114986ddab85
121754,"""484""","[""78"", ""266"", ""261""]","""25015""",[],d08b62aa-40e6-4f3b-b2c0-64620437c401
121754,"""484""","[""78"", ""266"", ""261""]","""25015""",[],dc642881-f6bf-44ba-bfc2-37c9c018b220
121754,"""484""","[""78"", ""266"", ""261""]","""25015""",[],876a2dbc-5e09-4336-ba0f-708a44788433
121754,"""484""","[""78"", ""266"", ""261""]","""25015""",[],c150528e-85b6-47b4-a1f4-8f7a04f42ad4
121754,"""484""","[""78"", ""266"", ""261""]","""25015""",[],927510f9-80d0-4faa-bdfe-b47b2eb386f4
121754,"""484""","[""78"", ""266"", ""261""]","""25015""",[],dae3e3ab-7511-4632-a1c6-ed6f29b9321f
121754,"""484""","[""78"", ""266"", ""261""]","""25015""",[],ba0253ba-cdd5-45a0-82ca-105d91396304
121754,"""484""","[""78"", ""266"", ""261""]","""25015""",[],d08b62aa-40e6-4f3b-b2c0-64620437c401
121754,"""484""","[""78"", ""266"", ""261""]","""25015""",[],156036a8-adc0-44a0-bba0-e50b4171ff8f
121754,"""484""","[""78"", ""266"", ""261""]","""25015""",[],a8d69a63-f7b9-4915-b172-6ca7a0d5db41
121754,"""484""","[""78"", ""266"", ""261""]","""25015""",[],f1ecc89c-54ce-4e30-bf85-817778d019a0
121754,"""484""","[""78"", ""266"", ""261""]","""25015""",[],8433a4fe-c477-49e7-b093-55b784197f4a
121754,"""484""","[""78"", ""266"", ""261""]","""25015""",[],1c23b609-31f0-48d2-8cba-a1c3e86eb264
121754,"""484""","[""78"", ""266"", ""261""]","""25015""",[],95d57536-8355-4b0a-9a41-4fe40c81322c
121754,"""484""","[""78"", ""266"", ""261""]","""25015""",[],8bde3285-e453-4a6b-8a5a-b160e41de8e0
121754,"""484""","[""78"", ""266"", ""261""]","""25015""",[],156036a8-adc0-44a0-bba0-e50b4171ff8f
121754,"""484""","[""78"", ""266"", ""261""]","""25015""",[],a8d69a63-f7b9-4915-b172-6ca7a0d5db41
121754,"""484""","[""78"", ""266"", ""261""]","""25015""",[],a8d69a63-f7b9-4915-b172-6ca7a0d5db41
121754,"""484""","[""78"", ""266"", ""261""]","""25015""",[],8c0b97a5-b85d-478c-8b5b-dddb0b74b295
121754,"""484""","[""78"", ""266"", ""261""]","""25015""",[],764a12db-0fbd-40d3-b29f-52e3ef923433
121754,"""484""","[""78"", ""266"", ""261""]","""25015""",[],5510ea70-879a-4ffb-8754-51bf2f126c93
121754,"""484""","[""78"", ""266"", ""261""]","""25015""",[],278d3889-23e4-4806-abbc-623e54dcf718
121754,"""484""","[""78"", ""266"", ""261""]","""25015""",[],f0fd7f4f-73d0-4159-bd73-c7d5e39f5ec7
121754,"""484""","[""78"", ""266"", ""261""]","""25015""",[],8d820f35-75bb-40f7-8f9c-570aeefe4750
121754,"""484""","[""78"", ""266"", ""261""]","""25015""",[],2898757d-0df0-4f98-983c-e96e1b8554a0
121754,"""484""","[""78"", ""266"", ""261""]","""25015""",[],0e52f6fe-97a7-4ca6-8451-cf3e78e55ef8
121754,"""484""","[""78"", ""266"", ""261""]","""25015""",[],345e6e9f-675f-4310-9557-04e2b9db7638
121754,"""484""","[""78"", ""266"", ""261""]","""25015""",[],333c1bad-b490-4b20-bf28-0fdc7b485a8c
121754,"""484""","[""78"", ""266"", ""261""]","""25015""",[],95d57536-8355-4b0a-9a41-4fe40c81322c
121754,"""484""","[""78"", ""266"", ""261""]","""25015""",[],8ce3f4c4-5dff-482c-9fe3-84687408a6e2
121754,"""484""","[""78"", ""266"", ""261""]","""25015""",[],927510f9-80d0-4faa-bdfe-b47b2eb386f4
121754,"""484""","[""78"", ""266"", ""261""]","""25015""",[],a8d69a63-f7b9-4915-b172-6ca7a0d5db41
121754,"""484""","[""78"", ""266"", ""261""]","""25015""",[],b310bcb8-9d56-4a5f-a50c-884e28ea7268
121754,"""484""","[""78"", ""266"", ""261""]","""25015""",[],764a12db-0fbd-40d3-b29f-52e3ef923433
121754,"""484""","[""78"", ""266"", ""261""]","""25015""",[],764a12db-0fbd-40d3-b29f-52e3ef923433
121754,"""484""","[""78"", ""266"", ""261""]","""25015""",[],06b316fa-4c9a-41f1-8f53-29a1d61939de
121754,"""484""","[""78"", ""266"", ""261""]","""25015""",[],927510f9-80d0-4faa-bdfe-b47b2eb386f4
121754,"""484""","[""78"", ""266"", ""261""]","""25015""",[],5e86ae0b-25c3-47db-ac32-45ff15c92486
121754,"""484""","[""78"", ""266"", ""261""]","""25015""",[],95d57536-8355-4b0a-9a41-4fe40c81322c
121754,"""484""","[""78"", ""266"", ""261""]","""25015""",[],affc0cdd-9c8a-4e03-877d-769bd473ef2e
121754,"""484""","[""78"", ""266"", ""261""]","""25015""",[],2898757d-0df0-4f98-983c-e96e1b8554a0
121754,"""484""","[""78"", ""266"", ""261""]","""25015""",[],f6533a99-83c9-41d3-b5bb-ca445e1d65bb
121754,"""484""","[""78"", ""266"", ""261""]","""25015""",[],95d57536-8355-4b0a-9a41-4fe40c81322c
121754,"""484""","[""78"", ""266"", ""261""]","""25015""",[],9b2d421e-c9e0-4427-aa01-d16094007cff
121754,"""484""","[""78"", ""266"", ""261""]","""25015""",[],e840ef6a-aae4-4d3b-8c0b-e3a4194d52dd
121754,"""484""","[""78"", ""266"", ""261""]","""25015""",[],927510f9-80d0-4faa-bdfe-b47b2eb386f4
121754,"""484""","[""78"", ""266"", ""261""]","""25015""",[],78d63b26-e3d0-4b6d-a93c-dc0f54a105db
121754,"""484""","[""78"", ""266"", ""261""]","""25015""",[],af949b15-7a22-40bd-a995-6112d53b8a9a
121754,"""484""","[""78"", ""266"", ""261""]","""25015""",[],146d55d1-b849-419e-a417-0382f4b8f9f6
121754,"""484""","[""78"", ""266"", ""261""]","""25015""",[],dae3e3ab-7511-4632-a1c6-ed6f29b9321f
121754,"""484""","[""78"", ""266"", ""261""]","""25015""",[],e5a2ca68-f699-47d0-8589-427003e32111
121754,"""484""","[""78"", ""266"", ""261""]","""25015""",[],514612bf-0b54-4f8f-a9c5-172f9d014f52
121754,"""484""","[""78"", ""266"", ""261""]","""25015""",[],ea47f73d-6d90-46b3-af3b-91ffb913c7a4
121754,"""484""","[""78"", ""266"", ""261""]","""25015""",[],95d57536-8355-4b0a-9a41-4fe40c81322c
121754,"""484""","[""78"", ""266"", ""261""]","""25015""",[],156036a8-adc0-44a0-bba0-e50b4171ff8f
121754,"""484""","[""78"", ""266"", ""261""]","""25015""",[],f78a5bec-a4fd-49a9-ac66-891959eab61f
121754,"""484""","[""78"", ""266"", ""261""]","""25015""",[],760d8976-76e5-4563-bef0-b1c00f4604ee
121754,"""484""","[""78"", ""266"", ""261""]","""25015""",[],68116f5c-f37f-43cd-8d2c-c1001f0b93ff
121754,"""484""","[""78"", ""266"", ""261""]","""25015""",[],156036a8-adc0-44a0-bba0-e50b4171ff8f
121754,"""484""","[""78"", ""266"", ""261""]","""25015""",[],e9c2be36-18c8-43d9-8f59-3898509f3fb0
121754,"""484""","[""78"", ""266"", ""261""]","""25015""",[],a8d69a63-f7b9-4915-b172-6ca7a0d5db41
121754,"""484""","[""78"", ""266"", ""261""]","""25015""",[],764a12db-0fbd-40d3-b29f-52e3ef923433
121754,"""484""","[""78"", ""266"", ""261""]","""25015""",[],927510f9-80d0-4faa-bdfe-b47b2eb386f4
121754,"""484""","[""78"", ""266"", ""261""]","""25015""",[],146d55d1-b849-419e-a417-0382f4b8f9f6
121754,"""484""","[""78"", ""266"", ""261""]","""25015""",[],c8172c3a-1f7b-422e-931e-4b00e3913079
121754,"""484""","[""78"", ""266"", ""261""]","""25015""",[],4b42a330-f8bc-479f-9dab-67d94c46e554
121754,"""484""","[""78"", ""266"", ""261""]","""25015""",[],d08b62aa-40e6-4f3b-b2c0-64620437c401
121754,"""484""","[""78"", ""266"", ""261""]","""25015""",[],24b1d3c6-98ee-4072-8c03-231698076dc5
121754,"""484""","[""78"", ""266"", ""261""]","""25015""",[],68116f5c-f37f-43cd-8d2c-c1001f0b93ff
121754,"""484""","[""78"", ""266"", ""261""]","""25015""",[],af526bed-af3a-40cb-92d5-9cd19540c7a3
121754,"""484""","[""78"", ""266"", ""261""]","""25015""",[],e1074974-6c91-4f05-be2a-68e5af0f658f
121754,"""484""","[""78"", ""266"", ""261""]","""25015""",[],156036a8-adc0-44a0-bba0-e50b4171ff8f
121754,"""484""","[""78"", ""266"", ""261""]","""25015""",[],65851b58-6cc8-48e2-9d0d-0141b76b11a1
121754,"""484""","[""78"", ""266"", ""261""]","""25015""",[],876a2dbc-5e09-4336-ba0f-708a44788433
121754,"""484""","[""78"", ""266"", ""261""]","""25015""",[],d882d781-6a0a-4fcf-8e42-437e369d6dfc
121754,"""484""","[""78"", ""266"", ""261""]","""25015""",[],a8d69a63-f7b9-4915-b172-6ca7a0d5db41
121754,"""484""","[""78"", ""266"", ""261""]","""25015""",[],d08b62aa-40e6-4f3b-b2c0-64620437c401
121754,"""484""","[""78"", ""266"", ""261""]","""25015""",[],27aacaae-b80b-4deb-8602-2020633fb4c9
121754,"""484""","[""78"", ""266"", ""261""]","""25015""",[],6eb6f00c-1bea-4bc6-bb00-c80dc67f36ae
121754,"""484""","[""78"", ""266"", ""261""]","""25015""",[],26757f32-f511-49d2-97c1-a9201564737f
121754,"""484""","[""78"", ""266"", ""261""]","""25015""",[],95d57536-8355-4b0a-9a41-4fe40c81322c
121754,"""484""","[""78"", ""266"", ""261""]","""25015""",[],95d57536-8355-4b0a-9a41-4fe40c81322c
121754,"""484""","[""78"", ""266"", ""261""]","""25015""",[],cc933a9c-79ce-4dcd-829b-341a2150c76f
121754,"""484""","[""78"", ""266"", ""261""]","""25015""",[],e6c3f98b-16d6-4dd2-a0b0-bdf36ff12a3e
121754,"""484""","[""78"", ""266"", ""261""]","""25015""",[],e6c3f98b-16d6-4dd2-a0b0-bdf36ff12a3e
121754,"""484""","[""78"", ""266"", ""261""]","""25015""",[],32bb7a81-cff0-4266-8737-be6b58fd9b73
121754,"""484""","[""78"", ""266"", ""261""]","""25015""",[],a22304ce-ee9d-42f6-995c-b4daac7609a5
121754,"""484""","[""78"", ""266"", ""261""]","""25015""",[],4c448cee-e573-44f0-89ea-0e2c2da5bfd4
121754,"""484""","[""78"", ""266"", ""261""]","""25015""",[],8d14e1fb-6432-4516-803d-a6857b552f30
121754,"""484""","[""78"", ""266"", ""261""]","""25015""",[],68effd6b-586f-4d55-9116-a265c498d81c
121754,"""484""","[""78"", ""266"", ""261""]","""25015""",[],9b2d421e-c9e0-4427-aa01-d16094007cff
121754,"""484""","[""78"", ""266"", ""261""]","""25015""",[],f6533a99-83c9-41d3-b5bb-ca445e1d65bb
121754,"""484""","[""78"", ""266"", ""261""]","""25015""",[],95d57536-8355-4b0a-9a41-4fe40c81322c
121754,"""484""","[""78"", ""266"", ""261""]","""25015""",[],e6c3f98b-16d6-4dd2-a0b0-bdf36ff12a3e
121754,"""484""","[""78"", ""266"", ""261""]","""25015""",[],a44d49b0-c2fb-4d8c-a32e-4267897351c3
121754,"""484""","[""78"", ""266"", ""261""]","""25015""",[],9bda8b3e-7914-4a33-857a-7fef9168bd35
121754,"""484""","[""78"", ""266"", ""261""]","""25015""",[],86cb47ca-a6b1-47af-85ae-d11c6531e5d7
121754,"""484""","[""78"", ""266"", ""261""]","""25015""",[],2f2b6620-2834-4864-a405-b5fef5581b1a
121754,"""484""","[""78"", ""266"", ""261""]","""25015""",[],69045c61-241a-4e74-b111-00f8a541287e
121754,"""484""","[""78"", ""266"", ""261""]","""25015""",[],5e86ae0b-25c3-47db-ac32-45ff15c92486
121754,"""484""","[""78"", ""266"", ""261""]","""25015""",[],9841b906-0b1e-4503-8944-6fe4555f3e78
121754,"""484""","[""78"", ""266"", ""261""]","""25015""",[],75a8f492-be75-4869-856c-57779cd3d28b
121754,"""484""","[""78"", ""266"", ""261""]","""25015""",[],8442c763-3b9e-4ee6-827d-4306a8a0bfca
121754,"""484""","[""78"", ""266"", ""261""]","""25015""",[],d08b62aa-40e6-4f3b-b2c0-64620437c401
121754,"""484""","[""78"", ""266"", ""261""]","""25015""",[],514612bf-0b54-4f8f-a9c5-172f9d014f52
121754,"""484""","[""78"", ""266"", ""261""]","""25015""",[],95d57536-8355-4b0a-9a41-4fe40c81322c
121754,"""484""","[""78"", ""266"", ""261""]","""25015""",[],442cf0d3-dd6b-44f5-a79b-f7cca387cb9f
121754,"""484""","[""78"", ""266"", ""261""]","""25015""",[],e6c3f98b-16d6-4dd2-a0b0-bdf36ff12a3e
121754,"""484""","[""78"", ""266"", ""261""]","""25015""",[],764a12db-0fbd-40d3-b29f-52e3ef923433
121754,"""484""","[""78"", ""266"", ""261""]","""25015""",[],16cb1ba5-374e-410f-a7e4-847dcd67b7d5
121754,"""484""","[""78"", ""266"", ""261""]","""25015""",[],95d57536-8355-4b0a-9a41-4fe40c81322c
121754,"""484""","[""78"", ""266"", ""261""]","""25015""",[],d08b62aa-40e6-4f3b-b2c0-64620437c401
121754,"""484""","[""78"", ""266"", ""261""]","""25015""",[],9b2d421e-c9e0-4427-aa01-d16094007cff
121754,"""484""","[""78"", ""266"", ""261""]","""25015""",[],95d57536-8355-4b0a-9a41-4fe40c81322c
121754,"""484""","[""78"", ""266"", ""261""]","""25015""",[],9aeb0fe2-7cdb-45b4-9eed-c4de9fba292f
121754,"""484""","[""78"", ""266"", ""261""]","""25015""",[],1a7ab8c5-2d54-4609-a37e-6ac2a3dc254f
121754,"""484""","[""78"", ""266"", ""261""]","""25015""",[],146d55d1-b849-419e-a417-0382f4b8f9f6
121754,"""484""","[""78"", ""266"", ""261""]","""25015""",[],5bb6a85c-3260-4ed5-a29a-983fd2b373e8
121754,"""484""","[""78"", ""266"", ""261""]","""25015""",[],199c67d8-402e-46b8-b21b-bb559f19916e
121754,"""484""","[""78"", ""266"", ""261""]","""25015""",[],e22256ae-e085-4f88-bea9-e505af7ce35c
121754,"""484""","[""78"", ""266"", ""261""]","""25015""",[],18cbd64b-ff2d-4e03-a970-ba603a933363
121754,"""484""","[""78"", ""266"", ""261""]","""25015""",[],764a12db-0fbd-40d3-b29f-52e3ef923433
121754,"""484""","[""78"", ""266"", ""261""]","""25015""",[],f3774cca-2b78-4860-862f-180a1fb47d94
121754,"""484""","[""78"", ""266"", ""261""]","""25015""",[],302aeac0-c220-4c62-ae3f-c0381e9c5c25
121754,"""484""","[""78"", ""266"", ""261""]","""25015""",[],3616f896-f06c-4484-8d38-bdb33f680d2c
121754,"""484""","[""78"", ""266"", ""261""]","""25015""",[],0ca6519b-02b2-4cac-a6fa-d5e3e3e71117
121754,"""484""","[""78"", ""266"", ""261""]","""25015""",[],419518d1-8672-40cc-b28c-9518b934ca34
121754,"""484""","[""78"", ""266"", ""261""]","""25015""",[],a8d69a63-f7b9-4915-b172-6ca7a0d5db41
121754,"""484""","[""78"", ""266"", ""261""]","""25015""",[],156036a8-adc0-44a0-bba0-e50b4171ff8f
121754,"""484""","[""78"", ""266"", ""261""]","""25015""",[],2898757d-0df0-4f98-983c-e96e1b8554a0
121754,"""484""","[""78"", ""266"", ""261""]","""25015""",[],70083a7b-c84d-4cdb-93f6-23976c49c324
121754,"""484""","[""78"", ""266"", ""261""]","""25015""",[],876a2dbc-5e09-4336-ba0f-708a44788433
121754,"""484""","[""78"", ""266"", ""261""]","""25015""",[],c160f877-8e5f-4f93-a8f1-e94c9dbd070b
121754,"""484""","[""78"", ""266"", ""261""]","""25015""",[],0984a7c5-1b3f-4480-b215-9744e7c5557a
121754,"""484""","[""78"", ""266"", ""261""]","""25015""",[],8b168b76-094e-49c6-b448-9ddd6d751021
121754,"""484""","[""78"", ""266"", ""261""]","""25015""",[],2dc2c95c-3555-416a-ad83-a8ce9743e62f
121754,"""484""","[""78"", ""266"", ""261""]","""25015""",[],9f0010e3-840e-458a-bdad-36b3e47234c1
121754,"""484""","[""78"", ""266"", ""261""]","""25015""",[],5616c06a-eabf-41c5-9051-1a56fa502a8b
121754,"""484""","[""78"", ""266"", ""261""]","""25015""",[],5aeff0e6-f311-4bed-865a-9dc1817dbce2
121754,"""484""","[""78"", ""266"", ""261""]","""25015""",[],f1b88c1a-1730-47e2-b70d-5c26b0a7433b
121754,"""484""","[""78"", ""266"", ""261""]","""25015""",[],8c641a54-59ca-4f40-ba51-ca9299ce5fad
121754,"""484""","[""78"", ""266"", ""261""]","""25015""",[],2b383529-e38c-4b04-ae9d-cd291eebb512
121754,"""484""","[""78"", ""266"", ""261""]","""25015""",[],743ac5dd-9982-41d7-a3c1-dcf604148c93
121754,"""484""","[""78"", ""266"", ""261""]","""25015""",[],69045c61-241a-4e74-b111-00f8a541287e
121754,"""484""","[""78"", ""266"", ""261""]","""25015""",[],06956230-0097-4e50-919d-6059b3f44773
121754,"""484""","[""78"", ""266"", ""261""]","""25015""",[],39978385-eb21-41cf-aa77-aa04462a6f81
121754,"""484""","[""78"", ""266"", ""261""]","""25015""",[],876a2dbc-5e09-4336-ba0f-708a44788433
121754,"""484""","[""78"", ""266"", ""261""]","""25015""",[],95d57536-8355-4b0a-9a41-4fe40c81322c
121754,"""484""","[""78"", ""266"", ""261""]","""25015""",[],9b2d421e-c9e0-4427-aa01-d16094007cff
121754,"""484""","[""78"", ""266"", ""261""]","""25015""",[],e6c3f98b-16d6-4dd2-a0b0-bdf36ff12a3e
121754,"""484""","[""78"", ""266"", ""261""]","""25015""",[],b99a914a-1a99-45a1-92d1-008d28a1c602
121754,"""484""","[""78"", ""266"", ""261""]","""25015""",[],c104ad6c-dc5f-4553-a2c7-808f2e508f13
308281,"""1592""","[""331""]","""25053""","[""56"", ""4681"", ""39"", ""4662"", ""3343"", ""3160"", ""682"", ""5618"", ""2503"", ""6"", ""12685"", ""13840"", ""529"", ""6407"", ""12115"", ""53"", ""11832"", ""54""]",3ff7b03d-96c6-4364-b906-fcba0198b9f5
308281,"""1592""","[""331""]","""25053""","[""56"", ""4681"", ""39"", ""4662"", ""3343"", ""3160"", ""682"", ""5618"", ""2503"", ""6"", ""12685"", ""13840"", ""529"", ""6407"", ""12115"", ""53"", ""11832"", ""54""]",06fb0a26-b226-4215-b4c9-a923e5a7392b
308281,"""1592""","[""331""]","""25053""","[""56"", ""4681"", ""39"", ""4662"", ""3343"", ""3160"", ""682"", ""5618"", ""2503"", ""6"", ""12685"", ""13840"", ""529"", ""6407"", ""12115"", ""53"", ""11832"", ""54""]",02c5117a-638d-4142-9de5-e20642df279b
308281,"""1592""","[""331""]","""25053""","[""56"", ""4681"", ""39"", ""4662"", ""3343"", ""3160"", ""682"", ""5618"", ""2503"", ""6"", ""12685"", ""13840"", ""529"", ""6407"", ""12115"", ""53"", ""11832"", ""54""]",2115f2e6-23d5-4f9a-9536-94e97a692ef8
308281,"""1592""","[""331""]","""25053""","[""56"", ""4681"", ""39"", ""4662"", ""3343"", ""3160"", ""682"", ""5618"", ""2503"", ""6"", ""12685"", ""13840"", ""529"", ""6407"", ""12115"", ""53"", ""11832"", ""54""]",23c398bc-7420-442f-8359-b238845b623d
308281,"""1592""","[""331""]","""25053""","[""56"", ""4681"", ""39"", ""4662"", ""3343"", ""3160"", ""682"", ""5618"", ""2503"", ""6"", ""12685"", ""13840"", ""529"", ""6407"", ""12115"", ""53"", ""11832"", ""54""]",2cc4be75-15f9-4aa6-8ae8-2ed94730e5be
308281,"""1592""","[""331""]","""25053""","[""56"", ""4681"", ""39"", ""4662"", ""3343"", ""3160"", ""682"", ""5618"", ""2503"", ""6"", ""12685"", ""13840"", ""529"", ""6407"", ""12115"", ""53"", ""11832"", ""54""]",378880e6-74fa-455b-8059-4dff231ce09d
308281,"""1592""","[""331""]","""25053""","[""56"", ""4681"", ""39"", ""4662"", ""3343"", ""3160"", ""682"", ""5618"", ""2503"", ""6"", ""12685"", ""13840"", ""529"", ""6407"", ""12115"", ""53"", ""11832"", ""54""]",3d998dcd-2226-4b04-9c97-b39f7b6fe997
308281,"""1592""","[""331""]","""25053""","[""56"", ""4681"", ""39"", ""4662"", ""3343"", ""3160"", ""682"", ""5618"", ""2503"", ""6"", ""12685"", ""13840"", ""529"", ""6407"", ""12115"", ""53"", ""11832"", ""54""]",409185f8-b232-4d43-9761-206bf65e5a89
308281,"""1592""","[""331""]","""25053""","[""56"", ""4681"", ""39"", ""4662"", ""3343"", ""3160"", ""682"", ""5618"", ""2503"", ""6"", ""12685"", ""13840"", ""529"", ""6407"", ""12115"", ""53"", ""11832"", ""54""]",5688e9e5-4963-40f8-9bb6-0448ef07b245
308281,"""1592""","[""331""]","""25053""","[""56"", ""4681"", ""39"", ""4662"", ""3343"", ""3160"", ""682"", ""5618"", ""2503"", ""6"", ""12685"", ""13840"", ""529"", ""6407"", ""12115"", ""53"", ""11832"", ""54""]",6a4296db-0931-42a0-93a1-774b1c7a5f93
308281,"""1592""","[""331""]","""25053""","[""56"", ""4681"", ""39"", ""4662"", ""3343"", ""3160"", ""682"", ""5618"", ""2503"", ""6"", ""12685"", ""13840"", ""529"", ""6407"", ""12115"", ""53"", ""11832"", ""54""]",82898593-eea5-4032-8506-352a63bef889
308281,"""1592""","[""331""]","""25053""","[""56"", ""4681"", ""39"", ""4662"", ""3343"", ""3160"", ""682"", ""5618"", ""2503"", ""6"", ""12685"", ""13840"", ""529"", ""6407"", ""12115"", ""53"", ""11832"", ""54""]",871405ac-1681-4fe3-ad84-3dbd306c2693
308281,"""1592""","[""331""]","""25053""","[""56"", ""4681"", ""39"", ""4662"", ""3343"", ""3160"", ""682"", ""5618"", ""2503"", ""6"", ""12685"", ""13840"", ""529"", ""6407"", ""12115"", ""53"", ""11832"", ""54""]",0abf7b87-8400-4a7a-9ed6-a12e1a46e92b
308281,"""1592""","[""331""]","""25053""","[""56"", ""4681"", ""39"", ""4662"", ""3343"", ""3160"", ""682"", ""5618"", ""2503"", ""6"", ""12685"", ""13840"", ""529"", ""6407"", ""12115"", ""53"", ""11832"", ""54""]",affc346d-bc56-4228-8c65-9a86f0ecc1f6
308281,"""1592""","[""331""]","""25053""","[""56"", ""4681"", ""39"", ""4662"", ""3343"", ""3160"", ""682"", ""5618"", ""2503"", ""6"", ""12685"", ""13840"", ""529"", ""6407"", ""12115"", ""53"", ""11832"", ""54""]",db985777-6523-40bd-97c9-41aaeca814a0
308281,"""1592""","[""331""]","""25053""","[""56"", ""4681"", ""39"", ""4662"", ""3343"", ""3160"", ""682"", ""5618"", ""2503"", ""6"", ""12685"", ""13840"", ""529"", ""6407"", ""12115"", ""53"", ""11832"", ""54""]",cd457ed4-f843-4c09-b3a8-a5e7d4da63da
308281,"""1592""","[""331""]","""25053""","[""56"", ""4681"", ""39"", ""4662"", ""3343"", ""3160"", ""682"", ""5618"", ""2503"", ""6"", ""12685"", ""13840"", ""529"", ""6407"", ""12115"", ""53"", ""11832"", ""54""]",087cec1e-73aa-4505-bc74-29d5bd1f16b0
308281,"""1592""","[""331""]","""25053""","[""56"", ""4681"", ""39"", ""4662"", ""3343"", ""3160"", ""682"", ""5618"", ""2503"", ""6"", ""12685"", ""13840"", ""529"", ""6407"", ""12115"", ""53"", ""11832"", ""54""]",3ff7b03d-96c6-4364-b906-fcba0198b9f5
308281,"""1592""","[""331""]","""25053""","[""56"", ""4681"", ""39"", ""4662"", ""3343"", ""3160"", ""682"", ""5618"", ""2503"", ""6"", ""12685"", ""13840"", ""529"", ""6407"", ""12115"", ""53"", ""11832"", ""54""]",6a4296db-0931-42a0-93a1-774b1c7a5f93
308281,"""1592""","[""331""]","""25053""","[""56"", ""4681"", ""39"", ""4662"", ""3343"", ""3160"", ""682"", ""5618"", ""2503"", ""6"", ""12685"", ""13840"", ""529"", ""6407"", ""12115"", ""53"", ""11832"", ""54""]",378880e6-74fa-455b-8059-4dff231ce09d
308281,"""1592""","[""331""]","""25053""","[""56"", ""4681"", ""39"", ""4662"", ""3343"", ""3160"", ""682"", ""5618"", ""2503"", ""6"", ""12685"", ""13840"", ""529"", ""6407"", ""12115"", ""53"", ""11832"", ""54""]",d61497f8-412a-4ef8-88c3-44932fee625b
308281,"""1592""","[""331""]","""25053""","[""56"", ""4681"", ""39"", ""4662"", ""3343"", ""3160"", ""682"", ""5618"", ""2503"", ""6"", ""12685"", ""13840"", ""529"", ""6407"", ""12115"", ""53"", ""11832"", ""54""]",2cc4be75-15f9-4aa6-8ae8-2ed94730e5be
308281,"""1592""","[""331""]","""25053""","[""56"", ""4681"", ""39"", ""4662"", ""3343"", ""3160"", ""682"", ""5618"", ""2503"", ""6"", ""12685"", ""13840"", ""529"", ""6407"", ""12115"", ""53"", ""11832"", ""54""]",06b6b0bd-5e8d-4033-a4d3-c9c6efc7a8a9
308281,"""1592""","[""331""]","""25053""","[""56"", ""4681"", ""39"", ""4662"", ""3343"", ""3160"", ""682"", ""5618"", ""2503"", ""6"", ""12685"", ""13840"", ""529"", ""6407"", ""12115"", ""53"", ""11832"", ""54""]",06b6b0bd-5e8d-4033-a4d3-c9c6efc7a8a9
308281,"""1592""","[""331""]","""25053""","[""56"", ""4681"", ""39"", ""4662"", ""3343"", ""3160"", ""682"", ""5618"", ""2503"", ""6"", ""12685"", ""13840"", ""529"", ""6407"", ""12115"", ""53"", ""11832"", ""54""]",17e26581-c76c-4c78-94e6-8d3607248857
308281,"""1592""","[""331""]","""25053""","[""56"", ""4681"", ""39"", ""4662"", ""3343"", ""3160"", ""682"", ""5618"", ""2503"", ""6"", ""12685"", ""13840"", ""529"", ""6407"", ""12115"", ""53"", ""11832"", ""54""]",a9cb2c55-9caf-48ac-a62f-4a26bff3871e
308281,"""1592""","[""331""]","""25053""","[""56"", ""4681"", ""39"", ""4662"", ""3343"", ""3160"", ""682"", ""5618"", ""2503"", ""6"", ""12685"", ""13840"", ""529"", ""6407"", ""12115"", ""53"", ""11832"", ""54""]",06b6b0bd-5e8d-4033-a4d3-c9c6efc7a8a9
308281,"""1592""","[""331""]","""25053""","[""56"", ""4681"", ""39"", ""4662"", ""3343"", ""3160"", ""682"", ""5618"", ""2503"", ""6"", ""12685"", ""13840"", ""529"", ""6407"", ""12115"", ""53"", ""11832"", ""54""]",c207fee3-c997-4462-86bf-3f179df81580
308281,"""1592""","[""331""]","""25053""","[""56"", ""4681"", ""39"", ""4662"", ""3343"", ""3160"", ""682"", ""5618"", ""2503"", ""6"", ""12685"", ""13840"", ""529"", ""6407"", ""12115"", ""53"", ""11832"", ""54""]",82898593-eea5-4032-8506-352a63bef889
308281,"""1592""","[""331""]","""25053""","[""56"", ""4681"", ""39"", ""4662"", ""3343"", ""3160"", ""682"", ""5618"", ""2503"", ""6"", ""12685"", ""13840"", ""529"", ""6407"", ""12115"", ""53"", ""11832"", ""54""]",378880e6-74fa-455b-8059-4dff231ce09d
308281,"""1592""","[""331""]","""25053""","[""56"", ""4681"", ""39"", ""4662"", ""3343"", ""3160"", ""682"", ""5618"", ""2503"", ""6"", ""12685"", ""13840"", ""529"", ""6407"", ""12115"", ""53"", ""11832"", ""54""]",3ff7b03d-96c6-4364-b906-fcba0198b9f5
308281,"""1592""","[""331""]","""25053""","[""56"", ""4681"", ""39"", ""4662"", ""3343"", ""3160"", ""682"", ""5618"", ""2503"", ""6"", ""12685"", ""13840"", ""529"", ""6407"", ""12115"", ""53"", ""11832"", ""54""]",d02b045a-1844-475c-8c61-ad3d08217704
308281,"""1592""","[""331""]","""25053""","[""56"", ""4681"", ""39"", ""4662"", ""3343"", ""3160"", ""682"", ""5618"", ""2503"", ""6"", ""12685"", ""13840"", ""529"", ""6407"", ""12115"", ""53"", ""11832"", ""54""]",fe87df19-2f29-4002-a231-bbf6a93873b9
308281,"""1592""","[""331""]","""25053""","[""56"", ""4681"", ""39"", ""4662"", ""3343"", ""3160"", ""682"", ""5618"", ""2503"", ""6"", ""12685"", ""13840"", ""529"", ""6407"", ""12115"", ""53"", ""11832"", ""54""]",3d998dcd-2226-4b04-9c97-b39f7b6fe997
308281,"""1592""","[""331""]","""25053""","[""56"", ""4681"", ""39"", ""4662"", ""3343"", ""3160"", ""682"", ""5618"", ""2503"", ""6"", ""12685"", ""13840"", ""529"", ""6407"", ""12115"", ""53"", ""11832"", ""54""]",4bd05783-676f-42ca-8e4a-2e414d8a1579
308281,"""1592""","[""331""]","""25053""","[""56"", ""4681"", ""39"", ""4662"", ""3343"", ""3160"", ""682"", ""5618"", ""2503"", ""6"", ""12685"", ""13840"", ""529"", ""6407"", ""12115"", ""53"", ""11832"", ""54""]",2b1ca4a1-2b90-4e1c-bb9f-fcd20134d262
308281,"""1592""","[""331""]","""25053""","[""56"", ""4681"", ""39"", ""4662"", ""3343"", ""3160"", ""682"", ""5618"", ""2503"", ""6"", ""12685"", ""13840"", ""529"", ""6407"", ""12115"", ""53"", ""11832"", ""54""]",026ddf21-3246-4b22-83b0-d0e8d3ae10ef
308281,"""1592""","[""331""]","""25053""","[""56"", ""4681"", ""39"", ""4662"", ""3343"", ""3160"", ""682"", ""5618"", ""2503"", ""6"", ""12685"", ""13840"", ""529"", ""6407"", ""12115"", ""53"", ""11832"", ""54""]",e27a5c27-5d9c-4349-a4ea-52ebdfbd7ac1
308281,"""1592""","[""331""]","""25053""","[""56"", ""4681"", ""39"", ""4662"", ""3343"", ""3160"", ""682"", ""5618"", ""2503"", ""6"", ""12685"", ""13840"", ""529"", ""6407"", ""12115"", ""53"", ""11832"", ""54""]",6a4296db-0931-42a0-93a1-774b1c7a5f93
308281,"""1592""","[""331""]","""25053""","[""56"", ""4681"", ""39"", ""4662"", ""3343"", ""3160"", ""682"", ""5618"", ""2503"", ""6"", ""12685"", ""13840"", ""529"", ""6407"", ""12115"", ""53"", ""11832"", ""54""]",a9cb2c55-9caf-48ac-a62f-4a26bff3871e
308281,"""1592""","[""331""]","""25053""","[""56"", ""4681"", ""39"", ""4662"", ""3343"", ""3160"", ""682"", ""5618"", ""2503"", ""6"", ""12685"", ""13840"", ""529"", ""6407"", ""12115"", ""53"", ""11832"", ""54""]",fbdf28b0-8f55-49a6-a41a-49c82192e0f6
308281,"""1592""","[""331""]","""25053""","[""56"", ""4681"", ""39"", ""4662"", ""3343"", ""3160"", ""682"", ""5618"", ""2503"", ""6"", ""12685"", ""13840"", ""529"", ""6407"", ""12115"", ""53"", ""11832"", ""54""]",fe87df19-2f29-4002-a231-bbf6a93873b9
308281,"""1592""","[""331""]","""25053""","[""56"", ""4681"", ""39"", ""4662"", ""3343"", ""3160"", ""682"", ""5618"", ""2503"", ""6"", ""12685"", ""13840"", ""529"", ""6407"", ""12115"", ""53"", ""11832"", ""54""]",0abf7b87-8400-4a7a-9ed6-a12e1a46e92b
308281,"""1592""","[""331""]","""25053""","[""56"", ""4681"", ""39"", ""4662"", ""3343"", ""3160"", ""682"", ""5618"", ""2503"", ""6"", ""12685"", ""13840"", ""529"", ""6407"", ""12115"", ""53"", ""11832"", ""54""]",3ff7b03d-96c6-4364-b906-fcba0198b9f5
308281,"""1592""","[""331""]","""25053""","[""56"", ""4681"", ""39"", ""4662"", ""3343"", ""3160"", ""682"", ""5618"", ""2503"", ""6"", ""12685"", ""13840"", ""529"", ""6407"", ""12115"", ""53"", ""11832"", ""54""]",2cc4be75-15f9-4aa6-8ae8-2ed94730e5be
308281,"""1592""","[""331""]","""25053""","[""56"", ""4681"", ""39"", ""4662"", ""3343"", ""3160"", ""682"", ""5618"", ""2503"", ""6"", ""12685"", ""13840"", ""529"", ""6407"", ""12115"", ""53"", ""11832"", ""54""]",06b6b0bd-5e8d-4033-a4d3-c9c6efc7a8a9
308281,"""1592""","[""331""]","""25053""","[""56"", ""4681"", ""39"", ""4662"", ""3343"", ""3160"", ""682"", ""5618"", ""2503"", ""6"", ""12685"", ""13840"", ""529"", ""6407"", ""12115"", ""53"", ""11832"", ""54""]",13f7450f-ab2c-4cc3-884b-c41445fde815
308281,"""1592""","[""331""]","""25053""","[""56"", ""4681"", ""39"", ""4662"", ""3343"", ""3160"", ""682"", ""5618"", ""2503"", ""6"", ""12685"", ""13840"", ""529"", ""6407"", ""12115"", ""53"", ""11832"", ""54""]",7b773582-6146-4bf9-9e52-3cfb720fcc5b
308281,"""1592""","[""331""]","""25053""","[""56"", ""4681"", ""39"", ""4662"", ""3343"", ""3160"", ""682"", ""5618"", ""2503"", ""6"", ""12685"", ""13840"", ""529"", ""6407"", ""12115"", ""53"", ""11832"", ""54""]",3ff7b03d-96c6-4364-b906-fcba0198b9f5
308281,"""1592""","[""331""]","""25053""","[""56"", ""4681"", ""39"", ""4662"", ""3343"", ""3160"", ""682"", ""5618"", ""2503"", ""6"", ""12685"", ""13840"", ""529"", ""6407"", ""12115"", ""53"", ""11832"", ""54""]",2115f2e6-23d5-4f9a-9536-94e97a692ef8
308281,"""1592""","[""331""]","""25053""","[""56"", ""4681"", ""39"", ""4662"", ""3343"", ""3160"", ""682"", ""5618"", ""2503"", ""6"", ""12685"", ""13840"", ""529"", ""6407"", ""12115"", ""53"", ""11832"", ""54""]",4ac9d94f-4e73-4298-b216-2d2cd32989b6
308281,"""1592""","[""331""]","""25053""","[""56"", ""4681"", ""39"", ""4662"", ""3343"", ""3160"", ""682"", ""5618"", ""2503"", ""6"", ""12685"", ""13840"", ""529"", ""6407"", ""12115"", ""53"", ""11832"", ""54""]",378880e6-74fa-455b-8059-4dff231ce09d
308281,"""1592""","[""331""]","""25053""","[""56"", ""4681"", ""39"", ""4662"", ""3343"", ""3160"", ""682"", ""5618"", ""2503"", ""6"", ""12685"", ""13840"", ""529"", ""6407"", ""12115"", ""53"", ""11832"", ""54""]",6a4296db-0931-42a0-93a1-774b1c7a5f93
308281,"""1592""","[""331""]","""25053""","[""56"", ""4681"", ""39"", ""4662"", ""3343"", ""3160"", ""682"", ""5618"", ""2503"", ""6"", ""12685"", ""13840"", ""529"", ""6407"", ""12115"", ""53"", ""11832"", ""54""]",13f7450f-ab2c-4cc3-884b-c41445fde815
308281,"""1592""","[""331""]","""25053""","[""56"", ""4681"", ""39"", ""4662"", ""3343"", ""3160"", ""682"", ""5618"", ""2503"", ""6"", ""12685"", ""13840"", ""529"", ""6407"", ""12115"", ""53"", ""11832"", ""54""]",8317c370-cd0a-4b08-bb6b-5c9267b65bf7
308281,"""1592""","[""331""]","""25053""","[""56"", ""4681"", ""39"", ""4662"", ""3343"", ""3160"", ""682"", ""5618"", ""2503"", ""6"", ""12685"", ""13840"", ""529"", ""6407"", ""12115"", ""53"", ""11832"", ""54""]",0abf7b87-8400-4a7a-9ed6-a12e1a46e92b
308281,"""1592""","[""331""]","""25053""","[""56"", ""4681"", ""39"", ""4662"", ""3343"", ""3160"", ""682"", ""5618"", ""2503"", ""6"", ""12685"", ""13840"", ""529"", ""6407"", ""12115"", ""53"", ""11832"", ""54""]",864fb3e2-4151-4851-97c3-9c20378de329
308281,"""1592""","[""331""]","""25053""","[""56"", ""4681"", ""39"", ""4662"", ""3343"", ""3160"", ""682"", ""5618"", ""2503"", ""6"", ""12685"", ""13840"", ""529"", ""6407"", ""12115"", ""53"", ""11832"", ""54""]",affc346d-bc56-4228-8c65-9a86f0ecc1f6
308281,"""1592""","[""331""]","""25053""","[""56"", ""4681"", ""39"", ""4662"", ""3343"", ""3160"", ""682"", ""5618"", ""2503"", ""6"", ""12685"", ""13840"", ""529"", ""6407"", ""12115"", ""53"", ""11832"", ""54""]",a9cb2c55-9caf-48ac-a62f-4a26bff3871e
308281,"""1592""","[""331""]","""25053""","[""56"", ""4681"", ""39"", ""4662"", ""3343"", ""3160"", ""682"", ""5618"", ""2503"", ""6"", ""12685"", ""13840"", ""529"", ""6407"", ""12115"", ""53"", ""11832"", ""54""]",bb3923d6-58dd-4108-9b06-24df9e7d9450
308281,"""1592""","[""331""]","""25053""","[""56"", ""4681"", ""39"", ""4662"", ""3343"", ""3160"", ""682"", ""5618"", ""2503"", ""6"", ""12685"", ""13840"", ""529"", ""6407"", ""12115"", ""53"", ""11832"", ""54""]",fbdf28b0-8f55-49a6-a41a-49c82192e0f6
308281,"""1592""","[""331""]","""25053""","[""56"", ""4681"", ""39"", ""4662"", ""3343"", ""3160"", ""682"", ""5618"", ""2503"", ""6"", ""12685"", ""13840"", ""529"", ""6407"", ""12115"", ""53"", ""11832"", ""54""]",7bc49674-2df2-4dca-8636-7458b86cfc7a
308281,"""1592""","[""331""]","""25053""","[""56"", ""4681"", ""39"", ""4662"", ""3343"", ""3160"", ""682"", ""5618"", ""2503"", ""6"", ""12685"", ""13840"", ""529"", ""6407"", ""12115"", ""53"", ""11832"", ""54""]",087cec1e-73aa-4505-bc74-29d5bd1f16b0
308281,"""1592""","[""331""]","""25053""","[""56"", ""4681"", ""39"", ""4662"", ""3343"", ""3160"", ""682"", ""5618"", ""2503"", ""6"", ""12685"", ""13840"", ""529"", ""6407"", ""12115"", ""53"", ""11832"", ""54""]",a9cb2c55-9caf-48ac-a62f-4a26bff3871e
308281,"""1592""","[""331""]","""25053""","[""56"", ""4681"", ""39"", ""4662"", ""3343"", ""3160"", ""682"", ""5618"", ""2503"", ""6"", ""12685"", ""13840"", ""529"", ""6407"", ""12115"", ""53"", ""11832"", ""54""]",2115f2e6-23d5-4f9a-9536-94e97a692ef8
308281,"""1592""","[""331""]","""25053""","[""56"", ""4681"", ""39"", ""4662"", ""3343"", ""3160"", ""682"", ""5618"", ""2503"", ""6"", ""12685"", ""13840"", ""529"", ""6407"", ""12115"", ""53"", ""11832"", ""54""]",2cc4be75-15f9-4aa6-8ae8-2ed94730e5be
308281,"""1592""","[""331""]","""25053""","[""56"", ""4681"", ""39"", ""4662"", ""3343"", ""3160"", ""682"", ""5618"", ""2503"", ""6"", ""12685"", ""13840"", ""529"", ""6407"", ""12115"", ""53"", ""11832"", ""54""]",5f7f92f8-8913-4bc9-aa2b-c4f8298b180e
308281,"""1592""","[""331""]","""25053""","[""56"", ""4681"", ""39"", ""4662"", ""3343"", ""3160"", ""682"", ""5618"", ""2503"", ""6"", ""12685"", ""13840"", ""529"", ""6407"", ""12115"", ""53"", ""11832"", ""54""]",378880e6-74fa-455b-8059-4dff231ce09d
308281,"""1592""","[""331""]","""25053""","[""56"", ""4681"", ""39"", ""4662"", ""3343"", ""3160"", ""682"", ""5618"", ""2503"", ""6"", ""12685"", ""13840"", ""529"", ""6407"", ""12115"", ""53"", ""11832"", ""54""]",48e61473-86cc-4173-88b2-4056c5550ff1
308281,"""1592""","[""331""]","""25053""","[""56"", ""4681"", ""39"", ""4662"", ""3343"", ""3160"", ""682"", ""5618"", ""2503"", ""6"", ""12685"", ""13840"", ""529"", ""6407"", ""12115"", ""53"", ""11832"", ""54""]",3ff7b03d-96c6-4364-b906-fcba0198b9f5
121754,"""484""","[""78"", ""266"", ""261""]","""25015""",[],61ce8c9e-da82-486c-bc15-d97b31ae2928
121754,"""484""","[""78"", ""266"", ""261""]","""25015""",[],f6533a99-83c9-41d3-b5bb-ca445e1d65bb
121754,"""484""","[""78"", ""266"", ""261""]","""25015""",[],a8d69a63-f7b9-4915-b172-6ca7a0d5db41
121754,"""484""","[""78"", ""266"", ""261""]","""25015""",[],38f054a2-1498-4a4c-aaf4-ae2bf9421c75
121754,"""484""","[""78"", ""266"", ""261""]","""25015""",[],407c5f26-8b27-4893-a0a3-8e93610a35a2
121754,"""484""","[""78"", ""266"", ""261""]","""25015""",[],a44d49b0-c2fb-4d8c-a32e-4267897351c3
121754,"""484""","[""78"", ""266"", ""261""]","""25015""",[],e6c3f98b-16d6-4dd2-a0b0-bdf36ff12a3e
121754,"""484""","[""78"", ""266"", ""261""]","""25015""",[],69045c61-241a-4e74-b111-00f8a541287e
121754,"""484""","[""78"", ""266"", ""261""]","""25015""",[],927510f9-80d0-4faa-bdfe-b47b2eb386f4
121754,"""484""","[""78"", ""266"", ""261""]","""25015""",[],06b2e1b7-f752-42fa-a007-48f2592013f9
121754,"""484""","[""78"", ""266"", ""261""]","""25015""",[],6e750d11-4fc6-44cb-9b03-94104880b1bd
121754,"""484""","[""78"", ""266"", ""261""]","""25015""",[],a8d69a63-f7b9-4915-b172-6ca7a0d5db41
121754,"""484""","[""78"", ""266"", ""261""]","""25015""",[],9770ecb9-6c3c-4b61-8b0e-1be7ec4e7e05
121754,"""484""","[""78"", ""266"", ""261""]","""25015""",[],68116f5c-f37f-43cd-8d2c-c1001f0b93ff
121754,"""484""","[""78"", ""266"", ""261""]","""25015""",[],d28c87ec-f289-437b-8677-21055533edb5
121754,"""484""","[""78"", ""266"", ""261""]","""25015""",[],3a0df7a1-4b8d-4c12-b422-ab5936354d84
121754,"""484""","[""78"", ""266"", ""261""]","""25015""",[],71457bde-09b2-4602-bf4e-0bafa103e26a
121754,"""484""","[""78"", ""266"", ""261""]","""25015""",[],4bbb47dc-0dec-4a9f-8ea7-b813f96bb2e6
121754,"""484""","[""78"", ""266"", ""261""]","""25015""",[],6c7fe3d8-d6ef-4d86-8ef7-8401e581336f
121754,"""484""","[""78"", ""266"", ""261""]","""25015""",[],95d57536-8355-4b0a-9a41-4fe40c81322c
121754,"""484""","[""78"", ""266"", ""261""]","""25015""",[],156036a8-adc0-44a0-bba0-e50b4171ff8f
121754,"""484""","[""78"", ""266"", ""261""]","""25015""",[],3ac34e2d-9d43-4df2-b6b7-0ad52e5e19f9
121754,"""484""","[""78"", ""266"", ""261""]","""25015""",[],1082ea05-bd7d-434a-865a-e8e9802be00a
142610,"""834""","[""171""]","""25021""","[""1"", ""486"", ""3"", ""4"", ""5"", ""54""]",088c4559-33e3-4206-bce5-252177abc6a9
142610,"""834""","[""171""]","""25021""","[""1"", ""486"", ""3"", ""4"", ""5"", ""54""]",217753d1-dd1e-48c9-943d-e1045c29d2c0
142610,"""834""","[""171""]","""25021""","[""1"", ""486"", ""3"", ""4"", ""5"", ""54""]",0159369c-d747-4ac2-a6c2-9065c3330d2a
142610,"""834""","[""171""]","""25021""","[""1"", ""486"", ""3"", ""4"", ""5"", ""54""]",95a308f0-23f5-4f7f-9d82-c59c59d21cbc
142610,"""834""","[""171""]","""25021""","[""1"", ""486"", ""3"", ""4"", ""5"", ""54""]",514612bf-0b54-4f8f-a9c5-172f9d014f52
142610,"""834""","[""171""]","""25021""","[""1"", ""486"", ""3"", ""4"", ""5"", ""54""]",75e1b380-48f0-4622-9fdc-9d17ac059759
142610,"""834""","[""171""]","""25021""","[""1"", ""486"", ""3"", ""4"", ""5"", ""54""]",5f606068-5441-4290-a53b-905da29f2c9d
142610,"""834""","[""171""]","""25021""","[""1"", ""486"", ""3"", ""4"", ""5"", ""54""]",24949e3f-9432-46c6-be97-cae10ed3f333
142610,"""834""","[""171""]","""25021""","[""1"", ""486"", ""3"", ""4"", ""5"", ""54""]",4a591f86-09d2-4c9c-b641-b5b9b480136e
142610,"""834""","[""171""]","""25021""","[""1"", ""486"", ""3"", ""4"", ""5"", ""54""]",320e8ba0-d64b-4952-ba9e-704e3952fb27
142610,"""834""","[""171""]","""25021""","[""1"", ""486"", ""3"", ""4"", ""5"", ""54""]",752f7c89-a61d-4e1c-852b-b91912cc5a5b
142610,"""834""","[""171""]","""25021""","[""1"", ""486"", ""3"", ""4"", ""5"", ""54""]",95a308f0-23f5-4f7f-9d82-c59c59d21cbc
142610,"""834""","[""171""]","""25021""","[""1"", ""486"", ""3"", ""4"", ""5"", ""54""]",e2ef075e-25b3-4fc4-94c4-a1b786d37473
142610,"""834""","[""171""]","""25021""","[""1"", ""486"", ""3"", ""4"", ""5"", ""54""]",0303aa77-4ee7-4b1d-b0bb-75347fe93267
142610,"""834""","[""171""]","""25021""","[""1"", ""486"", ""3"", ""4"", ""5"", ""54""]",4d0d7ef7-666a-4ea7-acec-f0d9c1d16f98
142610,"""834""","[""171""]","""25021""","[""1"", ""486"", ""3"", ""4"", ""5"", ""54""]",38063900-4249-4e47-b41a-a0db89c029dd
142610,"""834""","[""171""]","""25021""","[""1"", ""486"", ""3"", ""4"", ""5"", ""54""]",320e8ba0-d64b-4952-ba9e-704e3952fb27
142610,"""834""","[""171""]","""25021""","[""1"", ""486"", ""3"", ""4"", ""5"", ""54""]",95a308f0-23f5-4f7f-9d82-c59c59d21cbc
142610,"""834""","[""171""]","""25021""","[""1"", ""486"", ""3"", ""4"", ""5"", ""54""]",85086afc-7165-4425-bd55-550749300772
142610,"""834""","[""171""]","""25021""","[""1"", ""486"", ""3"", ""4"", ""5"", ""54""]",c84f15c0-312d-44d8-980a-a90e8782871b
142610,"""834""","[""171""]","""25021""","[""1"", ""486"", ""3"", ""4"", ""5"", ""54""]",24518dd2-da26-4816-80f1-00860d971973
142610,"""834""","[""171""]","""25021""","[""1"", ""486"", ""3"", ""4"", ""5"", ""54""]",6a23ab18-0715-4882-ad13-69711c1cec9f
142610,"""834""","[""171""]","""25021""","[""1"", ""486"", ""3"", ""4"", ""5"", ""54""]",c84f15c0-312d-44d8-980a-a90e8782871b
142610,"""834""","[""171""]","""25021""","[""1"", ""486"", ""3"", ""4"", ""5"", ""54""]",f5886c7d-d4b0-4f79-9622-0450bb358aa5
142610,"""834""","[""171""]","""25021""","[""1"", ""486"", ""3"", ""4"", ""5"", ""54""]",46c95f94-f31c-4e01-8437-de6734acea47
142610,"""834""","[""171""]","""25021""","[""1"", ""486"", ""3"", ""4"", ""5"", ""54""]",514612bf-0b54-4f8f-a9c5-172f9d014f52
142610,"""834""","[""171""]","""25021""","[""1"", ""486"", ""3"", ""4"", ""5"", ""54""]",a10a0d3b-ed0b-4494-b746-9c682d694ef6
142610,"""834""","[""171""]","""25021""","[""1"", ""486"", ""3"", ""4"", ""5"", ""54""]",026ddf21-3246-4b22-83b0-d0e8d3ae10ef
142610,"""834""","[""171""]","""25021""","[""1"", ""486"", ""3"", ""4"", ""5"", ""54""]",46c95f94-f31c-4e01-8437-de6734acea47
142610,"""834""","[""171""]","""25021""","[""1"", ""486"", ""3"", ""4"", ""5"", ""54""]",e2ef075e-25b3-4fc4-94c4-a1b786d37473
142610,"""834""","[""171""]","""25021""","[""1"", ""486"", ""3"", ""4"", ""5"", ""54""]",24518dd2-da26-4816-80f1-00860d971973
142610,"""834""","[""171""]","""25021""","[""1"", ""486"", ""3"", ""4"", ""5"", ""54""]",217753d1-dd1e-48c9-943d-e1045c29d2c0
142610,"""834""","[""171""]","""25021""","[""1"", ""486"", ""3"", ""4"", ""5"", ""54""]",3af6f4aa-8077-49db-8175-86a34f269b91
142610,"""834""","[""171""]","""25021""","[""1"", ""486"", ""3"", ""4"", ""5"", ""54""]",6a23ab18-0715-4882-ad13-69711c1cec9f
142610,"""834""","[""171""]","""25021""","[""1"", ""486"", ""3"", ""4"", ""5"", ""54""]",320e8ba0-d64b-4952-ba9e-704e3952fb27
142610,"""834""","[""171""]","""25021""","[""1"", ""486"", ""3"", ""4"", ""5"", ""54""]",7b773582-6146-4bf9-9e52-3cfb720fcc5b
142610,"""834""","[""171""]","""25021""","[""1"", ""486"", ""3"", ""4"", ""5"", ""54""]",4ac9d94f-4e73-4298-b216-2d2cd32989b6
142610,"""834""","[""171""]","""25021""","[""1"", ""486"", ""3"", ""4"", ""5"", ""54""]",100c0497-8689-4ffa-b71f-d143ded787f7
142610,"""834""","[""171""]","""25021""","[""1"", ""486"", ""3"", ""4"", ""5"", ""54""]",76e2ed7c-1375-45e5-a217-fd8511c64bf5
142610,"""834""","[""171""]","""25021""","[""1"", ""486"", ""3"", ""4"", ""5"", ""54""]",a44d49b0-c2fb-4d8c-a32e-4267897351c3
142610,"""834""","[""171""]","""25021""","[""1"", ""486"", ""3"", ""4"", ""5"", ""54""]",a4d39eaf-60a7-438c-803a-61cf5296f3c3
142610,"""834""","[""171""]","""25021""","[""1"", ""486"", ""3"", ""4"", ""5"", ""54""]",a23b66ca-a27c-47b2-9cd8-ef21b7b685e4
142610,"""834""","[""171""]","""25021""","[""1"", ""486"", ""3"", ""4"", ""5"", ""54""]",320e8ba0-d64b-4952-ba9e-704e3952fb27
142610,"""834""","[""171""]","""25021""","[""1"", ""486"", ""3"", ""4"", ""5"", ""54""]",514612bf-0b54-4f8f-a9c5-172f9d014f52
142610,"""834""","[""171""]","""25021""","[""1"", ""486"", ""3"", ""4"", ""5"", ""54""]",3af6f4aa-8077-49db-8175-86a34f269b91
142610,"""834""","[""171""]","""25021""","[""1"", ""486"", ""3"", ""4"", ""5"", ""54""]",091a8fa3-553f-429a-b461-9919131de979
142610,"""834""","[""171""]","""25021""","[""1"", ""486"", ""3"", ""4"", ""5"", ""54""]",c84f15c0-312d-44d8-980a-a90e8782871b
142610,"""834""","[""171""]","""25021""","[""1"", ""486"", ""3"", ""4"", ""5"", ""54""]",c86249b1-a8be-465c-b10f-ab028b6138f4
142610,"""834""","[""171""]","""25021""","[""1"", ""486"", ""3"", ""4"", ""5"", ""54""]",e2ef075e-25b3-4fc4-94c4-a1b786d37473
142610,"""834""","[""171""]","""25021""","[""1"", ""486"", ""3"", ""4"", ""5"", ""54""]",e2ef075e-25b3-4fc4-94c4-a1b786d37473
142610,"""834""","[""171""]","""25021""","[""1"", ""486"", ""3"", ""4"", ""5"", ""54""]",5f7f92f8-8913-4bc9-aa2b-c4f8298b180e
142610,"""834""","[""171""]","""25021""","[""1"", ""486"", ""3"", ""4"", ""5"", ""54""]",320e8ba0-d64b-4952-ba9e-704e3952fb27
142610,"""834""","[""171""]","""25021""","[""1"", ""486"", ""3"", ""4"", ""5"", ""54""]",46c95f94-f31c-4e01-8437-de6734acea47
142610,"""834""","[""171""]","""25021""","[""1"", ""486"", ""3"", ""4"", ""5"", ""54""]",25a0cf11-2c64-470e-a7f9-8f3338be28c5
142610,"""834""","[""171""]","""25021""","[""1"", ""486"", ""3"", ""4"", ""5"", ""54""]",3e3087e5-40a0-48c7-a30d-6504eca6bf5b
142610,"""834""","[""171""]","""25021""","[""1"", ""486"", ""3"", ""4"", ""5"", ""54""]",46c95f94-f31c-4e01-8437-de6734acea47
142610,"""834""","[""171""]","""25021""","[""1"", ""486"", ""3"", ""4"", ""5"", ""54""]",d9c54042-2af0-4832-958e-0ae5c28b465d
142610,"""834""","[""171""]","""25021""","[""1"", ""486"", ""3"", ""4"", ""5"", ""54""]",684ed33c-1ffe-404b-878d-2e310169f2f5
142610,"""834""","[""171""]","""25021""","[""1"", ""486"", ""3"", ""4"", ""5"", ""54""]",a44d49b0-c2fb-4d8c-a32e-4267897351c3
142610,"""834""","[""171""]","""25021""","[""1"", ""486"", ""3"", ""4"", ""5"", ""54""]",f5886c7d-d4b0-4f79-9622-0450bb358aa5
142610,"""834""","[""171""]","""25021""","[""1"", ""486"", ""3"", ""4"", ""5"", ""54""]",26204057-f21e-4308-a762-7f9bef66761d
142610,"""834""","[""171""]","""25021""","[""1"", ""486"", ""3"", ""4"", ""5"", ""54""]",3af6f4aa-8077-49db-8175-86a34f269b91
142610,"""834""","[""171""]","""25021""","[""1"", ""486"", ""3"", ""4"", ""5"", ""54""]",85086afc-7165-4425-bd55-550749300772
142610,"""834""","[""171""]","""25021""","[""1"", ""486"", ""3"", ""4"", ""5"", ""54""]",6a23ab18-0715-4882-ad13-69711c1cec9f
142610,"""834""","[""171""]","""25021""","[""1"", ""486"", ""3"", ""4"", ""5"", ""54""]",b3df484b-3b25-4ac2-a27b-67a2ddf68981
142610,"""834""","[""171""]","""25021""","[""1"", ""486"", ""3"", ""4"", ""5"", ""54""]",5e643aa9-96a8-42b7-a837-ece7d9b6e0ec
142610,"""834""","[""171""]","""25021""","[""1"", ""486"", ""3"", ""4"", ""5"", ""54""]",217753d1-dd1e-48c9-943d-e1045c29d2c0
142610,"""834""","[""171""]","""25021""","[""1"", ""486"", ""3"", ""4"", ""5"", ""54""]",a4d39eaf-60a7-438c-803a-61cf5296f3c3
142610,"""834""","[""171""]","""25021""","[""1"", ""486"", ""3"", ""4"", ""5"", ""54""]",24518dd2-da26-4816-80f1-00860d971973
142610,"""834""","[""171""]","""25021""","[""1"", ""486"", ""3"", ""4"", ""5"", ""54""]",95a308f0-23f5-4f7f-9d82-c59c59d21cbc
142610,"""834""","[""171""]","""25021""","[""1"", ""486"", ""3"", ""4"", ""5"", ""54""]",579d0802-647f-47c8-8cdb-cf988034aac3
142610,"""834""","[""171""]","""25021""","[""1"", ""486"", ""3"", ""4"", ""5"", ""54""]",a4d39eaf-60a7-438c-803a-61cf5296f3c3
142610,"""834""","[""171""]","""25021""","[""1"", ""486"", ""3"", ""4"", ""5"", ""54""]",85086afc-7165-4425-bd55-550749300772
142610,"""834""","[""171""]","""25021""","[""1"", ""486"", ""3"", ""4"", ""5"", ""54""]",514612bf-0b54-4f8f-a9c5-172f9d014f52
142610,"""834""","[""171""]","""25021""","[""1"", ""486"", ""3"", ""4"", ""5"", ""54""]",6a23ab18-0715-4882-ad13-69711c1cec9f
142610,"""834""","[""171""]","""25021""","[""1"", ""486"", ""3"", ""4"", ""5"", ""54""]",bde501f8-6635-43cb-8213-e6cc2fe94e55
142610,"""834""","[""171""]","""25021""","[""1"", ""486"", ""3"", ""4"", ""5"", ""54""]",1a7f5d6c-0d98-41b1-bff9-a4d02ac558bf
142610,"""834""","[""171""]","""25021""","[""1"", ""486"", ""3"", ""4"", ""5"", ""54""]",91217cf8-3eb2-4295-8014-33d2fa96914a
142610,"""834""","[""171""]","""25021""","[""1"", ""486"", ""3"", ""4"", ""5"", ""54""]",0403461e-5ae2-4c78-9d7a-bdfb69d17fc6
142610,"""834""","[""171""]","""25021""","[""1"", ""486"", ""3"", ""4"", ""5"", ""54""]",e2ef075e-25b3-4fc4-94c4-a1b786d37473
142610,"""834""","[""171""]","""25021""","[""1"", ""486"", ""3"", ""4"", ""5"", ""54""]",24518dd2-da26-4816-80f1-00860d971973
142610,"""834""","[""171""]","""25021""","[""1"", ""486"", ""3"", ""4"", ""5"", ""54""]",71aa2b3e-8385-4d23-896a-ec087f6ad740
142610,"""834""","[""171""]","""25021""","[""1"", ""486"", ""3"", ""4"", ""5"", ""54""]",c84f15c0-312d-44d8-980a-a90e8782871b
142610,"""834""","[""171""]","""25021""","[""1"", ""486"", ""3"", ""4"", ""5"", ""54""]",191cc864-12ff-4e7b-9943-86ca047e5c1e
142610,"""834""","[""171""]","""25021""","[""1"", ""486"", ""3"", ""4"", ""5"", ""54""]",72b98a5d-6ecc-4558-b2e5-a7f3f515289f
142610,"""834""","[""171""]","""25021""","[""1"", ""486"", ""3"", ""4"", ""5"", ""54""]",320e8ba0-d64b-4952-ba9e-704e3952fb27
142610,"""834""","[""171""]","""25021""","[""1"", ""486"", ""3"", ""4"", ""5"", ""54""]",3af6f4aa-8077-49db-8175-86a34f269b91
142610,"""834""","[""171""]","""25021""","[""1"", ""486"", ""3"", ""4"", ""5"", ""54""]",a4d39eaf-60a7-438c-803a-61cf5296f3c3
142610,"""834""","[""171""]","""25021""","[""1"", ""486"", ""3"", ""4"", ""5"", ""54""]",f4a34342-9f08-440c-af1d-84f2e765b186
142610,"""834""","[""171""]","""25021""","[""1"", ""486"", ""3"", ""4"", ""5"", ""54""]",c84f15c0-312d-44d8-980a-a90e8782871b
142610,"""834""","[""171""]","""25021""","[""1"", ""486"", ""3"", ""4"", ""5"", ""54""]",2b582925-10a9-43bb-a6c4-47353af86a54
142610,"""834""","[""171""]","""25021""","[""1"", ""486"", ""3"", ""4"", ""5"", ""54""]",6a23ab18-0715-4882-ad13-69711c1cec9f
142610,"""834""","[""171""]","""25021""","[""1"", ""486"", ""3"", ""4"", ""5"", ""54""]",af649bc6-f096-443b-8842-f1673e243faf
142610,"""834""","[""171""]","""25021""","[""1"", ""486"", ""3"", ""4"", ""5"", ""54""]",7c85c15f-24e1-4988-b853-2b1adb64542d
142610,"""834""","[""171""]","""25021""","[""1"", ""486"", ""3"", ""4"", ""5"", ""54""]",f5886c7d-d4b0-4f79-9622-0450bb358aa5
142610,"""834""","[""171""]","""25021""","[""1"", ""486"", ""3"", ""4"", ""5"", ""54""]",3af6f4aa-8077-49db-8175-86a34f269b91
142610,"""834""","[""171""]","""25021""","[""1"", ""486"", ""3"", ""4"", ""5"", ""54""]",e2ef075e-25b3-4fc4-94c4-a1b786d37473
142610,"""834""","[""171""]","""25021""","[""1"", ""486"", ""3"", ""4"", ""5"", ""54""]",2eed8411-2112-493f-ae8c-319cb140b4db
142610,"""834""","[""171""]","""25021""","[""1"", ""486"", ""3"", ""4"", ""5"", ""54""]",46c95f94-f31c-4e01-8437-de6734acea47
142610,"""834""","[""171""]","""25021""","[""1"", ""486"", ""3"", ""4"", ""5"", ""54""]",30b61ced-1ab9-4088-8b8c-987385e84217
142610,"""834""","[""171""]","""25021""","[""1"", ""486"", ""3"", ""4"", ""5"", ""54""]",26204057-f21e-4308-a762-7f9bef66761d
142610,"""834""","[""171""]","""25021""","[""1"", ""486"", ""3"", ""4"", ""5"", ""54""]",5cb85d4b-1fe1-44ec-99d8-6dc0d88999d9
142610,"""834""","[""171""]","""25021""","[""1"", ""486"", ""3"", ""4"", ""5"", ""54""]",752f7c89-a61d-4e1c-852b-b91912cc5a5b
142610,"""834""","[""171""]","""25021""","[""1"", ""486"", ""3"", ""4"", ""5"", ""54""]",a8047d6e-7f19-4e3d-845c-e98ebdcd5961
142610,"""834""","[""171""]","""25021""","[""1"", ""486"", ""3"", ""4"", ""5"", ""54""]",50263abf-1ff6-4b67-879b-be5aac18e26e
142610,"""834""","[""171""]","""25021""","[""1"", ""486"", ""3"", ""4"", ""5"", ""54""]",8e98a56c-80cb-4608-8c08-a3d268df92f5
142610,"""834""","[""171""]","""25021""","[""1"", ""486"", ""3"", ""4"", ""5"", ""54""]",6a23ab18-0715-4882-ad13-69711c1cec9f
142610,"""834""","[""171""]","""25021""","[""1"", ""486"", ""3"", ""4"", ""5"", ""54""]",64b3054e-980b-4a3d-b2e0-135f9fdbe249
142610,"""834""","[""171""]","""25021""","[""1"", ""486"", ""3"", ""4"", ""5"", ""54""]",4b563d4c-b486-4347-a0af-9c080a88c3cf
142610,"""834""","[""171""]","""25021""","[""1"", ""486"", ""3"", ""4"", ""5"", ""54""]",752f7c89-a61d-4e1c-852b-b91912cc5a5b
142610,"""834""","[""171""]","""25021""","[""1"", ""486"", ""3"", ""4"", ""5"", ""54""]",2e7e580d-3e64-4de1-a214-9db318315d9b
142610,"""834""","[""171""]","""25021""","[""1"", ""486"", ""3"", ""4"", ""5"", ""54""]",85086afc-7165-4425-bd55-550749300772
142610,"""834""","[""171""]","""25021""","[""1"", ""486"", ""3"", ""4"", ""5"", ""54""]",fa1237f1-57fe-4d4a-9194-2f1b6f137620
142610,"""834""","[""171""]","""25021""","[""1"", ""486"", ""3"", ""4"", ""5"", ""54""]",320e8ba0-d64b-4952-ba9e-704e3952fb27
142610,"""834""","[""171""]","""25021""","[""1"", ""486"", ""3"", ""4"", ""5"", ""54""]",320e8ba0-d64b-4952-ba9e-704e3952fb27
142610,"""834""","[""171""]","""25021""","[""1"", ""486"", ""3"", ""4"", ""5"", ""54""]",5cb73d6e-3c09-4b64-a468-09a3cdd2e48d
142610,"""834""","[""171""]","""25021""","[""1"", ""486"", ""3"", ""4"", ""5"", ""54""]",e2ef075e-25b3-4fc4-94c4-a1b786d37473
142610,"""834""","[""171""]","""25021""","[""1"", ""486"", ""3"", ""4"", ""5"", ""54""]",672c0351-a356-4bfa-9930-e0b24cf6589d
142610,"""834""","[""171""]","""25021""","[""1"", ""486"", ""3"", ""4"", ""5"", ""54""]",f5886c7d-d4b0-4f79-9622-0450bb358aa5
142610,"""834""","[""171""]","""25021""","[""1"", ""486"", ""3"", ""4"", ""5"", ""54""]",320e8ba0-d64b-4952-ba9e-704e3952fb27
142610,"""834""","[""171""]","""25021""","[""1"", ""486"", ""3"", ""4"", ""5"", ""54""]",6b08c95e-b426-402c-b9a6-b8b56dfe0948
142610,"""834""","[""171""]","""25021""","[""1"", ""486"", ""3"", ""4"", ""5"", ""54""]",6a23ab18-0715-4882-ad13-69711c1cec9f
142610,"""834""","[""171""]","""25021""","[""1"", ""486"", ""3"", ""4"", ""5"", ""54""]",28384464-f338-4cac-84bc-19707f01545d
142610,"""834""","[""171""]","""25021""","[""1"", ""486"", ""3"", ""4"", ""5"", ""54""]",e2ef075e-25b3-4fc4-94c4-a1b786d37473
142610,"""834""","[""171""]","""25021""","[""1"", ""486"", ""3"", ""4"", ""5"", ""54""]",52b3103d-d03c-45a9-ad66-fb82afe0c0b1
142610,"""834""","[""171""]","""25021""","[""1"", ""486"", ""3"", ""4"", ""5"", ""54""]",320e8ba0-d64b-4952-ba9e-704e3952fb27
142610,"""834""","[""171""]","""25021""","[""1"", ""486"", ""3"", ""4"", ""5"", ""54""]",6a23ab18-0715-4882-ad13-69711c1cec9f
142610,"""834""","[""171""]","""25021""","[""1"", ""486"", ""3"", ""4"", ""5"", ""54""]",e265483e-0ce9-473b-8a85-19d863161fd1
121754,"""484""","[""78"", ""266"", ""261""]","""25015""",[],9b2d421e-c9e0-4427-aa01-d16094007cff
121754,"""484""","[""78"", ""266"", ""261""]","""25015""",[],146d55d1-b849-419e-a417-0382f4b8f9f6
121754,"""484""","[""78"", ""266"", ""261""]","""25015""",[],d08b62aa-40e6-4f3b-b2c0-64620437c401
121754,"""484""","[""78"", ""266"", ""261""]","""25015""",[],927510f9-80d0-4faa-bdfe-b47b2eb386f4
121754,"""484""","[""78"", ""266"", ""261""]","""25015""",[],a8b38046-2bcb-4d8a-a289-efee71b06b0c
121754,"""484""","[""78"", ""266"", ""261""]","""25015""",[],5640ae32-689c-477a-98a0-0cd8e66366e9
121754,"""484""","[""78"", ""266"", ""261""]","""25015""",[],69045c61-241a-4e74-b111-00f8a541287e
121754,"""484""","[""78"", ""266"", ""261""]","""25015""",[],95d57536-8355-4b0a-9a41-4fe40c81322c
121754,"""484""","[""78"", ""266"", ""261""]","""25015""",[],c89545eb-55a0-4b5a-b9f6-18c48ad13d49
121754,"""484""","[""78"", ""266"", ""261""]","""25015""",[],9b2d421e-c9e0-4427-aa01-d16094007cff
121754,"""484""","[""78"", ""266"", ""261""]","""25015""",[],a6e5b9ac-dc95-4009-b553-142a6480d721
121754,"""484""","[""78"", ""266"", ""261""]","""25015""",[],ef482c39-7ac4-462b-b664-00b3bc82a70e
121754,"""484""","[""78"", ""266"", ""261""]","""25015""",[],f6533a99-83c9-41d3-b5bb-ca445e1d65bb
121754,"""484""","[""78"", ""266"", ""261""]","""25015""",[],ccb1ba46-6339-4b02-8d02-0e9847807c71
121754,"""484""","[""78"", ""266"", ""261""]","""25015""",[],f6533a99-83c9-41d3-b5bb-ca445e1d65bb
121754,"""484""","[""78"", ""266"", ""261""]","""25015""",[],78e62cc7-afbd-4b6f-a511-22bf8442c71c
121754,"""484""","[""78"", ""266"", ""261""]","""25015""",[],48667ddf-cf2c-4ca1-a986-153d3aee4672
121754,"""484""","[""78"", ""266"", ""261""]","""25015""",[],1762e20e-a990-4f17-b525-6a575439d45b
121754,"""484""","[""78"", ""266"", ""261""]","""25015""",[],04160bda-2fff-421d-9afd-3210c42770c8
121754,"""484""","[""78"", ""266"", ""261""]","""25015""",[],a44d49b0-c2fb-4d8c-a32e-4267897351c3
121754,"""484""","[""78"", ""266"", ""261""]","""25015""",[],df0a7a07-d1db-41f2-af42-ef1049e16055
121754,"""484""","[""78"", ""266"", ""261""]","""25015""",[],e6c3f98b-16d6-4dd2-a0b0-bdf36ff12a3e
121754,"""484""","[""78"", ""266"", ""261""]","""25015""",[],dae3e3ab-7511-4632-a1c6-ed6f29b9321f
121754,"""484""","[""78"", ""266"", ""261""]","""25015""",[],3011cc82-2355-4de9-bbeb-062eccf3e9b4
121754,"""484""","[""78"", ""266"", ""261""]","""25015""",[],146d55d1-b849-419e-a417-0382f4b8f9f6
121754,"""484""","[""78"", ""266"", ""261""]","""25015""",[],d08b62aa-40e6-4f3b-b2c0-64620437c401
121754,"""484""","[""78"", ""266"", ""261""]","""25015""",[],718c597a-cb8e-41a0-aa03-9e2cb058b45e
121754,"""484""","[""78"", ""266"", ""261""]","""25015""",[],2898757d-0df0-4f98-983c-e96e1b8554a0
121754,"""484""","[""78"", ""266"", ""261""]","""25015""",[],26c045e5-ec6a-4c2d-b600-cb9b44aaa7ce
121754,"""484""","[""78"", ""266"", ""261""]","""25015""",[],ccf714f6-554d-487a-a1b9-0d6f8c3586c9
121754,"""484""","[""78"", ""266"", ""261""]","""25015""",[],26b877a9-ff97-4a4c-b176-21f891a44f7b
121754,"""484""","[""78"", ""266"", ""261""]","""25015""",[],ce673b3b-4c79-4477-8d39-62cc4b0fff02
308281,"""1592""","[""331""]","""25053""","[""56"", ""4681"", ""39"", ""4662"", ""3343"", ""3160"", ""682"", ""5618"", ""2503"", ""6"", ""12685"", ""13840"", ""529"", ""6407"", ""12115"", ""53"", ""11832"", ""54""]",378880e6-74fa-455b-8059-4dff231ce09d
308281,"""1592""","[""331""]","""25053""","[""56"", ""4681"", ""39"", ""4662"", ""3343"", ""3160"", ""682"", ""5618"", ""2503"", ""6"", ""12685"", ""13840"", ""529"", ""6407"", ""12115"", ""53"", ""11832"", ""54""]",4b352e8d-d512-4b67-8c83-1173c73b6648
308281,"""1592""","[""331""]","""25053""","[""56"", ""4681"", ""39"", ""4662"", ""3343"", ""3160"", ""682"", ""5618"", ""2503"", ""6"", ""12685"", ""13840"", ""529"", ""6407"", ""12115"", ""53"", ""11832"", ""54""]",87893f0b-00ca-4477-a639-27474c405083
308281,"""1592""","[""331""]","""25053""","[""56"", ""4681"", ""39"", ""4662"", ""3343"", ""3160"", ""682"", ""5618"", ""2503"", ""6"", ""12685"", ""13840"", ""529"", ""6407"", ""12115"", ""53"", ""11832"", ""54""]",06b6b0bd-5e8d-4033-a4d3-c9c6efc7a8a9
308281,"""1592""","[""331""]","""25053""","[""56"", ""4681"", ""39"", ""4662"", ""3343"", ""3160"", ""682"", ""5618"", ""2503"", ""6"", ""12685"", ""13840"", ""529"", ""6407"", ""12115"", ""53"", ""11832"", ""54""]",674f7ed2-fe36-4490-a21f-6f134cc0ee60
308281,"""1592""","[""331""]","""25053""","[""56"", ""4681"", ""39"", ""4662"", ""3343"", ""3160"", ""682"", ""5618"", ""2503"", ""6"", ""12685"", ""13840"", ""529"", ""6407"", ""12115"", ""53"", ""11832"", ""54""]",2cc4be75-15f9-4aa6-8ae8-2ed94730e5be
308281,"""1592""","[""331""]","""25053""","[""56"", ""4681"", ""39"", ""4662"", ""3343"", ""3160"", ""682"", ""5618"", ""2503"", ""6"", ""12685"", ""13840"", ""529"", ""6407"", ""12115"", ""53"", ""11832"", ""54""]",7a8b4b5b-2ed9-4d5c-83a8-8b38a73a28b2
308281,"""1592""","[""331""]","""25053""","[""56"", ""4681"", ""39"", ""4662"", ""3343"", ""3160"", ""682"", ""5618"", ""2503"", ""6"", ""12685"", ""13840"", ""529"", ""6407"", ""12115"", ""53"", ""11832"", ""54""]",0e0ed171-451e-45b8-b1e0-0cca12589737
308281,"""1592""","[""331""]","""25053""","[""56"", ""4681"", ""39"", ""4662"", ""3343"", ""3160"", ""682"", ""5618"", ""2503"", ""6"", ""12685"", ""13840"", ""529"", ""6407"", ""12115"", ""53"", ""11832"", ""54""]",82898593-eea5-4032-8506-352a63bef889
308281,"""1592""","[""331""]","""25053""","[""56"", ""4681"", ""39"", ""4662"", ""3343"", ""3160"", ""682"", ""5618"", ""2503"", ""6"", ""12685"", ""13840"", ""529"", ""6407"", ""12115"", ""53"", ""11832"", ""54""]",6a4296db-0931-42a0-93a1-774b1c7a5f93
308281,"""1592""","[""331""]","""25053""","[""56"", ""4681"", ""39"", ""4662"", ""3343"", ""3160"", ""682"", ""5618"", ""2503"", ""6"", ""12685"", ""13840"", ""529"", ""6407"", ""12115"", ""53"", ""11832"", ""54""]",57d0cabe-d2c2-495d-b505-8f1aea36ff39
308281,"""1592""","[""331""]","""25053""","[""56"", ""4681"", ""39"", ""4662"", ""3343"", ""3160"", ""682"", ""5618"", ""2503"", ""6"", ""12685"", ""13840"", ""529"", ""6407"", ""12115"", ""53"", ""11832"", ""54""]",82898593-eea5-4032-8506-352a63bef889
308281,"""1592""","[""331""]","""25053""","[""56"", ""4681"", ""39"", ""4662"", ""3343"", ""3160"", ""682"", ""5618"", ""2503"", ""6"", ""12685"", ""13840"", ""529"", ""6407"", ""12115"", ""53"", ""11832"", ""54""]",affc346d-bc56-4228-8c65-9a86f0ecc1f6
308281,"""1592""","[""331""]","""25053""","[""56"", ""4681"", ""39"", ""4662"", ""3343"", ""3160"", ""682"", ""5618"", ""2503"", ""6"", ""12685"", ""13840"", ""529"", ""6407"", ""12115"", ""53"", ""11832"", ""54""]",3bd25bae-8efa-46df-99d5-aca40987c956
308281,"""1592""","[""331""]","""25053""","[""56"", ""4681"", ""39"", ""4662"", ""3343"", ""3160"", ""682"", ""5618"", ""2503"", ""6"", ""12685"", ""13840"", ""529"", ""6407"", ""12115"", ""53"", ""11832"", ""54""]",b3df484b-3b25-4ac2-a27b-67a2ddf68981
308281,"""1592""","[""331""]","""25053""","[""56"", ""4681"", ""39"", ""4662"", ""3343"", ""3160"", ""682"", ""5618"", ""2503"", ""6"", ""12685"", ""13840"", ""529"", ""6407"", ""12115"", ""53"", ""11832"", ""54""]",82898593-eea5-4032-8506-352a63bef889
308281,"""1592""","[""331""]","""25053""","[""56"", ""4681"", ""39"", ""4662"", ""3343"", ""3160"", ""682"", ""5618"", ""2503"", ""6"", ""12685"", ""13840"", ""529"", ""6407"", ""12115"", ""53"", ""11832"", ""54""]",a9cb2c55-9caf-48ac-a62f-4a26bff3871e
308281,"""1592""","[""331""]","""25053""","[""56"", ""4681"", ""39"", ""4662"", ""3343"", ""3160"", ""682"", ""5618"", ""2503"", ""6"", ""12685"", ""13840"", ""529"", ""6407"", ""12115"", ""53"", ""11832"", ""54""]",affc346d-bc56-4228-8c65-9a86f0ecc1f6
308281,"""1592""","[""331""]","""25053""","[""56"", ""4681"", ""39"", ""4662"", ""3343"", ""3160"", ""682"", ""5618"", ""2503"", ""6"", ""12685"", ""13840"", ""529"", ""6407"", ""12115"", ""53"", ""11832"", ""54""]",762ea9fe-9275-4c1c-8ce7-eb1c93191351
308281,"""1592""","[""331""]","""25053""","[""56"", ""4681"", ""39"", ""4662"", ""3343"", ""3160"", ""682"", ""5618"", ""2503"", ""6"", ""12685"", ""13840"", ""529"", ""6407"", ""12115"", ""53"", ""11832"", ""54""]",6a4296db-0931-42a0-93a1-774b1c7a5f93
308281,"""1592""","[""331""]","""25053""","[""56"", ""4681"", ""39"", ""4662"", ""3343"", ""3160"", ""682"", ""5618"", ""2503"", ""6"", ""12685"", ""13840"", ""529"", ""6407"", ""12115"", ""53"", ""11832"", ""54""]",db985777-6523-40bd-97c9-41aaeca814a0
308281,"""1592""","[""331""]","""25053""","[""56"", ""4681"", ""39"", ""4662"", ""3343"", ""3160"", ""682"", ""5618"", ""2503"", ""6"", ""12685"", ""13840"", ""529"", ""6407"", ""12115"", ""53"", ""11832"", ""54""]",e879bdfc-c2b5-4e7a-8f3b-442934b53eff
308281,"""1592""","[""331""]","""25053""","[""56"", ""4681"", ""39"", ""4662"", ""3343"", ""3160"", ""682"", ""5618"", ""2503"", ""6"", ""12685"", ""13840"", ""529"", ""6407"", ""12115"", ""53"", ""11832"", ""54""]",a3472fe9-deb7-4da1-ae8b-6b50ba3d32d4
308281,"""1592""","[""331""]","""25053""","[""56"", ""4681"", ""39"", ""4662"", ""3343"", ""3160"", ""682"", ""5618"", ""2503"", ""6"", ""12685"", ""13840"", ""529"", ""6407"", ""12115"", ""53"", ""11832"", ""54""]",fbdf28b0-8f55-49a6-a41a-49c82192e0f6
308281,"""1592""","[""331""]","""25053""","[""56"", ""4681"", ""39"", ""4662"", ""3343"", ""3160"", ""682"", ""5618"", ""2503"", ""6"", ""12685"", ""13840"", ""529"", ""6407"", ""12115"", ""53"", ""11832"", ""54""]",3af2cef6-e232-4a38-bfe6-18a1339f68a9
308281,"""1592""","[""331""]","""25053""","[""56"", ""4681"", ""39"", ""4662"", ""3343"", ""3160"", ""682"", ""5618"", ""2503"", ""6"", ""12685"", ""13840"", ""529"", ""6407"", ""12115"", ""53"", ""11832"", ""54""]",3d998dcd-2226-4b04-9c97-b39f7b6fe997
308281,"""1592""","[""331""]","""25053""","[""56"", ""4681"", ""39"", ""4662"", ""3343"", ""3160"", ""682"", ""5618"", ""2503"", ""6"", ""12685"", ""13840"", ""529"", ""6407"", ""12115"", ""53"", ""11832"", ""54""]",a9cb2c55-9caf-48ac-a62f-4a26bff3871e
308281,"""1592""","[""331""]","""25053""","[""56"", ""4681"", ""39"", ""4662"", ""3343"", ""3160"", ""682"", ""5618"", ""2503"", ""6"", ""12685"", ""13840"", ""529"", ""6407"", ""12115"", ""53"", ""11832"", ""54""]",2f83aaa2-52c4-4df8-948d-82c681f7d218
308281,"""1592""","[""331""]","""25053""","[""56"", ""4681"", ""39"", ""4662"", ""3343"", ""3160"", ""682"", ""5618"", ""2503"", ""6"", ""12685"", ""13840"", ""529"", ""6407"", ""12115"", ""53"", ""11832"", ""54""]",5688e9e5-4963-40f8-9bb6-0448ef07b245
308281,"""1592""","[""331""]","""25053""","[""56"", ""4681"", ""39"", ""4662"", ""3343"", ""3160"", ""682"", ""5618"", ""2503"", ""6"", ""12685"", ""13840"", ""529"", ""6407"", ""12115"", ""53"", ""11832"", ""54""]",6a4296db-0931-42a0-93a1-774b1c7a5f93
308281,"""1592""","[""331""]","""25053""","[""56"", ""4681"", ""39"", ""4662"", ""3343"", ""3160"", ""682"", ""5618"", ""2503"", ""6"", ""12685"", ""13840"", ""529"", ""6407"", ""12115"", ""53"", ""11832"", ""54""]",82898593-eea5-4032-8506-352a63bef889
308281,"""1592""","[""331""]","""25053""","[""56"", ""4681"", ""39"", ""4662"", ""3343"", ""3160"", ""682"", ""5618"", ""2503"", ""6"", ""12685"", ""13840"", ""529"", ""6407"", ""12115"", ""53"", ""11832"", ""54""]",7c66ea2c-caaa-44a7-ba83-86403a9124a7
308281,"""1592""","[""331""]","""25053""","[""56"", ""4681"", ""39"", ""4662"", ""3343"", ""3160"", ""682"", ""5618"", ""2503"", ""6"", ""12685"", ""13840"", ""529"", ""6407"", ""12115"", ""53"", ""11832"", ""54""]",a9cb2c55-9caf-48ac-a62f-4a26bff3871e
308281,"""1592""","[""331""]","""25053""","[""56"", ""4681"", ""39"", ""4662"", ""3343"", ""3160"", ""682"", ""5618"", ""2503"", ""6"", ""12685"", ""13840"", ""529"", ""6407"", ""12115"", ""53"", ""11832"", ""54""]",affc346d-bc56-4228-8c65-9a86f0ecc1f6
308281,"""1592""","[""331""]","""25053""","[""56"", ""4681"", ""39"", ""4662"", ""3343"", ""3160"", ""682"", ""5618"", ""2503"", ""6"", ""12685"", ""13840"", ""529"", ""6407"", ""12115"", ""53"", ""11832"", ""54""]",bde501f8-6635-43cb-8213-e6cc2fe94e55
308281,"""1592""","[""331""]","""25053""","[""56"", ""4681"", ""39"", ""4662"", ""3343"", ""3160"", ""682"", ""5618"", ""2503"", ""6"", ""12685"", ""13840"", ""529"", ""6407"", ""12115"", ""53"", ""11832"", ""54""]",1c32351a-542e-49a1-8d17-48f05c878f1b
308281,"""1592""","[""331""]","""25053""","[""56"", ""4681"", ""39"", ""4662"", ""3343"", ""3160"", ""682"", ""5618"", ""2503"", ""6"", ""12685"", ""13840"", ""529"", ""6407"", ""12115"", ""53"", ""11832"", ""54""]",91217cf8-3eb2-4295-8014-33d2fa96914a
308281,"""1592""","[""331""]","""25053""","[""56"", ""4681"", ""39"", ""4662"", ""3343"", ""3160"", ""682"", ""5618"", ""2503"", ""6"", ""12685"", ""13840"", ""529"", ""6407"", ""12115"", ""53"", ""11832"", ""54""]",5688e9e5-4963-40f8-9bb6-0448ef07b245
308281,"""1592""","[""331""]","""25053""","[""56"", ""4681"", ""39"", ""4662"", ""3343"", ""3160"", ""682"", ""5618"", ""2503"", ""6"", ""12685"", ""13840"", ""529"", ""6407"", ""12115"", ""53"", ""11832"", ""54""]",71aa2b3e-8385-4d23-896a-ec087f6ad740
308281,"""1592""","[""331""]","""25053""","[""56"", ""4681"", ""39"", ""4662"", ""3343"", ""3160"", ""682"", ""5618"", ""2503"", ""6"", ""12685"", ""13840"", ""529"", ""6407"", ""12115"", ""53"", ""11832"", ""54""]",67f7e497-0492-435b-88f3-3adeefca34ee
308281,"""1592""","[""331""]","""25053""","[""56"", ""4681"", ""39"", ""4662"", ""3343"", ""3160"", ""682"", ""5618"", ""2503"", ""6"", ""12685"", ""13840"", ""529"", ""6407"", ""12115"", ""53"", ""11832"", ""54""]",378880e6-74fa-455b-8059-4dff231ce09d
308281,"""1592""","[""331""]","""25053""","[""56"", ""4681"", ""39"", ""4662"", ""3343"", ""3160"", ""682"", ""5618"", ""2503"", ""6"", ""12685"", ""13840"", ""529"", ""6407"", ""12115"", ""53"", ""11832"", ""54""]",c187bce5-e94f-48c3-bdab-75ff75fc8054
308281,"""1592""","[""331""]","""25053""","[""56"", ""4681"", ""39"", ""4662"", ""3343"", ""3160"", ""682"", ""5618"", ""2503"", ""6"", ""12685"", ""13840"", ""529"", ""6407"", ""12115"", ""53"", ""11832"", ""54""]",3ff7b03d-96c6-4364-b906-fcba0198b9f5
308281,"""1592""","[""331""]","""25053""","[""56"", ""4681"", ""39"", ""4662"", ""3343"", ""3160"", ""682"", ""5618"", ""2503"", ""6"", ""12685"", ""13840"", ""529"", ""6407"", ""12115"", ""53"", ""11832"", ""54""]",47f2bd4f-f902-48ea-bad1-e6ef4ae093bd
308281,"""1592""","[""331""]","""25053""","[""56"", ""4681"", ""39"", ""4662"", ""3343"", ""3160"", ""682"", ""5618"", ""2503"", ""6"", ""12685"", ""13840"", ""529"", ""6407"", ""12115"", ""53"", ""11832"", ""54""]",19a25c2d-6b0c-4bc1-9d21-d342613e4fbc
308281,"""1592""","[""331""]","""25053""","[""56"", ""4681"", ""39"", ""4662"", ""3343"", ""3160"", ""682"", ""5618"", ""2503"", ""6"", ""12685"", ""13840"", ""529"", ""6407"", ""12115"", ""53"", ""11832"", ""54""]",4bd05783-676f-42ca-8e4a-2e414d8a1579
308281,"""1592""","[""331""]","""25053""","[""56"", ""4681"", ""39"", ""4662"", ""3343"", ""3160"", ""682"", ""5618"", ""2503"", ""6"", ""12685"", ""13840"", ""529"", ""6407"", ""12115"", ""53"", ""11832"", ""54""]",4bd05783-676f-42ca-8e4a-2e414d8a1579
308281,"""1592""","[""331""]","""25053""","[""56"", ""4681"", ""39"", ""4662"", ""3343"", ""3160"", ""682"", ""5618"", ""2503"", ""6"", ""12685"", ""13840"", ""529"", ""6407"", ""12115"", ""53"", ""11832"", ""54""]",378880e6-74fa-455b-8059-4dff231ce09d
308281,"""1592""","[""331""]","""25053""","[""56"", ""4681"", ""39"", ""4662"", ""3343"", ""3160"", ""682"", ""5618"", ""2503"", ""6"", ""12685"", ""13840"", ""529"", ""6407"", ""12115"", ""53"", ""11832"", ""54""]",2b582925-10a9-43bb-a6c4-47353af86a54
308281,"""1592""","[""331""]","""25053""","[""56"", ""4681"", ""39"", ""4662"", ""3343"", ""3160"", ""682"", ""5618"", ""2503"", ""6"", ""12685"", ""13840"", ""529"", ""6407"", ""12115"", ""53"", ""11832"", ""54""]",affc346d-bc56-4228-8c65-9a86f0ecc1f6
308281,"""1592""","[""331""]","""25053""","[""56"", ""4681"", ""39"", ""4662"", ""3343"", ""3160"", ""682"", ""5618"", ""2503"", ""6"", ""12685"", ""13840"", ""529"", ""6407"", ""12115"", ""53"", ""11832"", ""54""]",93a1e102-4e69-47fa-a5e3-4f7d87b7fff4
308281,"""1592""","[""331""]","""25053""","[""56"", ""4681"", ""39"", ""4662"", ""3343"", ""3160"", ""682"", ""5618"", ""2503"", ""6"", ""12685"", ""13840"", ""529"", ""6407"", ""12115"", ""53"", ""11832"", ""54""]",7c85c15f-24e1-4988-b853-2b1adb64542d
308281,"""1592""","[""331""]","""25053""","[""56"", ""4681"", ""39"", ""4662"", ""3343"", ""3160"", ""682"", ""5618"", ""2503"", ""6"", ""12685"", ""13840"", ""529"", ""6407"", ""12115"", ""53"", ""11832"", ""54""]",56f2c046-7985-41b1-bc41-f7ee0271cfea
308281,"""1592""","[""331""]","""25053""","[""56"", ""4681"", ""39"", ""4662"", ""3343"", ""3160"", ""682"", ""5618"", ""2503"", ""6"", ""12685"", ""13840"", ""529"", ""6407"", ""12115"", ""53"", ""11832"", ""54""]",3db5aa0d-1bfa-43e0-8e9e-ccb734c7f9c6
308281,"""1592""","[""331""]","""25053""","[""56"", ""4681"", ""39"", ""4662"", ""3343"", ""3160"", ""682"", ""5618"", ""2503"", ""6"", ""12685"", ""13840"", ""529"", ""6407"", ""12115"", ""53"", ""11832"", ""54""]",fe87df19-2f29-4002-a231-bbf6a93873b9
308281,"""1592""","[""331""]","""25053""","[""56"", ""4681"", ""39"", ""4662"", ""3343"", ""3160"", ""682"", ""5618"", ""2503"", ""6"", ""12685"", ""13840"", ""529"", ""6407"", ""12115"", ""53"", ""11832"", ""54""]",55d7b2c3-2db0-49d8-ae05-ca8ed6047c1f
308281,"""1592""","[""331""]","""25053""","[""56"", ""4681"", ""39"", ""4662"", ""3343"", ""3160"", ""682"", ""5618"", ""2503"", ""6"", ""12685"", ""13840"", ""529"", ""6407"", ""12115"", ""53"", ""11832"", ""54""]",7a4550e6-b192-4b92-8c49-74176d9d01a1
308281,"""1592""","[""331""]","""25053""","[""56"", ""4681"", ""39"", ""4662"", ""3343"", ""3160"", ""682"", ""5618"", ""2503"", ""6"", ""12685"", ""13840"", ""529"", ""6407"", ""12115"", ""53"", ""11832"", ""54""]",a9cb2c55-9caf-48ac-a62f-4a26bff3871e
308281,"""1592""","[""331""]","""25053""","[""56"", ""4681"", ""39"", ""4662"", ""3343"", ""3160"", ""682"", ""5618"", ""2503"", ""6"", ""12685"", ""13840"", ""529"", ""6407"", ""12115"", ""53"", ""11832"", ""54""]",b6520659-3e33-4069-8e2b-63f9a491931c
308281,"""1592""","[""331""]","""25053""","[""56"", ""4681"", ""39"", ""4662"", ""3343"", ""3160"", ""682"", ""5618"", ""2503"", ""6"", ""12685"", ""13840"", ""529"", ""6407"", ""12115"", ""53"", ""11832"", ""54""]",6a4296db-0931-42a0-93a1-774b1c7a5f93
308281,"""1592""","[""331""]","""25053""","[""56"", ""4681"", ""39"", ""4662"", ""3343"", ""3160"", ""682"", ""5618"", ""2503"", ""6"", ""12685"", ""13840"", ""529"", ""6407"", ""12115"", ""53"", ""11832"", ""54""]",82898593-eea5-4032-8506-352a63bef889
308281,"""1592""","[""331""]","""25053""","[""56"", ""4681"", ""39"", ""4662"", ""3343"", ""3160"", ""682"", ""5618"", ""2503"", ""6"", ""12685"", ""13840"", ""529"", ""6407"", ""12115"", ""53"", ""11832"", ""54""]",c4a1a7c1-0ed0-4e91-972c-48cb86993c3e
308281,"""1592""","[""331""]","""25053""","[""56"", ""4681"", ""39"", ""4662"", ""3343"", ""3160"", ""682"", ""5618"", ""2503"", ""6"", ""12685"", ""13840"", ""529"", ""6407"", ""12115"", ""53"", ""11832"", ""54""]",5f027b87-2c97-4bfd-be5c-7433f2d7d7b5
308281,"""1592""","[""331""]","""25053""","[""56"", ""4681"", ""39"", ""4662"", ""3343"", ""3160"", ""682"", ""5618"", ""2503"", ""6"", ""12685"", ""13840"", ""529"", ""6407"", ""12115"", ""53"", ""11832"", ""54""]",90654897-ad95-451c-9091-d1d26772d0e8
308281,"""1592""","[""331""]","""25053""","[""56"", ""4681"", ""39"", ""4662"", ""3343"", ""3160"", ""682"", ""5618"", ""2503"", ""6"", ""12685"", ""13840"", ""529"", ""6407"", ""12115"", ""53"", ""11832"", ""54""]",378880e6-74fa-455b-8059-4dff231ce09d
308281,"""1592""","[""331""]","""25053""","[""56"", ""4681"", ""39"", ""4662"", ""3343"", ""3160"", ""682"", ""5618"", ""2503"", ""6"", ""12685"", ""13840"", ""529"", ""6407"", ""12115"", ""53"", ""11832"", ""54""]",fa398b4a-5813-4872-b6f9-402679e92305
308281,"""1592""","[""331""]","""25053""","[""56"", ""4681"", ""39"", ""4662"", ""3343"", ""3160"", ""682"", ""5618"", ""2503"", ""6"", ""12685"", ""13840"", ""529"", ""6407"", ""12115"", ""53"", ""11832"", ""54""]",64b3054e-980b-4a3d-b2e0-135f9fdbe249
308281,"""1592""","[""331""]","""25053""","[""56"", ""4681"", ""39"", ""4662"", ""3343"", ""3160"", ""682"", ""5618"", ""2503"", ""6"", ""12685"", ""13840"", ""529"", ""6407"", ""12115"", ""53"", ""11832"", ""54""]",378880e6-74fa-455b-8059-4dff231ce09d
308281,"""1592""","[""331""]","""25053""","[""56"", ""4681"", ""39"", ""4662"", ""3343"", ""3160"", ""682"", ""5618"", ""2503"", ""6"", ""12685"", ""13840"", ""529"", ""6407"", ""12115"", ""53"", ""11832"", ""54""]",a9cb2c55-9caf-48ac-a62f-4a26bff3871e
308281,"""1592""","[""331""]","""25053""","[""56"", ""4681"", ""39"", ""4662"", ""3343"", ""3160"", ""682"", ""5618"", ""2503"", ""6"", ""12685"", ""13840"", ""529"", ""6407"", ""12115"", ""53"", ""11832"", ""54""]",affc346d-bc56-4228-8c65-9a86f0ecc1f6
308281,"""1592""","[""331""]","""25053""","[""56"", ""4681"", ""39"", ""4662"", ""3343"", ""3160"", ""682"", ""5618"", ""2503"", ""6"", ""12685"", ""13840"", ""529"", ""6407"", ""12115"", ""53"", ""11832"", ""54""]",6e52ae82-ef70-4f9f-9fca-c9a17b50f978
121754,"""484""","[""78"", ""266"", ""261""]","""25015""",[],549a55b5-0bf6-4c1a-a12b-bbcd968b2287
121754,"""484""","[""78"", ""266"", ""261""]","""25015""",[],9d8e8218-0f0d-44be-b28e-d26e00198df4
121754,"""484""","[""78"", ""266"", ""261""]","""25015""",[],20209039-5b5e-42f4-aa0c-67df69e7e8e2
121754,"""484""","[""78"", ""266"", ""261""]","""25015""",[],9173412e-7497-4489-b75b-9f6177b34049
121754,"""484""","[""78"", ""266"", ""261""]","""25015""",[],a6ceed79-d330-4811-aaaf-b5aadcf3e678
121754,"""484""","[""78"", ""266"", ""261""]","""25015""",[],6e07c197-af46-4ddc-bb0c-62b22616a50e
121754,"""484""","[""78"", ""266"", ""261""]","""25015""",[],168bfbb4-e24e-40ea-8a07-c5f7d5c9cb62
121754,"""484""","[""78"", ""266"", ""261""]","""25015""",[],d933d055-cec8-431b-9ebd-b2c6792c14a3
121754,"""484""","[""78"", ""266"", ""261""]","""25015""",[],5c0c9323-afce-47fb-a356-dbcc20e7067b
121754,"""484""","[""78"", ""266"", ""261""]","""25015""",[],5e86ae0b-25c3-47db-ac32-45ff15c92486
121754,"""484""","[""78"", ""266"", ""261""]","""25015""",[],c207fef8-7f61-4b20-bfb5-5495b4e65728
121754,"""484""","[""78"", ""266"", ""261""]","""25015""",[],2b75f6e4-33e6-4cdb-b015-a638477bbdbd
121754,"""484""","[""78"", ""266"", ""261""]","""25015""",[],703a0f0d-c328-4583-bfad-95f4c6a94f46
121754,"""484""","[""78"", ""266"", ""261""]","""25015""",[],1d79a658-0016-440e-9660-4b08f1f004e0
121754,"""484""","[""78"", ""266"", ""261""]","""25015""",[],d94fd15e-b290-4808-8c76-6935bb44c303
121754,"""484""","[""78"", ""266"", ""261""]","""25015""",[],b3ec57f6-99e4-4341-b0ee-5f378591257e
121754,"""484""","[""78"", ""266"", ""261""]","""25015""",[],146d55d1-b849-419e-a417-0382f4b8f9f6
121754,"""484""","[""78"", ""266"", ""261""]","""25015""",[],4f510535-347b-4059-9daa-7511bed855df
121754,"""484""","[""78"", ""266"", ""261""]","""25015""",[],2076e221-025b-4981-9333-19351488ba7f
121754,"""484""","[""78"", ""266"", ""261""]","""25015""",[],153a41f2-1fd7-4d34-ab5b-3a222bfec2df
121754,"""484""","[""78"", ""266"", ""261""]","""25015""",[],dae3e3ab-7511-4632-a1c6-ed6f29b9321f
121754,"""484""","[""78"", ""266"", ""261""]","""25015""",[],e0f26811-9e91-4408-b159-967c68adabcd
121754,"""484""","[""78"", ""266"", ""261""]","""25015""",[],2898757d-0df0-4f98-983c-e96e1b8554a0
121754,"""484""","[""78"", ""266"", ""261""]","""25015""",[],876a2dbc-5e09-4336-ba0f-708a44788433
121754,"""484""","[""78"", ""266"", ""261""]","""25015""",[],876a2dbc-5e09-4336-ba0f-708a44788433
121754,"""484""","[""78"", ""266"", ""261""]","""25015""",[],e0c5256f-0f49-4eb1-81f3-738f2c8d1101
121754,"""484""","[""78"", ""266"", ""261""]","""25015""",[],4905162c-01e6-48d9-b120-0cf71d158e4a
121754,"""484""","[""78"", ""266"", ""261""]","""25015""",[],146d55d1-b849-419e-a417-0382f4b8f9f6
121754,"""484""","[""78"", ""266"", ""261""]","""25015""",[],398a2314-1545-4779-b2ba-b18230bd815f
121754,"""484""","[""78"", ""266"", ""261""]","""25015""",[],41b109a0-d2bb-42a8-85b7-1980aef28506
121754,"""484""","[""78"", ""266"", ""261""]","""25015""",[],75b59696-dcf4-4ca3-9ab3-a1a58de192d7
121754,"""484""","[""78"", ""266"", ""261""]","""25015""",[],514612bf-0b54-4f8f-a9c5-172f9d014f52
121754,"""484""","[""78"", ""266"", ""261""]","""25015""",[],876a2dbc-5e09-4336-ba0f-708a44788433
121754,"""484""","[""78"", ""266"", ""261""]","""25015""",[],a8d69a63-f7b9-4915-b172-6ca7a0d5db41
121754,"""484""","[""78"", ""266"", ""261""]","""25015""",[],927510f9-80d0-4faa-bdfe-b47b2eb386f4
121754,"""484""","[""78"", ""266"", ""261""]","""25015""",[],666bfeb9-96fc-4d87-8b7e-20c55e1a0bfb
121754,"""484""","[""78"", ""266"", ""261""]","""25015""",[],4944371d-3738-44a1-8838-e58389085ca7
121754,"""484""","[""78"", ""266"", ""261""]","""25015""",[],2ea5540b-f389-4655-a7ce-d905d5003863
121754,"""484""","[""78"", ""266"", ""261""]","""25015""",[],556792d8-4fdb-4e6d-8a03-5ff5be848bed
121754,"""484""","[""78"", ""266"", ""261""]","""25015""",[],8944510d-aad3-4b0a-bcc7-27602404cbcf
121754,"""484""","[""78"", ""266"", ""261""]","""25015""",[],db39db67-34af-4f15-889c-983659e36438
121754,"""484""","[""78"", ""266"", ""261""]","""25015""",[],7d0c1902-f361-490d-9cae-298f56db92de
121754,"""484""","[""78"", ""266"", ""261""]","""25015""",[],9b2d421e-c9e0-4427-aa01-d16094007cff
121754,"""484""","[""78"", ""266"", ""261""]","""25015""",[],ad550cd8-ccff-4547-be24-c20bea14c3b5
121754,"""484""","[""78"", ""266"", ""261""]","""25015""",[],156036a8-adc0-44a0-bba0-e50b4171ff8f
121754,"""484""","[""78"", ""266"", ""261""]","""25015""",[],dae3e3ab-7511-4632-a1c6-ed6f29b9321f
121754,"""484""","[""78"", ""266"", ""261""]","""25015""",[],95d57536-8355-4b0a-9a41-4fe40c81322c
121754,"""484""","[""78"", ""266"", ""261""]","""25015""",[],20f3683c-0933-49ed-94c2-93cc3469bd80
121754,"""484""","[""78"", ""266"", ""261""]","""25015""",[],a44d49b0-c2fb-4d8c-a32e-4267897351c3
121754,"""484""","[""78"", ""266"", ""261""]","""25015""",[],71e4a3a9-4b6b-43a9-8de0-f892264a4b98
121754,"""484""","[""78"", ""266"", ""261""]","""25015""",[],82b09a1e-1141-4fa6-b2c6-f47c0d1ba8b1
308281,"""1592""","[""331""]","""25053""","[""56"", ""4681"", ""39"", ""4662"", ""3343"", ""3160"", ""682"", ""5618"", ""2503"", ""6"", ""12685"", ""13840"", ""529"", ""6407"", ""12115"", ""53"", ""11832"", ""54""]",0abf7b87-8400-4a7a-9ed6-a12e1a46e92b
308281,"""1592""","[""331""]","""25053""","[""56"", ""4681"", ""39"", ""4662"", ""3343"", ""3160"", ""682"", ""5618"", ""2503"", ""6"", ""12685"", ""13840"", ""529"", ""6407"", ""12115"", ""53"", ""11832"", ""54""]",06b6b0bd-5e8d-4033-a4d3-c9c6efc7a8a9
308281,"""1592""","[""331""]","""25053""","[""56"", ""4681"", ""39"", ""4662"", ""3343"", ""3160"", ""682"", ""5618"", ""2503"", ""6"", ""12685"", ""13840"", ""529"", ""6407"", ""12115"", ""53"", ""11832"", ""54""]",fbdf28b0-8f55-49a6-a41a-49c82192e0f6
308281,"""1592""","[""331""]","""25053""","[""56"", ""4681"", ""39"", ""4662"", ""3343"", ""3160"", ""682"", ""5618"", ""2503"", ""6"", ""12685"", ""13840"", ""529"", ""6407"", ""12115"", ""53"", ""11832"", ""54""]",7dc9ad95-516e-485e-ba31-0469be624b0c
308281,"""1592""","[""331""]","""25053""","[""56"", ""4681"", ""39"", ""4662"", ""3343"", ""3160"", ""682"", ""5618"", ""2503"", ""6"", ""12685"", ""13840"", ""529"", ""6407"", ""12115"", ""53"", ""11832"", ""54""]",1aeb8a14-bea7-4757-b5ad-a6e526e25f77
308281,"""1592""","[""331""]","""25053""","[""56"", ""4681"", ""39"", ""4662"", ""3343"", ""3160"", ""682"", ""5618"", ""2503"", ""6"", ""12685"", ""13840"", ""529"", ""6407"", ""12115"", ""53"", ""11832"", ""54""]",378880e6-74fa-455b-8059-4dff231ce09d
308281,"""1592""","[""331""]","""25053""","[""56"", ""4681"", ""39"", ""4662"", ""3343"", ""3160"", ""682"", ""5618"", ""2503"", ""6"", ""12685"", ""13840"", ""529"", ""6407"", ""12115"", ""53"", ""11832"", ""54""]",3ff7b03d-96c6-4364-b906-fcba0198b9f5
308281,"""1592""","[""331""]","""25053""","[""56"", ""4681"", ""39"", ""4662"", ""3343"", ""3160"", ""682"", ""5618"", ""2503"", ""6"", ""12685"", ""13840"", ""529"", ""6407"", ""12115"", ""53"", ""11832"", ""54""]",4bd05783-676f-42ca-8e4a-2e414d8a1579
308281,"""1592""","[""331""]","""25053""","[""56"", ""4681"", ""39"", ""4662"", ""3343"", ""3160"", ""682"", ""5618"", ""2503"", ""6"", ""12685"", ""13840"", ""529"", ""6407"", ""12115"", ""53"", ""11832"", ""54""]",5f0a85c0-c618-4bb2-a45f-6fa4513bbf52
308281,"""1592""","[""331""]","""25053""","[""56"", ""4681"", ""39"", ""4662"", ""3343"", ""3160"", ""682"", ""5618"", ""2503"", ""6"", ""12685"", ""13840"", ""529"", ""6407"", ""12115"", ""53"", ""11832"", ""54""]",82898593-eea5-4032-8506-352a63bef889
308281,"""1592""","[""331""]","""25053""","[""56"", ""4681"", ""39"", ""4662"", ""3343"", ""3160"", ""682"", ""5618"", ""2503"", ""6"", ""12685"", ""13840"", ""529"", ""6407"", ""12115"", ""53"", ""11832"", ""54""]",6a4296db-0931-42a0-93a1-774b1c7a5f93
308281,"""1592""","[""331""]","""25053""","[""56"", ""4681"", ""39"", ""4662"", ""3343"", ""3160"", ""682"", ""5618"", ""2503"", ""6"", ""12685"", ""13840"", ""529"", ""6407"", ""12115"", ""53"", ""11832"", ""54""]",ff7d2d40-17e8-499e-939b-ba4a20a0ec59
308281,"""1592""","[""331""]","""25053""","[""56"", ""4681"", ""39"", ""4662"", ""3343"", ""3160"", ""682"", ""5618"", ""2503"", ""6"", ""12685"", ""13840"", ""529"", ""6407"", ""12115"", ""53"", ""11832"", ""54""]",affc346d-bc56-4228-8c65-9a86f0ecc1f6
308281,"""1592""","[""331""]","""25053""","[""56"", ""4681"", ""39"", ""4662"", ""3343"", ""3160"", ""682"", ""5618"", ""2503"", ""6"", ""12685"", ""13840"", ""529"", ""6407"", ""12115"", ""53"", ""11832"", ""54""]",82898593-eea5-4032-8506-352a63bef889
308281,"""1592""","[""331""]","""25053""","[""56"", ""4681"", ""39"", ""4662"", ""3343"", ""3160"", ""682"", ""5618"", ""2503"", ""6"", ""12685"", ""13840"", ""529"", ""6407"", ""12115"", ""53"", ""11832"", ""54""]",a366491b-3df9-4bc5-be86-2f510d002abb
308281,"""1592""","[""331""]","""25053""","[""56"", ""4681"", ""39"", ""4662"", ""3343"", ""3160"", ""682"", ""5618"", ""2503"", ""6"", ""12685"", ""13840"", ""529"", ""6407"", ""12115"", ""53"", ""11832"", ""54""]",a9cb2c55-9caf-48ac-a62f-4a26bff3871e
308281,"""1592""","[""331""]","""25053""","[""56"", ""4681"", ""39"", ""4662"", ""3343"", ""3160"", ""682"", ""5618"", ""2503"", ""6"", ""12685"", ""13840"", ""529"", ""6407"", ""12115"", ""53"", ""11832"", ""54""]",affc346d-bc56-4228-8c65-9a86f0ecc1f6
308281,"""1592""","[""331""]","""25053""","[""56"", ""4681"", ""39"", ""4662"", ""3343"", ""3160"", ""682"", ""5618"", ""2503"", ""6"", ""12685"", ""13840"", ""529"", ""6407"", ""12115"", ""53"", ""11832"", ""54""]",06b6b0bd-5e8d-4033-a4d3-c9c6efc7a8a9
308281,"""1592""","[""331""]","""25053""","[""56"", ""4681"", ""39"", ""4662"", ""3343"", ""3160"", ""682"", ""5618"", ""2503"", ""6"", ""12685"", ""13840"", ""529"", ""6407"", ""12115"", ""53"", ""11832"", ""54""]",fe87df19-2f29-4002-a231-bbf6a93873b9
308281,"""1592""","[""331""]","""25053""","[""56"", ""4681"", ""39"", ""4662"", ""3343"", ""3160"", ""682"", ""5618"", ""2503"", ""6"", ""12685"", ""13840"", ""529"", ""6407"", ""12115"", ""53"", ""11832"", ""54""]",05448fc3-927b-4bad-98e8-d0c4d89c8377
308281,"""1592""","[""331""]","""25053""","[""56"", ""4681"", ""39"", ""4662"", ""3343"", ""3160"", ""682"", ""5618"", ""2503"", ""6"", ""12685"", ""13840"", ""529"", ""6407"", ""12115"", ""53"", ""11832"", ""54""]",06b6b0bd-5e8d-4033-a4d3-c9c6efc7a8a9
308281,"""1592""","[""331""]","""25053""","[""56"", ""4681"", ""39"", ""4662"", ""3343"", ""3160"", ""682"", ""5618"", ""2503"", ""6"", ""12685"", ""13840"", ""529"", ""6407"", ""12115"", ""53"", ""11832"", ""54""]",51f1cb0f-e1da-45fe-962a-37aae139b13b
308281,"""1592""","[""331""]","""25053""","[""56"", ""4681"", ""39"", ""4662"", ""3343"", ""3160"", ""682"", ""5618"", ""2503"", ""6"", ""12685"", ""13840"", ""529"", ""6407"", ""12115"", ""53"", ""11832"", ""54""]",13828bd0-1b59-48d1-8f17-ea8777c6a5bc
308281,"""1592""","[""331""]","""25053""","[""56"", ""4681"", ""39"", ""4662"", ""3343"", ""3160"", ""682"", ""5618"", ""2503"", ""6"", ""12685"", ""13840"", ""529"", ""6407"", ""12115"", ""53"", ""11832"", ""54""]",3ff7b03d-96c6-4364-b906-fcba0198b9f5
308281,"""1592""","[""331""]","""25053""","[""56"", ""4681"", ""39"", ""4662"", ""3343"", ""3160"", ""682"", ""5618"", ""2503"", ""6"", ""12685"", ""13840"", ""529"", ""6407"", ""12115"", ""53"", ""11832"", ""54""]",2cc4be75-15f9-4aa6-8ae8-2ed94730e5be
308281,"""1592""","[""331""]","""25053""","[""56"", ""4681"", ""39"", ""4662"", ""3343"", ""3160"", ""682"", ""5618"", ""2503"", ""6"", ""12685"", ""13840"", ""529"", ""6407"", ""12115"", ""53"", ""11832"", ""54""]",378880e6-74fa-455b-8059-4dff231ce09d
308281,"""1592""","[""331""]","""25053""","[""56"", ""4681"", ""39"", ""4662"", ""3343"", ""3160"", ""682"", ""5618"", ""2503"", ""6"", ""12685"", ""13840"", ""529"", ""6407"", ""12115"", ""53"", ""11832"", ""54""]",7eb709b2-65e7-43e4-8b37-69969af2af17
308281,"""1592""","[""331""]","""25053""","[""56"", ""4681"", ""39"", ""4662"", ""3343"", ""3160"", ""682"", ""5618"", ""2503"", ""6"", ""12685"", ""13840"", ""529"", ""6407"", ""12115"", ""53"", ""11832"", ""54""]",9af83e1b-e139-45aa-8efa-a6346b712665
308281,"""1592""","[""331""]","""25053""","[""56"", ""4681"", ""39"", ""4662"", ""3343"", ""3160"", ""682"", ""5618"", ""2503"", ""6"", ""12685"", ""13840"", ""529"", ""6407"", ""12115"", ""53"", ""11832"", ""54""]",4e5404ad-1721-4327-89d9-dc6e9bd791f0
308281,"""1592""","[""331""]","""25053""","[""56"", ""4681"", ""39"", ""4662"", ""3343"", ""3160"", ""682"", ""5618"", ""2503"", ""6"", ""12685"", ""13840"", ""529"", ""6407"", ""12115"", ""53"", ""11832"", ""54""]",d04c7545-89f4-4fd6-a7af-19bb0bf852bd
308281,"""1592""","[""331""]","""25053""","[""56"", ""4681"", ""39"", ""4662"", ""3343"", ""3160"", ""682"", ""5618"", ""2503"", ""6"", ""12685"", ""13840"", ""529"", ""6407"", ""12115"", ""53"", ""11832"", ""54""]",fe87df19-2f29-4002-a231-bbf6a93873b9
308281,"""1592""","[""331""]","""25053""","[""56"", ""4681"", ""39"", ""4662"", ""3343"", ""3160"", ""682"", ""5618"", ""2503"", ""6"", ""12685"", ""13840"", ""529"", ""6407"", ""12115"", ""53"", ""11832"", ""54""]",0abf7b87-8400-4a7a-9ed6-a12e1a46e92b
308281,"""1592""","[""331""]","""25053""","[""56"", ""4681"", ""39"", ""4662"", ""3343"", ""3160"", ""682"", ""5618"", ""2503"", ""6"", ""12685"", ""13840"", ""529"", ""6407"", ""12115"", ""53"", ""11832"", ""54""]",fbdf28b0-8f55-49a6-a41a-49c82192e0f6
308281,"""1592""","[""331""]","""25053""","[""56"", ""4681"", ""39"", ""4662"", ""3343"", ""3160"", ""682"", ""5618"", ""2503"", ""6"", ""12685"", ""13840"", ""529"", ""6407"", ""12115"", ""53"", ""11832"", ""54""]",2115f2e6-23d5-4f9a-9536-94e97a692ef8
308281,"""1592""","[""331""]","""25053""","[""56"", ""4681"", ""39"", ""4662"", ""3343"", ""3160"", ""682"", ""5618"", ""2503"", ""6"", ""12685"", ""13840"", ""529"", ""6407"", ""12115"", ""53"", ""11832"", ""54""]",2cc4be75-15f9-4aa6-8ae8-2ed94730e5be
308281,"""1592""","[""331""]","""25053""","[""56"", ""4681"", ""39"", ""4662"", ""3343"", ""3160"", ""682"", ""5618"", ""2503"", ""6"", ""12685"", ""13840"", ""529"", ""6407"", ""12115"", ""53"", ""11832"", ""54""]",378880e6-74fa-455b-8059-4dff231ce09d
308281,"""1592""","[""331""]","""25053""","[""56"", ""4681"", ""39"", ""4662"", ""3343"", ""3160"", ""682"", ""5618"", ""2503"", ""6"", ""12685"", ""13840"", ""529"", ""6407"", ""12115"", ""53"", ""11832"", ""54""]",06b6b0bd-5e8d-4033-a4d3-c9c6efc7a8a9
308281,"""1592""","[""331""]","""25053""","[""56"", ""4681"", ""39"", ""4662"", ""3343"", ""3160"", ""682"", ""5618"", ""2503"", ""6"", ""12685"", ""13840"", ""529"", ""6407"", ""12115"", ""53"", ""11832"", ""54""]",6a4296db-0931-42a0-93a1-774b1c7a5f93
308281,"""1592""","[""331""]","""25053""","[""56"", ""4681"", ""39"", ""4662"", ""3343"", ""3160"", ""682"", ""5618"", ""2503"", ""6"", ""12685"", ""13840"", ""529"", ""6407"", ""12115"", ""53"", ""11832"", ""54""]",871405ac-1681-4fe3-ad84-3dbd306c2693
308281,"""1592""","[""331""]","""25053""","[""56"", ""4681"", ""39"", ""4662"", ""3343"", ""3160"", ""682"", ""5618"", ""2503"", ""6"", ""12685"", ""13840"", ""529"", ""6407"", ""12115"", ""53"", ""11832"", ""54""]",fbdf28b0-8f55-49a6-a41a-49c82192e0f6
308281,"""1592""","[""331""]","""25053""","[""56"", ""4681"", ""39"", ""4662"", ""3343"", ""3160"", ""682"", ""5618"", ""2503"", ""6"", ""12685"", ""13840"", ""529"", ""6407"", ""12115"", ""53"", ""11832"", ""54""]",2cc4be75-15f9-4aa6-8ae8-2ed94730e5be
308281,"""1592""","[""331""]","""25053""","[""56"", ""4681"", ""39"", ""4662"", ""3343"", ""3160"", ""682"", ""5618"", ""2503"", ""6"", ""12685"", ""13840"", ""529"", ""6407"", ""12115"", ""53"", ""11832"", ""54""]",2cc4be75-15f9-4aa6-8ae8-2ed94730e5be
308281,"""1592""","[""331""]","""25053""","[""56"", ""4681"", ""39"", ""4662"", ""3343"", ""3160"", ""682"", ""5618"", ""2503"", ""6"", ""12685"", ""13840"", ""529"", ""6407"", ""12115"", ""53"", ""11832"", ""54""]",fe87df19-2f29-4002-a231-bbf6a93873b9
308281,"""1592""","[""331""]","""25053""","[""56"", ""4681"", ""39"", ""4662"", ""3343"", ""3160"", ""682"", ""5618"", ""2503"", ""6"", ""12685"", ""13840"", ""529"", ""6407"", ""12115"", ""53"", ""11832"", ""54""]",378880e6-74fa-455b-8059-4dff231ce09d
308281,"""1592""","[""331""]","""25053""","[""56"", ""4681"", ""39"", ""4662"", ""3343"", ""3160"", ""682"", ""5618"", ""2503"", ""6"", ""12685"", ""13840"", ""529"", ""6407"", ""12115"", ""53"", ""11832"", ""54""]",affc346d-bc56-4228-8c65-9a86f0ecc1f6
308281,"""1592""","[""331""]","""25053""","[""56"", ""4681"", ""39"", ""4662"", ""3343"", ""3160"", ""682"", ""5618"", ""2503"", ""6"", ""12685"", ""13840"", ""529"", ""6407"", ""12115"", ""53"", ""11832"", ""54""]",fe87df19-2f29-4002-a231-bbf6a93873b9
308281,"""1592""","[""331""]","""25053""","[""56"", ""4681"", ""39"", ""4662"", ""3343"", ""3160"", ""682"", ""5618"", ""2503"", ""6"", ""12685"", ""13840"", ""529"", ""6407"", ""12115"", ""53"", ""11832"", ""54""]",fe87df19-2f29-4002-a231-bbf6a93873b9
308281,"""1592""","[""331""]","""25053""","[""56"", ""4681"", ""39"", ""4662"", ""3343"", ""3160"", ""682"", ""5618"", ""2503"", ""6"", ""12685"", ""13840"", ""529"", ""6407"", ""12115"", ""53"", ""11832"", ""54""]",057a5fc9-a017-42ca-8b99-47b3b7f2fe9e
308281,"""1592""","[""331""]","""25053""","[""56"", ""4681"", ""39"", ""4662"", ""3343"", ""3160"", ""682"", ""5618"", ""2503"", ""6"", ""12685"", ""13840"", ""529"", ""6407"", ""12115"", ""53"", ""11832"", ""54""]",378880e6-74fa-455b-8059-4dff231ce09d
308281,"""1592""","[""331""]","""25053""","[""56"", ""4681"", ""39"", ""4662"", ""3343"", ""3160"", ""682"", ""5618"", ""2503"", ""6"", ""12685"", ""13840"", ""529"", ""6407"", ""12115"", ""53"", ""11832"", ""54""]",3ff7b03d-96c6-4364-b906-fcba0198b9f5
308281,"""1592""","[""331""]","""25053""","[""56"", ""4681"", ""39"", ""4662"", ""3343"", ""3160"", ""682"", ""5618"", ""2503"", ""6"", ""12685"", ""13840"", ""529"", ""6407"", ""12115"", ""53"", ""11832"", ""54""]",4669d8a0-2456-4928-85bb-e6a60d002ff3
308281,"""1592""","[""331""]","""25053""","[""56"", ""4681"", ""39"", ""4662"", ""3343"", ""3160"", ""682"", ""5618"", ""2503"", ""6"", ""12685"", ""13840"", ""529"", ""6407"", ""12115"", ""53"", ""11832"", ""54""]",1d026721-f926-4bdf-abee-945fea45f114
308281,"""1592""","[""331""]","""25053""","[""56"", ""4681"", ""39"", ""4662"", ""3343"", ""3160"", ""682"", ""5618"", ""2503"", ""6"", ""12685"", ""13840"", ""529"", ""6407"", ""12115"", ""53"", ""11832"", ""54""]",13f7450f-ab2c-4cc3-884b-c41445fde815
308281,"""1592""","[""331""]","""25053""","[""56"", ""4681"", ""39"", ""4662"", ""3343"", ""3160"", ""682"", ""5618"", ""2503"", ""6"", ""12685"", ""13840"", ""529"", ""6407"", ""12115"", ""53"", ""11832"", ""54""]",4bd05783-676f-42ca-8e4a-2e414d8a1579
308281,"""1592""","[""331""]","""25053""","[""56"", ""4681"", ""39"", ""4662"", ""3343"", ""3160"", ""682"", ""5618"", ""2503"", ""6"", ""12685"", ""13840"", ""529"", ""6407"", ""12115"", ""53"", ""11832"", ""54""]",a9cb2c55-9caf-48ac-a62f-4a26bff3871e
308281,"""1592""","[""331""]","""25053""","[""56"", ""4681"", ""39"", ""4662"", ""3343"", ""3160"", ""682"", ""5618"", ""2503"", ""6"", ""12685"", ""13840"", ""529"", ""6407"", ""12115"", ""53"", ""11832"", ""54""]",affc346d-bc56-4228-8c65-9a86f0ecc1f6
308281,"""1592""","[""331""]","""25053""","[""56"", ""4681"", ""39"", ""4662"", ""3343"", ""3160"", ""682"", ""5618"", ""2503"", ""6"", ""12685"", ""13840"", ""529"", ""6407"", ""12115"", ""53"", ""11832"", ""54""]",a9cb2c55-9caf-48ac-a62f-4a26bff3871e
308281,"""1592""","[""331""]","""25053""","[""56"", ""4681"", ""39"", ""4662"", ""3343"", ""3160"", ""682"", ""5618"", ""2503"", ""6"", ""12685"", ""13840"", ""529"", ""6407"", ""12115"", ""53"", ""11832"", ""54""]",bedf465d-54e5-4045-9afe-6788050ea0f2
308281,"""1592""","[""331""]","""25053""","[""56"", ""4681"", ""39"", ""4662"", ""3343"", ""3160"", ""682"", ""5618"", ""2503"", ""6"", ""12685"", ""13840"", ""529"", ""6407"", ""12115"", ""53"", ""11832"", ""54""]",4bd05783-676f-42ca-8e4a-2e414d8a1579
308281,"""1592""","[""331""]","""25053""","[""56"", ""4681"", ""39"", ""4662"", ""3343"", ""3160"", ""682"", ""5618"", ""2503"", ""6"", ""12685"", ""13840"", ""529"", ""6407"", ""12115"", ""53"", ""11832"", ""54""]",4ca2746e-db71-460a-b5cd-4b781ec9351f
308281,"""1592""","[""331""]","""25053""","[""56"", ""4681"", ""39"", ""4662"", ""3343"", ""3160"", ""682"", ""5618"", ""2503"", ""6"", ""12685"", ""13840"", ""529"", ""6407"", ""12115"", ""53"", ""11832"", ""54""]",b6b96c88-b65e-499b-a37c-d3a698baf16a
308281,"""1592""","[""331""]","""25053""","[""56"", ""4681"", ""39"", ""4662"", ""3343"", ""3160"", ""682"", ""5618"", ""2503"", ""6"", ""12685"", ""13840"", ""529"", ""6407"", ""12115"", ""53"", ""11832"", ""54""]",6a4296db-0931-42a0-93a1-774b1c7a5f93
308281,"""1592""","[""331""]","""25053""","[""56"", ""4681"", ""39"", ""4662"", ""3343"", ""3160"", ""682"", ""5618"", ""2503"", ""6"", ""12685"", ""13840"", ""529"", ""6407"", ""12115"", ""53"", ""11832"", ""54""]",56366bc3-6035-4146-a300-333c94d4f316
308281,"""1592""","[""331""]","""25053""","[""56"", ""4681"", ""39"", ""4662"", ""3343"", ""3160"", ""682"", ""5618"", ""2503"", ""6"", ""12685"", ""13840"", ""529"", ""6407"", ""12115"", ""53"", ""11832"", ""54""]",4bd05783-676f-42ca-8e4a-2e414d8a1579
308281,"""1592""","[""331""]","""25053""","[""56"", ""4681"", ""39"", ""4662"", ""3343"", ""3160"", ""682"", ""5618"", ""2503"", ""6"", ""12685"", ""13840"", ""529"", ""6407"", ""12115"", ""53"", ""11832"", ""54""]",8479fa4a-2bbf-473e-8ced-299e95b1b776
308281,"""1592""","[""331""]","""25053""","[""56"", ""4681"", ""39"", ""4662"", ""3343"", ""3160"", ""682"", ""5618"", ""2503"", ""6"", ""12685"", ""13840"", ""529"", ""6407"", ""12115"", ""53"", ""11832"", ""54""]",3eae9341-b94e-41f0-ab7e-1b9415f5b87d
308281,"""1592""","[""331""]","""25053""","[""56"", ""4681"", ""39"", ""4662"", ""3343"", ""3160"", ""682"", ""5618"", ""2503"", ""6"", ""12685"", ""13840"", ""529"", ""6407"", ""12115"", ""53"", ""11832"", ""54""]",c7934f26-576a-49ae-a5dd-b54407996d2a
308281,"""1592""","[""331""]","""25053""","[""56"", ""4681"", ""39"", ""4662"", ""3343"", ""3160"", ""682"", ""5618"", ""2503"", ""6"", ""12685"", ""13840"", ""529"", ""6407"", ""12115"", ""53"", ""11832"", ""54""]",8e33058d-dbc7-4a90-8473-b8e9733b9550
308281,"""1592""","[""331""]","""25053""","[""56"", ""4681"", ""39"", ""4662"", ""3343"", ""3160"", ""682"", ""5618"", ""2503"", ""6"", ""12685"", ""13840"", ""529"", ""6407"", ""12115"", ""53"", ""11832"", ""54""]",c9abf126-6961-4f9f-8e7b-746d72fd9309
308281,"""1592""","[""331""]","""25053""","[""56"", ""4681"", ""39"", ""4662"", ""3343"", ""3160"", ""682"", ""5618"", ""2503"", ""6"", ""12685"", ""13840"", ""529"", ""6407"", ""12115"", ""53"", ""11832"", ""54""]",3ff7b03d-96c6-4364-b906-fcba0198b9f5
308281,"""1592""","[""331""]","""25053""","[""56"", ""4681"", ""39"", ""4662"", ""3343"", ""3160"", ""682"", ""5618"", ""2503"", ""6"", ""12685"", ""13840"", ""529"", ""6407"", ""12115"", ""53"", ""11832"", ""54""]",e4907c75-6379-4a52-8381-f165d66613d8
121754,"""484""","[""78"", ""266"", ""261""]","""25015""",[],5e86ae0b-25c3-47db-ac32-45ff15c92486
121754,"""484""","[""78"", ""266"", ""261""]","""25015""",[],75ce9b9d-b3d1-43d0-ad64-b8d2d11c3969
121754,"""484""","[""78"", ""266"", ""261""]","""25015""",[],f6533a99-83c9-41d3-b5bb-ca445e1d65bb
121754,"""484""","[""78"", ""266"", ""261""]","""25015""",[],5d42c181-54c8-4ddf-a3e0-611293b42167
121754,"""484""","[""78"", ""266"", ""261""]","""25015""",[],1ddb07a4-9ab0-4590-9501-8f79aabe83c2
121754,"""484""","[""78"", ""266"", ""261""]","""25015""",[],9b2d421e-c9e0-4427-aa01-d16094007cff
121754,"""484""","[""78"", ""266"", ""261""]","""25015""",[],c6b718f8-3f0c-4018-8906-4ebcf671dded
121754,"""484""","[""78"", ""266"", ""261""]","""25015""",[],146d55d1-b849-419e-a417-0382f4b8f9f6
121754,"""484""","[""78"", ""266"", ""261""]","""25015""",[],8e7b0bad-a388-4f05-bc6a-ccb307988bf6
121754,"""484""","[""78"", ""266"", ""261""]","""25015""",[],85ad2a12-4ca9-472b-b7b7-63f5d939b770
121754,"""484""","[""78"", ""266"", ""261""]","""25015""",[],2cb3a392-b9c2-4231-97b9-f73ffbca4f86
121754,"""484""","[""78"", ""266"", ""261""]","""25015""",[],674d43a2-e2ab-4893-abbf-7954654eeb1a
121754,"""484""","[""78"", ""266"", ""261""]","""25015""",[],42b824cf-c006-4e9f-9a2c-380a93fe0ba0
121754,"""484""","[""78"", ""266"", ""261""]","""25015""",[],579662a0-5a6e-478d-91fa-fb37d1c2ca3a
121754,"""484""","[""78"", ""266"", ""261""]","""25015""",[],b7add5fb-364d-4014-aed5-e27f4638b499
121754,"""484""","[""78"", ""266"", ""261""]","""25015""",[],a8d69a63-f7b9-4915-b172-6ca7a0d5db41
121754,"""484""","[""78"", ""266"", ""261""]","""25015""",[],156036a8-adc0-44a0-bba0-e50b4171ff8f
121754,"""484""","[""78"", ""266"", ""261""]","""25015""",[],bf88c769-2a53-4954-8452-9952909ca24a
121754,"""484""","[""78"", ""266"", ""261""]","""25015""",[],64a8b125-73c0-4bf6-ac06-9d9ed16c3b42
121754,"""484""","[""78"", ""266"", ""261""]","""25015""",[],231ed061-ba8f-42e0-b31d-25622f1f2998
121754,"""484""","[""78"", ""266"", ""261""]","""25015""",[],5b2bdd7f-4674-4798-aa30-f482e6cf175c
121754,"""484""","[""78"", ""266"", ""261""]","""25015""",[],5a1b6551-9b4c-40a2-85c3-88a0c92a54f8
121754,"""484""","[""78"", ""266"", ""261""]","""25015""",[],3515d661-2c2f-46b6-976b-935c02fa6dc6
121754,"""484""","[""78"", ""266"", ""261""]","""25015""",[],abfb2566-39a4-44b9-9141-9eac0a501540
121754,"""484""","[""78"", ""266"", ""261""]","""25015""",[],db5c4e58-0134-41b6-a8f8-b7a856c955ab
121754,"""484""","[""78"", ""266"", ""261""]","""25015""",[],a44d49b0-c2fb-4d8c-a32e-4267897351c3
121754,"""484""","[""78"", ""266"", ""261""]","""25015""",[],d8f279f8-ab49-4400-a3c2-aa6107b4e058
121754,"""484""","[""78"", ""266"", ""261""]","""25015""",[],156036a8-adc0-44a0-bba0-e50b4171ff8f
121754,"""484""","[""78"", ""266"", ""261""]","""25015""",[],74a292bc-323b-463a-b876-61d2e945abba
121754,"""484""","[""78"", ""266"", ""261""]","""25015""",[],e2f339e8-5745-42cd-ad00-e35aded7866d
121754,"""484""","[""78"", ""266"", ""261""]","""25015""",[],28888abd-adfa-481f-b085-44806b84c587
121754,"""484""","[""78"", ""266"", ""261""]","""25015""",[],883666ad-bd6b-435e-897c-b2ffc8860121
121754,"""484""","[""78"", ""266"", ""261""]","""25015""",[],94540cbe-8fa9-4a0c-9ed3-7996ec738a17
121754,"""484""","[""78"", ""266"", ""261""]","""25015""",[],156036a8-adc0-44a0-bba0-e50b4171ff8f
121754,"""484""","[""78"", ""266"", ""261""]","""25015""",[],f6533a99-83c9-41d3-b5bb-ca445e1d65bb
121754,"""484""","[""78"", ""266"", ""261""]","""25015""",[],2898757d-0df0-4f98-983c-e96e1b8554a0
121754,"""484""","[""78"", ""266"", ""261""]","""25015""",[],a8d69a63-f7b9-4915-b172-6ca7a0d5db41
121754,"""484""","[""78"", ""266"", ""261""]","""25015""",[],a8d69a63-f7b9-4915-b172-6ca7a0d5db41
121754,"""484""","[""78"", ""266"", ""261""]","""25015""",[],19a52202-9bbf-4f8e-bb23-78d216803df6
142610,"""834""","[""171""]","""25021""","[""1"", ""486"", ""3"", ""4"", ""5"", ""54""]",217753d1-dd1e-48c9-943d-e1045c29d2c0
142610,"""834""","[""171""]","""25021""","[""1"", ""486"", ""3"", ""4"", ""5"", ""54""]",6a23ab18-0715-4882-ad13-69711c1cec9f
142610,"""834""","[""171""]","""25021""","[""1"", ""486"", ""3"", ""4"", ""5"", ""54""]",6eabd4e8-d86a-43f4-a33a-bae671f54196
142610,"""834""","[""171""]","""25021""","[""1"", ""486"", ""3"", ""4"", ""5"", ""54""]",e43e06a8-48db-420e-a7a2-bb1bc9dfc7f2
142610,"""834""","[""171""]","""25021""","[""1"", ""486"", ""3"", ""4"", ""5"", ""54""]",9be21727-41ce-4625-92cf-c654cc88e169
142610,"""834""","[""171""]","""25021""","[""1"", ""486"", ""3"", ""4"", ""5"", ""54""]",30bcadae-83a5-4fdd-86ce-16be97d15c8d
142610,"""834""","[""171""]","""25021""","[""1"", ""486"", ""3"", ""4"", ""5"", ""54""]",320e8ba0-d64b-4952-ba9e-704e3952fb27
142610,"""834""","[""171""]","""25021""","[""1"", ""486"", ""3"", ""4"", ""5"", ""54""]",aa072a71-b1e5-44f9-9a17-75410e4cdf2d
142610,"""834""","[""171""]","""25021""","[""1"", ""486"", ""3"", ""4"", ""5"", ""54""]",3af6f4aa-8077-49db-8175-86a34f269b91
142610,"""834""","[""171""]","""25021""","[""1"", ""486"", ""3"", ""4"", ""5"", ""54""]",46c95f94-f31c-4e01-8437-de6734acea47
142610,"""834""","[""171""]","""25021""","[""1"", ""486"", ""3"", ""4"", ""5"", ""54""]",514612bf-0b54-4f8f-a9c5-172f9d014f52
142610,"""834""","[""171""]","""25021""","[""1"", ""486"", ""3"", ""4"", ""5"", ""54""]",6a23ab18-0715-4882-ad13-69711c1cec9f
142610,"""834""","[""171""]","""25021""","[""1"", ""486"", ""3"", ""4"", ""5"", ""54""]",a8047d6e-7f19-4e3d-845c-e98ebdcd5961
142610,"""834""","[""171""]","""25021""","[""1"", ""486"", ""3"", ""4"", ""5"", ""54""]",a44d49b0-c2fb-4d8c-a32e-4267897351c3
142610,"""834""","[""171""]","""25021""","[""1"", ""486"", ""3"", ""4"", ""5"", ""54""]",6a23ab18-0715-4882-ad13-69711c1cec9f
142610,"""834""","[""171""]","""25021""","[""1"", ""486"", ""3"", ""4"", ""5"", ""54""]",bedf465d-54e5-4045-9afe-6788050ea0f2
142610,"""834""","[""171""]","""25021""","[""1"", ""486"", ""3"", ""4"", ""5"", ""54""]",4ca2746e-db71-460a-b5cd-4b781ec9351f
142610,"""834""","[""171""]","""25021""","[""1"", ""486"", ""3"", ""4"", ""5"", ""54""]",752f7c89-a61d-4e1c-852b-b91912cc5a5b
142610,"""834""","[""171""]","""25021""","[""1"", ""486"", ""3"", ""4"", ""5"", ""54""]",6a23ab18-0715-4882-ad13-69711c1cec9f
142610,"""834""","[""171""]","""25021""","[""1"", ""486"", ""3"", ""4"", ""5"", ""54""]",1669750b-96e1-4ec5-9afd-f2c5a2279d40
142610,"""834""","[""171""]","""25021""","[""1"", ""486"", ""3"", ""4"", ""5"", ""54""]",70131932-acb9-4458-924c-a64a85a0e7f1
142610,"""834""","[""171""]","""25021""","[""1"", ""486"", ""3"", ""4"", ""5"", ""54""]",174cb419-f6f5-403b-9ddc-9c71cf97e76c
142610,"""834""","[""171""]","""25021""","[""1"", ""486"", ""3"", ""4"", ""5"", ""54""]",c84f15c0-312d-44d8-980a-a90e8782871b
142610,"""834""","[""171""]","""25021""","[""1"", ""486"", ""3"", ""4"", ""5"", ""54""]",f5886c7d-d4b0-4f79-9622-0450bb358aa5
142610,"""834""","[""171""]","""25021""","[""1"", ""486"", ""3"", ""4"", ""5"", ""54""]",c84f15c0-312d-44d8-980a-a90e8782871b
142610,"""834""","[""171""]","""25021""","[""1"", ""486"", ""3"", ""4"", ""5"", ""54""]",514612bf-0b54-4f8f-a9c5-172f9d014f52
142610,"""834""","[""171""]","""25021""","[""1"", ""486"", ""3"", ""4"", ""5"", ""54""]",92cba589-518d-43c8-b890-ee5a41e85ccf
142610,"""834""","[""171""]","""25021""","[""1"", ""486"", ""3"", ""4"", ""5"", ""54""]",217753d1-dd1e-48c9-943d-e1045c29d2c0
142610,"""834""","[""171""]","""25021""","[""1"", ""486"", ""3"", ""4"", ""5"", ""54""]",a44d49b0-c2fb-4d8c-a32e-4267897351c3
142610,"""834""","[""171""]","""25021""","[""1"", ""486"", ""3"", ""4"", ""5"", ""54""]",f5886c7d-d4b0-4f79-9622-0450bb358aa5
142610,"""834""","[""171""]","""25021""","[""1"", ""486"", ""3"", ""4"", ""5"", ""54""]",e4907c75-6379-4a52-8381-f165d66613d8
142610,"""834""","[""171""]","""25021""","[""1"", ""486"", ""3"", ""4"", ""5"", ""54""]",3e111195-dc0b-46fb-a478-0b6e93fb2328
142610,"""834""","[""171""]","""25021""","[""1"", ""486"", ""3"", ""4"", ""5"", ""54""]",85086afc-7165-4425-bd55-550749300772
142610,"""834""","[""171""]","""25021""","[""1"", ""486"", ""3"", ""4"", ""5"", ""54""]",24518dd2-da26-4816-80f1-00860d971973
142610,"""834""","[""171""]","""25021""","[""1"", ""486"", ""3"", ""4"", ""5"", ""54""]",85086afc-7165-4425-bd55-550749300772
142610,"""834""","[""171""]","""25021""","[""1"", ""486"", ""3"", ""4"", ""5"", ""54""]",f5886c7d-d4b0-4f79-9622-0450bb358aa5
142610,"""834""","[""171""]","""25021""","[""1"", ""486"", ""3"", ""4"", ""5"", ""54""]",24518dd2-da26-4816-80f1-00860d971973
142610,"""834""","[""171""]","""25021""","[""1"", ""486"", ""3"", ""4"", ""5"", ""54""]",e2ef075e-25b3-4fc4-94c4-a1b786d37473
142610,"""834""","[""171""]","""25021""","[""1"", ""486"", ""3"", ""4"", ""5"", ""54""]",c84f15c0-312d-44d8-980a-a90e8782871b
142610,"""834""","[""171""]","""25021""","[""1"", ""486"", ""3"", ""4"", ""5"", ""54""]",a44d49b0-c2fb-4d8c-a32e-4267897351c3
142610,"""834""","[""171""]","""25021""","[""1"", ""486"", ""3"", ""4"", ""5"", ""54""]",46c95f94-f31c-4e01-8437-de6734acea47
142610,"""834""","[""171""]","""25021""","[""1"", ""486"", ""3"", ""4"", ""5"", ""54""]",528f28b5-8fc1-4723-a6e0-3aba33a03ab6
142610,"""834""","[""171""]","""25021""","[""1"", ""486"", ""3"", ""4"", ""5"", ""54""]",514612bf-0b54-4f8f-a9c5-172f9d014f52
142610,"""834""","[""171""]","""25021""","[""1"", ""486"", ""3"", ""4"", ""5"", ""54""]",87ab40b4-4390-4ea7-b06c-2f95c92f36d2
142610,"""834""","[""171""]","""25021""","[""1"", ""486"", ""3"", ""4"", ""5"", ""54""]",8d342a12-02da-4d87-995e-8b790f7259d7
142610,"""834""","[""171""]","""25021""","[""1"", ""486"", ""3"", ""4"", ""5"", ""54""]",a4d39eaf-60a7-438c-803a-61cf5296f3c3
142610,"""834""","[""171""]","""25021""","[""1"", ""486"", ""3"", ""4"", ""5"", ""54""]",f5886c7d-d4b0-4f79-9622-0450bb358aa5
142610,"""834""","[""171""]","""25021""","[""1"", ""486"", ""3"", ""4"", ""5"", ""54""]",320e8ba0-d64b-4952-ba9e-704e3952fb27
142610,"""834""","[""171""]","""25021""","[""1"", ""486"", ""3"", ""4"", ""5"", ""54""]",7047ac9c-5678-4728-921d-b45bfe5b9444
142610,"""834""","[""171""]","""25021""","[""1"", ""486"", ""3"", ""4"", ""5"", ""54""]",72835d6b-ac05-4ab3-b135-7c7925e0d58a
142610,"""834""","[""171""]","""25021""","[""1"", ""486"", ""3"", ""4"", ""5"", ""54""]",752f7c89-a61d-4e1c-852b-b91912cc5a5b
142610,"""834""","[""171""]","""25021""","[""1"", ""486"", ""3"", ""4"", ""5"", ""54""]",e2ef075e-25b3-4fc4-94c4-a1b786d37473
142610,"""834""","[""171""]","""25021""","[""1"", ""486"", ""3"", ""4"", ""5"", ""54""]",f5886c7d-d4b0-4f79-9622-0450bb358aa5
142610,"""834""","[""171""]","""25021""","[""1"", ""486"", ""3"", ""4"", ""5"", ""54""]",a8047d6e-7f19-4e3d-845c-e98ebdcd5961
142610,"""834""","[""171""]","""25021""","[""1"", ""486"", ""3"", ""4"", ""5"", ""54""]",84c58f70-6b3b-48a4-a441-1f1096af227f
142610,"""834""","[""171""]","""25021""","[""1"", ""486"", ""3"", ""4"", ""5"", ""54""]",3af6f4aa-8077-49db-8175-86a34f269b91
142610,"""834""","[""171""]","""25021""","[""1"", ""486"", ""3"", ""4"", ""5"", ""54""]",a5386922-09cd-43c0-90d4-23a7e4d8049d
142610,"""834""","[""171""]","""25021""","[""1"", ""486"", ""3"", ""4"", ""5"", ""54""]",4ef5bb3f-6460-4b00-a8af-38b676c98082
142610,"""834""","[""171""]","""25021""","[""1"", ""486"", ""3"", ""4"", ""5"", ""54""]",46c95f94-f31c-4e01-8437-de6734acea47
142610,"""834""","[""171""]","""25021""","[""1"", ""486"", ""3"", ""4"", ""5"", ""54""]",87ab40b4-4390-4ea7-b06c-2f95c92f36d2
142610,"""834""","[""171""]","""25021""","[""1"", ""486"", ""3"", ""4"", ""5"", ""54""]",752f7c89-a61d-4e1c-852b-b91912cc5a5b
142610,"""834""","[""171""]","""25021""","[""1"", ""486"", ""3"", ""4"", ""5"", ""54""]",514612bf-0b54-4f8f-a9c5-172f9d014f52
142610,"""834""","[""171""]","""25021""","[""1"", ""486"", ""3"", ""4"", ""5"", ""54""]",74d1dbe8-6b54-4f59-b87b-e3d8bae64e45
142610,"""834""","[""171""]","""25021""","[""1"", ""486"", ""3"", ""4"", ""5"", ""54""]",a44d49b0-c2fb-4d8c-a32e-4267897351c3
142610,"""834""","[""171""]","""25021""","[""1"", ""486"", ""3"", ""4"", ""5"", ""54""]",c84f15c0-312d-44d8-980a-a90e8782871b
142610,"""834""","[""171""]","""25021""","[""1"", ""486"", ""3"", ""4"", ""5"", ""54""]",a8047d6e-7f19-4e3d-845c-e98ebdcd5961
142610,"""834""","[""171""]","""25021""","[""1"", ""486"", ""3"", ""4"", ""5"", ""54""]",752f7c89-a61d-4e1c-852b-b91912cc5a5b
142610,"""834""","[""171""]","""25021""","[""1"", ""486"", ""3"", ""4"", ""5"", ""54""]",f5886c7d-d4b0-4f79-9622-0450bb358aa5
142610,"""834""","[""171""]","""25021""","[""1"", ""486"", ""3"", ""4"", ""5"", ""54""]",b820cf93-b32e-42ee-8ec7-b19fe8866060
142610,"""834""","[""171""]","""25021""","[""1"", ""486"", ""3"", ""4"", ""5"", ""54""]",c84f15c0-312d-44d8-980a-a90e8782871b
142610,"""834""","[""171""]","""25021""","[""1"", ""486"", ""3"", ""4"", ""5"", ""54""]",a44d49b0-c2fb-4d8c-a32e-4267897351c3
142610,"""834""","[""171""]","""25021""","[""1"", ""486"", ""3"", ""4"", ""5"", ""54""]",4b210238-b405-495f-9b37-68f9825bfc44
142610,"""834""","[""171""]","""25021""","[""1"", ""486"", ""3"", ""4"", ""5"", ""54""]",c6c384d0-f61a-4717-8212-ed9ca1e17957
142610,"""834""","[""171""]","""25021""","[""1"", ""486"", ""3"", ""4"", ""5"", ""54""]",87ab40b4-4390-4ea7-b06c-2f95c92f36d2
142610,"""834""","[""171""]","""25021""","[""1"", ""486"", ""3"", ""4"", ""5"", ""54""]",c84f15c0-312d-44d8-980a-a90e8782871b
142610,"""834""","[""171""]","""25021""","[""1"", ""486"", ""3"", ""4"", ""5"", ""54""]",4472efe7-58d6-4b2f-9904-8095885c7fc2
142610,"""834""","[""171""]","""25021""","[""1"", ""486"", ""3"", ""4"", ""5"", ""54""]",e2ef075e-25b3-4fc4-94c4-a1b786d37473
142610,"""834""","[""171""]","""25021""","[""1"", ""486"", ""3"", ""4"", ""5"", ""54""]",24518dd2-da26-4816-80f1-00860d971973
142610,"""834""","[""171""]","""25021""","[""1"", ""486"", ""3"", ""4"", ""5"", ""54""]",3af6f4aa-8077-49db-8175-86a34f269b91
142610,"""834""","[""171""]","""25021""","[""1"", ""486"", ""3"", ""4"", ""5"", ""54""]",468ea3d4-9358-4e0e-bccc-67e991b62772
142610,"""834""","[""171""]","""25021""","[""1"", ""486"", ""3"", ""4"", ""5"", ""54""]",2ac6e9e7-a5c9-43b0-9948-a6601b15194c
142610,"""834""","[""171""]","""25021""","[""1"", ""486"", ""3"", ""4"", ""5"", ""54""]",a4d39eaf-60a7-438c-803a-61cf5296f3c3
142610,"""834""","[""171""]","""25021""","[""1"", ""486"", ""3"", ""4"", ""5"", ""54""]",46c95f94-f31c-4e01-8437-de6734acea47
142610,"""834""","[""171""]","""25021""","[""1"", ""486"", ""3"", ""4"", ""5"", ""54""]",9593013a-6ccd-4042-bef8-725541d62735
142610,"""834""","[""171""]","""25021""","[""1"", ""486"", ""3"", ""4"", ""5"", ""54""]",4f8117c8-24cc-4b41-8fb0-508af8ce51e8
142610,"""834""","[""171""]","""25021""","[""1"", ""486"", ""3"", ""4"", ""5"", ""54""]",e0e21c2e-5ef0-4934-a7c9-fec9b6981ce9
142610,"""834""","[""171""]","""25021""","[""1"", ""486"", ""3"", ""4"", ""5"", ""54""]",26204057-f21e-4308-a762-7f9bef66761d
142610,"""834""","[""171""]","""25021""","[""1"", ""486"", ""3"", ""4"", ""5"", ""54""]",da00c539-5875-4aa4-9b82-07c17e861d9f
142610,"""834""","[""171""]","""25021""","[""1"", ""486"", ""3"", ""4"", ""5"", ""54""]",d69aff2f-7303-489b-85d8-a146078c6893
142610,"""834""","[""171""]","""25021""","[""1"", ""486"", ""3"", ""4"", ""5"", ""54""]",e2ef075e-25b3-4fc4-94c4-a1b786d37473
142610,"""834""","[""171""]","""25021""","[""1"", ""486"", ""3"", ""4"", ""5"", ""54""]",217753d1-dd1e-48c9-943d-e1045c29d2c0
142610,"""834""","[""171""]","""25021""","[""1"", ""486"", ""3"", ""4"", ""5"", ""54""]",24518dd2-da26-4816-80f1-00860d971973
142610,"""834""","[""171""]","""25021""","[""1"", ""486"", ""3"", ""4"", ""5"", ""54""]",92f0f596-4df2-402e-b1a9-56a393f810c0
142610,"""834""","[""171""]","""25021""","[""1"", ""486"", ""3"", ""4"", ""5"", ""54""]",24518dd2-da26-4816-80f1-00860d971973
142610,"""834""","[""171""]","""25021""","[""1"", ""486"", ""3"", ""4"", ""5"", ""54""]",bc09ce8f-5ccf-4d2e-80ff-28761c439f2b
142610,"""834""","[""171""]","""25021""","[""1"", ""486"", ""3"", ""4"", ""5"", ""54""]",95a308f0-23f5-4f7f-9d82-c59c59d21cbc
142610,"""834""","[""171""]","""25021""","[""1"", ""486"", ""3"", ""4"", ""5"", ""54""]",c84f15c0-312d-44d8-980a-a90e8782871b
142610,"""834""","[""171""]","""25021""","[""1"", ""486"", ""3"", ""4"", ""5"", ""54""]",e9e2ecbd-1d43-4c93-96cc-2fca96688b48
142610,"""834""","[""171""]","""25021""","[""1"", ""486"", ""3"", ""4"", ""5"", ""54""]",514612bf-0b54-4f8f-a9c5-172f9d014f52
142610,"""834""","[""171""]","""25021""","[""1"", ""486"", ""3"", ""4"", ""5"", ""54""]",e2ef075e-25b3-4fc4-94c4-a1b786d37473
142610,"""834""","[""171""]","""25021""","[""1"", ""486"", ""3"", ""4"", ""5"", ""54""]",cc070232-4fad-4898-a679-9e0d7af66966
142610,"""834""","[""171""]","""25021""","[""1"", ""486"", ""3"", ""4"", ""5"", ""54""]",c84f15c0-312d-44d8-980a-a90e8782871b
142610,"""834""","[""171""]","""25021""","[""1"", ""486"", ""3"", ""4"", ""5"", ""54""]",14b52d03-d6bf-430f-b4d0-26bca1446f1a
142610,"""834""","[""171""]","""25021""","[""1"", ""486"", ""3"", ""4"", ""5"", ""54""]",24518dd2-da26-4816-80f1-00860d971973
142610,"""834""","[""171""]","""25021""","[""1"", ""486"", ""3"", ""4"", ""5"", ""54""]",28a08a53-ca40-4a84-8c4a-8632a40b8e5c
142610,"""834""","[""171""]","""25021""","[""1"", ""486"", ""3"", ""4"", ""5"", ""54""]",46c95f94-f31c-4e01-8437-de6734acea47
142610,"""834""","[""171""]","""25021""","[""1"", ""486"", ""3"", ""4"", ""5"", ""54""]",b85be270-27c1-4273-b8d5-ce5cc9efa180
142610,"""834""","[""171""]","""25021""","[""1"", ""486"", ""3"", ""4"", ""5"", ""54""]",a8047d6e-7f19-4e3d-845c-e98ebdcd5961
142610,"""834""","[""171""]","""25021""","[""1"", ""486"", ""3"", ""4"", ""5"", ""54""]",320e8ba0-d64b-4952-ba9e-704e3952fb27
142610,"""834""","[""171""]","""25021""","[""1"", ""486"", ""3"", ""4"", ""5"", ""54""]",752f7c89-a61d-4e1c-852b-b91912cc5a5b
142610,"""834""","[""171""]","""25021""","[""1"", ""486"", ""3"", ""4"", ""5"", ""54""]",52f9d227-109a-491f-bab8-d5bbb8ee0757
142610,"""834""","[""171""]","""25021""","[""1"", ""486"", ""3"", ""4"", ""5"", ""54""]",843a6901-ebdc-4d47-8722-8cc9365eb51a
142610,"""834""","[""171""]","""25021""","[""1"", ""486"", ""3"", ""4"", ""5"", ""54""]",c84f15c0-312d-44d8-980a-a90e8782871b
142610,"""834""","[""171""]","""25021""","[""1"", ""486"", ""3"", ""4"", ""5"", ""54""]",6a23ab18-0715-4882-ad13-69711c1cec9f
142610,"""834""","[""171""]","""25021""","[""1"", ""486"", ""3"", ""4"", ""5"", ""54""]",31892b6e-b28f-4248-88e2-00f3a3b79931
142610,"""834""","[""171""]","""25021""","[""1"", ""486"", ""3"", ""4"", ""5"", ""54""]",b7718366-72f6-4a2e-9e88-783ba37b7973
142610,"""834""","[""171""]","""25021""","[""1"", ""486"", ""3"", ""4"", ""5"", ""54""]",cfdf836d-eceb-4f73-a4e5-fbf80a7cd89e
142610,"""834""","[""171""]","""25021""","[""1"", ""486"", ""3"", ""4"", ""5"", ""54""]",e2ef075e-25b3-4fc4-94c4-a1b786d37473
142610,"""834""","[""171""]","""25021""","[""1"", ""486"", ""3"", ""4"", ""5"", ""54""]",320e8ba0-d64b-4952-ba9e-704e3952fb27
142610,"""834""","[""171""]","""25021""","[""1"", ""486"", ""3"", ""4"", ""5"", ""54""]",ec362a23-03b9-4f30-ae32-0fb1a86d5fe5
142610,"""834""","[""171""]","""25021""","[""1"", ""486"", ""3"", ""4"", ""5"", ""54""]",9ce678d0-9143-4c69-92fe-1d55622ce17f
142610,"""834""","[""171""]","""25021""","[""1"", ""486"", ""3"", ""4"", ""5"", ""54""]",85872cbf-3748-46b6-8605-83a216744134
142610,"""834""","[""171""]","""25021""","[""1"", ""486"", ""3"", ""4"", ""5"", ""54""]",5d678469-9d3c-49f5-9d57-6be682e9c67f
142610,"""834""","[""171""]","""25021""","[""1"", ""486"", ""3"", ""4"", ""5"", ""54""]",fb81438a-e456-4fa4-9044-656575323a22
142610,"""834""","[""171""]","""25021""","[""1"", ""486"", ""3"", ""4"", ""5"", ""54""]",5952614e-6312-4866-905e-e0ff2ce20916
142610,"""834""","[""171""]","""25021""","[""1"", ""486"", ""3"", ""4"", ""5"", ""54""]",5a55f7bf-0d3a-4c0e-86a1-2ac3ad54bff6
142610,"""834""","[""171""]","""25021""","[""1"", ""486"", ""3"", ""4"", ""5"", ""54""]",dd9747a4-5bac-457a-94e0-a3962ceed71c
142610,"""834""","[""171""]","""25021""","[""1"", ""486"", ""3"", ""4"", ""5"", ""54""]",1226ec54-7fbe-47cd-9b0a-d818894d5775
121754,"""484""","[""78"", ""266"", ""261""]","""25015""",[],68116f5c-f37f-43cd-8d2c-c1001f0b93ff
121754,"""484""","[""78"", ""266"", ""261""]","""25015""",[],54571d8b-36dc-4767-a554-94b07bc01123
121754,"""484""","[""78"", ""266"", ""261""]","""25015""",[],d7d2f9c5-6e82-4425-8467-9147400ca608
121754,"""484""","[""78"", ""266"", ""261""]","""25015""",[],5062c132-8059-45fd-b8f0-0026f64afeb8
121754,"""484""","[""78"", ""266"", ""261""]","""25015""",[],c1bb22ff-ffc7-496f-a78d-0efe54612ea6
121754,"""484""","[""78"", ""266"", ""261""]","""25015""",[],fde6c975-da14-4fee-b070-4ca351fff382
121754,"""484""","[""78"", ""266"", ""261""]","""25015""",[],f74a25a1-767d-47b6-bd54-8e72c1dfb43c
121754,"""484""","[""78"", ""266"", ""261""]","""25015""",[],b1db4122-1c29-4ebc-b3eb-4d270b7f72d9
121754,"""484""","[""78"", ""266"", ""261""]","""25015""",[],9216ee68-c3fb-477a-a75d-a351a92f630b
121754,"""484""","[""78"", ""266"", ""261""]","""25015""",[],f6533a99-83c9-41d3-b5bb-ca445e1d65bb
121754,"""484""","[""78"", ""266"", ""261""]","""25015""",[],927510f9-80d0-4faa-bdfe-b47b2eb386f4
121754,"""484""","[""78"", ""266"", ""261""]","""25015""",[],a8d69a63-f7b9-4915-b172-6ca7a0d5db41
121754,"""484""","[""78"", ""266"", ""261""]","""25015""",[],f054d44c-d820-4846-987c-92f41ceb0cf6
121754,"""484""","[""78"", ""266"", ""261""]","""25015""",[],6e46cddd-155d-400a-bbd3-06340c6e192c
121754,"""484""","[""78"", ""266"", ""261""]","""25015""",[],876a2dbc-5e09-4336-ba0f-708a44788433
308281,"""1592""","[""331""]","""25053""","[""56"", ""4681"", ""39"", ""4662"", ""3343"", ""3160"", ""682"", ""5618"", ""2503"", ""6"", ""12685"", ""13840"", ""529"", ""6407"", ""12115"", ""53"", ""11832"", ""54""]",6a4296db-0931-42a0-93a1-774b1c7a5f93
308281,"""1592""","[""331""]","""25053""","[""56"", ""4681"", ""39"", ""4662"", ""3343"", ""3160"", ""682"", ""5618"", ""2503"", ""6"", ""12685"", ""13840"", ""529"", ""6407"", ""12115"", ""53"", ""11832"", ""54""]",4bd05783-676f-42ca-8e4a-2e414d8a1579
308281,"""1592""","[""331""]","""25053""","[""56"", ""4681"", ""39"", ""4662"", ""3343"", ""3160"", ""682"", ""5618"", ""2503"", ""6"", ""12685"", ""13840"", ""529"", ""6407"", ""12115"", ""53"", ""11832"", ""54""]",f3751969-b820-4ded-b161-8393e59cccad
308281,"""1592""","[""331""]","""25053""","[""56"", ""4681"", ""39"", ""4662"", ""3343"", ""3160"", ""682"", ""5618"", ""2503"", ""6"", ""12685"", ""13840"", ""529"", ""6407"", ""12115"", ""53"", ""11832"", ""54""]",4bd05783-676f-42ca-8e4a-2e414d8a1579
308281,"""1592""","[""331""]","""25053""","[""56"", ""4681"", ""39"", ""4662"", ""3343"", ""3160"", ""682"", ""5618"", ""2503"", ""6"", ""12685"", ""13840"", ""529"", ""6407"", ""12115"", ""53"", ""11832"", ""54""]",bd08ccef-3a20-4bff-a060-617127c8dc9b
308281,"""1592""","[""331""]","""25053""","[""56"", ""4681"", ""39"", ""4662"", ""3343"", ""3160"", ""682"", ""5618"", ""2503"", ""6"", ""12685"", ""13840"", ""529"", ""6407"", ""12115"", ""53"", ""11832"", ""54""]",4bd05783-676f-42ca-8e4a-2e414d8a1579
308281,"""1592""","[""331""]","""25053""","[""56"", ""4681"", ""39"", ""4662"", ""3343"", ""3160"", ""682"", ""5618"", ""2503"", ""6"", ""12685"", ""13840"", ""529"", ""6407"", ""12115"", ""53"", ""11832"", ""54""]",3d998dcd-2226-4b04-9c97-b39f7b6fe997
308281,"""1592""","[""331""]","""25053""","[""56"", ""4681"", ""39"", ""4662"", ""3343"", ""3160"", ""682"", ""5618"", ""2503"", ""6"", ""12685"", ""13840"", ""529"", ""6407"", ""12115"", ""53"", ""11832"", ""54""]",3a733b87-26e1-4956-823c-591f948dca54
308281,"""1592""","[""331""]","""25053""","[""56"", ""4681"", ""39"", ""4662"", ""3343"", ""3160"", ""682"", ""5618"", ""2503"", ""6"", ""12685"", ""13840"", ""529"", ""6407"", ""12115"", ""53"", ""11832"", ""54""]",3ff7b03d-96c6-4364-b906-fcba0198b9f5
308281,"""1592""","[""331""]","""25053""","[""56"", ""4681"", ""39"", ""4662"", ""3343"", ""3160"", ""682"", ""5618"", ""2503"", ""6"", ""12685"", ""13840"", ""529"", ""6407"", ""12115"", ""53"", ""11832"", ""54""]",2cc4be75-15f9-4aa6-8ae8-2ed94730e5be
308281,"""1592""","[""331""]","""25053""","[""56"", ""4681"", ""39"", ""4662"", ""3343"", ""3160"", ""682"", ""5618"", ""2503"", ""6"", ""12685"", ""13840"", ""529"", ""6407"", ""12115"", ""53"", ""11832"", ""54""]",6a4296db-0931-42a0-93a1-774b1c7a5f93
308281,"""1592""","[""331""]","""25053""","[""56"", ""4681"", ""39"", ""4662"", ""3343"", ""3160"", ""682"", ""5618"", ""2503"", ""6"", ""12685"", ""13840"", ""529"", ""6407"", ""12115"", ""53"", ""11832"", ""54""]",06b6b0bd-5e8d-4033-a4d3-c9c6efc7a8a9
308281,"""1592""","[""331""]","""25053""","[""56"", ""4681"", ""39"", ""4662"", ""3343"", ""3160"", ""682"", ""5618"", ""2503"", ""6"", ""12685"", ""13840"", ""529"", ""6407"", ""12115"", ""53"", ""11832"", ""54""]",06b6b0bd-5e8d-4033-a4d3-c9c6efc7a8a9
308281,"""1592""","[""331""]","""25053""","[""56"", ""4681"", ""39"", ""4662"", ""3343"", ""3160"", ""682"", ""5618"", ""2503"", ""6"", ""12685"", ""13840"", ""529"", ""6407"", ""12115"", ""53"", ""11832"", ""54""]",82898593-eea5-4032-8506-352a63bef889
308281,"""1592""","[""331""]","""25053""","[""56"", ""4681"", ""39"", ""4662"", ""3343"", ""3160"", ""682"", ""5618"", ""2503"", ""6"", ""12685"", ""13840"", ""529"", ""6407"", ""12115"", ""53"", ""11832"", ""54""]",0e00359a-7de7-41b5-9f4c-800c7eff4598
308281,"""1592""","[""331""]","""25053""","[""56"", ""4681"", ""39"", ""4662"", ""3343"", ""3160"", ""682"", ""5618"", ""2503"", ""6"", ""12685"", ""13840"", ""529"", ""6407"", ""12115"", ""53"", ""11832"", ""54""]",16569356-8af1-43fe-8077-e13a2ce144a5
308281,"""1592""","[""331""]","""25053""","[""56"", ""4681"", ""39"", ""4662"", ""3343"", ""3160"", ""682"", ""5618"", ""2503"", ""6"", ""12685"", ""13840"", ""529"", ""6407"", ""12115"", ""53"", ""11832"", ""54""]",7e9e551b-6b25-48c6-a867-00c8f02bee6e
308281,"""1592""","[""331""]","""25053""","[""56"", ""4681"", ""39"", ""4662"", ""3343"", ""3160"", ""682"", ""5618"", ""2503"", ""6"", ""12685"", ""13840"", ""529"", ""6407"", ""12115"", ""53"", ""11832"", ""54""]",3ff7b03d-96c6-4364-b906-fcba0198b9f5
308281,"""1592""","[""331""]","""25053""","[""56"", ""4681"", ""39"", ""4662"", ""3343"", ""3160"", ""682"", ""5618"", ""2503"", ""6"", ""12685"", ""13840"", ""529"", ""6407"", ""12115"", ""53"", ""11832"", ""54""]",7063e475-698a-46df-88a8-593fcf7141aa
308281,"""1592""","[""331""]","""25053""","[""56"", ""4681"", ""39"", ""4662"", ""3343"", ""3160"", ""682"", ""5618"", ""2503"", ""6"", ""12685"", ""13840"", ""529"", ""6407"", ""12115"", ""53"", ""11832"", ""54""]",4ef5bb3f-6460-4b00-a8af-38b676c98082
308281,"""1592""","[""331""]","""25053""","[""56"", ""4681"", ""39"", ""4662"", ""3343"", ""3160"", ""682"", ""5618"", ""2503"", ""6"", ""12685"", ""13840"", ""529"", ""6407"", ""12115"", ""53"", ""11832"", ""54""]",82898593-eea5-4032-8506-352a63bef889
308281,"""1592""","[""331""]","""25053""","[""56"", ""4681"", ""39"", ""4662"", ""3343"", ""3160"", ""682"", ""5618"", ""2503"", ""6"", ""12685"", ""13840"", ""529"", ""6407"", ""12115"", ""53"", ""11832"", ""54""]",4bd05783-676f-42ca-8e4a-2e414d8a1579
308281,"""1592""","[""331""]","""25053""","[""56"", ""4681"", ""39"", ""4662"", ""3343"", ""3160"", ""682"", ""5618"", ""2503"", ""6"", ""12685"", ""13840"", ""529"", ""6407"", ""12115"", ""53"", ""11832"", ""54""]",74d1dbe8-6b54-4f59-b87b-e3d8bae64e45
308281,"""1592""","[""331""]","""25053""","[""56"", ""4681"", ""39"", ""4662"", ""3343"", ""3160"", ""682"", ""5618"", ""2503"", ""6"", ""12685"", ""13840"", ""529"", ""6407"", ""12115"", ""53"", ""11832"", ""54""]",54ecaf9f-175d-4b9a-8f52-42bb7bdf4c18
308281,"""1592""","[""331""]","""25053""","[""56"", ""4681"", ""39"", ""4662"", ""3343"", ""3160"", ""682"", ""5618"", ""2503"", ""6"", ""12685"", ""13840"", ""529"", ""6407"", ""12115"", ""53"", ""11832"", ""54""]",6a4296db-0931-42a0-93a1-774b1c7a5f93
308281,"""1592""","[""331""]","""25053""","[""56"", ""4681"", ""39"", ""4662"", ""3343"", ""3160"", ""682"", ""5618"", ""2503"", ""6"", ""12685"", ""13840"", ""529"", ""6407"", ""12115"", ""53"", ""11832"", ""54""]",a9cb2c55-9caf-48ac-a62f-4a26bff3871e
308281,"""1592""","[""331""]","""25053""","[""56"", ""4681"", ""39"", ""4662"", ""3343"", ""3160"", ""682"", ""5618"", ""2503"", ""6"", ""12685"", ""13840"", ""529"", ""6407"", ""12115"", ""53"", ""11832"", ""54""]",9d89921e-dc0a-4e32-ad2c-9a4416dcfee9
308281,"""1592""","[""331""]","""25053""","[""56"", ""4681"", ""39"", ""4662"", ""3343"", ""3160"", ""682"", ""5618"", ""2503"", ""6"", ""12685"", ""13840"", ""529"", ""6407"", ""12115"", ""53"", ""11832"", ""54""]",944354b0-b782-49ec-a3a9-89e949e88ea6
308281,"""1592""","[""331""]","""25053""","[""56"", ""4681"", ""39"", ""4662"", ""3343"", ""3160"", ""682"", ""5618"", ""2503"", ""6"", ""12685"", ""13840"", ""529"", ""6407"", ""12115"", ""53"", ""11832"", ""54""]",a9cb2c55-9caf-48ac-a62f-4a26bff3871e
308281,"""1592""","[""331""]","""25053""","[""56"", ""4681"", ""39"", ""4662"", ""3343"", ""3160"", ""682"", ""5618"", ""2503"", ""6"", ""12685"", ""13840"", ""529"", ""6407"", ""12115"", ""53"", ""11832"", ""54""]",a9cb2c55-9caf-48ac-a62f-4a26bff3871e
308281,"""1592""","[""331""]","""25053""","[""56"", ""4681"", ""39"", ""4662"", ""3343"", ""3160"", ""682"", ""5618"", ""2503"", ""6"", ""12685"", ""13840"", ""529"", ""6407"", ""12115"", ""53"", ""11832"", ""54""]",4bd05783-676f-42ca-8e4a-2e414d8a1579
308281,"""1592""","[""331""]","""25053""","[""56"", ""4681"", ""39"", ""4662"", ""3343"", ""3160"", ""682"", ""5618"", ""2503"", ""6"", ""12685"", ""13840"", ""529"", ""6407"", ""12115"", ""53"", ""11832"", ""54""]",a9cb2c55-9caf-48ac-a62f-4a26bff3871e
308281,"""1592""","[""331""]","""25053""","[""56"", ""4681"", ""39"", ""4662"", ""3343"", ""3160"", ""682"", ""5618"", ""2503"", ""6"", ""12685"", ""13840"", ""529"", ""6407"", ""12115"", ""53"", ""11832"", ""54""]",3ff7b03d-96c6-4364-b906-fcba0198b9f5
308281,"""1592""","[""331""]","""25053""","[""56"", ""4681"", ""39"", ""4662"", ""3343"", ""3160"", ""682"", ""5618"", ""2503"", ""6"", ""12685"", ""13840"", ""529"", ""6407"", ""12115"", ""53"", ""11832"", ""54""]",06b6b0bd-5e8d-4033-a4d3-c9c6efc7a8a9
308281,"""1592""","[""331""]","""25053""","[""56"", ""4681"", ""39"", ""4662"", ""3343"", ""3160"", ""682"", ""5618"", ""2503"", ""6"", ""12685"", ""13840"", ""529"", ""6407"", ""12115"", ""53"", ""11832"", ""54""]",12640598-4156-4ec1-8852-b2cd8b7aede2
308281,"""1592""","[""331""]","""25053""","[""56"", ""4681"", ""39"", ""4662"", ""3343"", ""3160"", ""682"", ""5618"", ""2503"", ""6"", ""12685"", ""13840"", ""529"", ""6407"", ""12115"", ""53"", ""11832"", ""54""]",f84f2948-851c-475b-82e6-ece01955670c
308281,"""1592""","[""331""]","""25053""","[""56"", ""4681"", ""39"", ""4662"", ""3343"", ""3160"", ""682"", ""5618"", ""2503"", ""6"", ""12685"", ""13840"", ""529"", ""6407"", ""12115"", ""53"", ""11832"", ""54""]",2309479e-71d9-462c-958f-af858a6cda8d
308281,"""1592""","[""331""]","""25053""","[""56"", ""4681"", ""39"", ""4662"", ""3343"", ""3160"", ""682"", ""5618"", ""2503"", ""6"", ""12685"", ""13840"", ""529"", ""6407"", ""12115"", ""53"", ""11832"", ""54""]",06b6b0bd-5e8d-4033-a4d3-c9c6efc7a8a9
308281,"""1592""","[""331""]","""25053""","[""56"", ""4681"", ""39"", ""4662"", ""3343"", ""3160"", ""682"", ""5618"", ""2503"", ""6"", ""12685"", ""13840"", ""529"", ""6407"", ""12115"", ""53"", ""11832"", ""54""]",b720ed86-de9a-43e4-b7ed-7d5bed459679
308281,"""1592""","[""331""]","""25053""","[""56"", ""4681"", ""39"", ""4662"", ""3343"", ""3160"", ""682"", ""5618"", ""2503"", ""6"", ""12685"", ""13840"", ""529"", ""6407"", ""12115"", ""53"", ""11832"", ""54""]",40f08cff-d91f-485c-9818-4f00262fc64d
308281,"""1592""","[""331""]","""25053""","[""56"", ""4681"", ""39"", ""4662"", ""3343"", ""3160"", ""682"", ""5618"", ""2503"", ""6"", ""12685"", ""13840"", ""529"", ""6407"", ""12115"", ""53"", ""11832"", ""54""]",43870e72-e1cc-494a-a602-5e6fde1ecd3e
308281,"""1592""","[""331""]","""25053""","[""56"", ""4681"", ""39"", ""4662"", ""3343"", ""3160"", ""682"", ""5618"", ""2503"", ""6"", ""12685"", ""13840"", ""529"", ""6407"", ""12115"", ""53"", ""11832"", ""54""]",06b6b0bd-5e8d-4033-a4d3-c9c6efc7a8a9
308281,"""1592""","[""331""]","""25053""","[""56"", ""4681"", ""39"", ""4662"", ""3343"", ""3160"", ""682"", ""5618"", ""2503"", ""6"", ""12685"", ""13840"", ""529"", ""6407"", ""12115"", ""53"", ""11832"", ""54""]",a7c45b41-f5b2-4d4a-85a3-1543dc6040ac
308281,"""1592""","[""331""]","""25053""","[""56"", ""4681"", ""39"", ""4662"", ""3343"", ""3160"", ""682"", ""5618"", ""2503"", ""6"", ""12685"", ""13840"", ""529"", ""6407"", ""12115"", ""53"", ""11832"", ""54""]",a9cb2c55-9caf-48ac-a62f-4a26bff3871e
308281,"""1592""","[""331""]","""25053""","[""56"", ""4681"", ""39"", ""4662"", ""3343"", ""3160"", ""682"", ""5618"", ""2503"", ""6"", ""12685"", ""13840"", ""529"", ""6407"", ""12115"", ""53"", ""11832"", ""54""]",affc346d-bc56-4228-8c65-9a86f0ecc1f6
308281,"""1592""","[""331""]","""25053""","[""56"", ""4681"", ""39"", ""4662"", ""3343"", ""3160"", ""682"", ""5618"", ""2503"", ""6"", ""12685"", ""13840"", ""529"", ""6407"", ""12115"", ""53"", ""11832"", ""54""]",4bd05783-676f-42ca-8e4a-2e414d8a1579
308281,"""1592""","[""331""]","""25053""","[""56"", ""4681"", ""39"", ""4662"", ""3343"", ""3160"", ""682"", ""5618"", ""2503"", ""6"", ""12685"", ""13840"", ""529"", ""6407"", ""12115"", ""53"", ""11832"", ""54""]",da00c539-5875-4aa4-9b82-07c17e861d9f
308281,"""1592""","[""331""]","""25053""","[""56"", ""4681"", ""39"", ""4662"", ""3343"", ""3160"", ""682"", ""5618"", ""2503"", ""6"", ""12685"", ""13840"", ""529"", ""6407"", ""12115"", ""53"", ""11832"", ""54""]",6a4296db-0931-42a0-93a1-774b1c7a5f93
308281,"""1592""","[""331""]","""25053""","[""56"", ""4681"", ""39"", ""4662"", ""3343"", ""3160"", ""682"", ""5618"", ""2503"", ""6"", ""12685"", ""13840"", ""529"", ""6407"", ""12115"", ""53"", ""11832"", ""54""]",4b7d2e50-4da7-4b85-ae2b-f118f5de9049
308281,"""1592""","[""331""]","""25053""","[""56"", ""4681"", ""39"", ""4662"", ""3343"", ""3160"", ""682"", ""5618"", ""2503"", ""6"", ""12685"", ""13840"", ""529"", ""6407"", ""12115"", ""53"", ""11832"", ""54""]",d69aff2f-7303-489b-85d8-a146078c6893
308281,"""1592""","[""331""]","""25053""","[""56"", ""4681"", ""39"", ""4662"", ""3343"", ""3160"", ""682"", ""5618"", ""2503"", ""6"", ""12685"", ""13840"", ""529"", ""6407"", ""12115"", ""53"", ""11832"", ""54""]",db985777-6523-40bd-97c9-41aaeca814a0
308281,"""1592""","[""331""]","""25053""","[""56"", ""4681"", ""39"", ""4662"", ""3343"", ""3160"", ""682"", ""5618"", ""2503"", ""6"", ""12685"", ""13840"", ""529"", ""6407"", ""12115"", ""53"", ""11832"", ""54""]",f4317b86-725e-4f98-8036-6401ea1e68ab
308281,"""1592""","[""331""]","""25053""","[""56"", ""4681"", ""39"", ""4662"", ""3343"", ""3160"", ""682"", ""5618"", ""2503"", ""6"", ""12685"", ""13840"", ""529"", ""6407"", ""12115"", ""53"", ""11832"", ""54""]",a9cb2c55-9caf-48ac-a62f-4a26bff3871e
308281,"""1592""","[""331""]","""25053""","[""56"", ""4681"", ""39"", ""4662"", ""3343"", ""3160"", ""682"", ""5618"", ""2503"", ""6"", ""12685"", ""13840"", ""529"", ""6407"", ""12115"", ""53"", ""11832"", ""54""]",7a156175-dec8-479a-a586-e275923430f9
308281,"""1592""","[""331""]","""25053""","[""56"", ""4681"", ""39"", ""4662"", ""3343"", ""3160"", ""682"", ""5618"", ""2503"", ""6"", ""12685"", ""13840"", ""529"", ""6407"", ""12115"", ""53"", ""11832"", ""54""]",95a54f8a-4f89-496e-9096-c08c6a0169e2
308281,"""1592""","[""331""]","""25053""","[""56"", ""4681"", ""39"", ""4662"", ""3343"", ""3160"", ""682"", ""5618"", ""2503"", ""6"", ""12685"", ""13840"", ""529"", ""6407"", ""12115"", ""53"", ""11832"", ""54""]",bc09ce8f-5ccf-4d2e-80ff-28761c439f2b
308281,"""1592""","[""331""]","""25053""","[""56"", ""4681"", ""39"", ""4662"", ""3343"", ""3160"", ""682"", ""5618"", ""2503"", ""6"", ""12685"", ""13840"", ""529"", ""6407"", ""12115"", ""53"", ""11832"", ""54""]",a9cb2c55-9caf-48ac-a62f-4a26bff3871e
308281,"""1592""","[""331""]","""25053""","[""56"", ""4681"", ""39"", ""4662"", ""3343"", ""3160"", ""682"", ""5618"", ""2503"", ""6"", ""12685"", ""13840"", ""529"", ""6407"", ""12115"", ""53"", ""11832"", ""54""]",c5ca2e9a-148e-4dc4-8740-16d5484b3c06
308281,"""1592""","[""331""]","""25053""","[""56"", ""4681"", ""39"", ""4662"", ""3343"", ""3160"", ""682"", ""5618"", ""2503"", ""6"", ""12685"", ""13840"", ""529"", ""6407"", ""12115"", ""53"", ""11832"", ""54""]",9ffb7478-fda9-409e-8114-af54ca592d47
308281,"""1592""","[""331""]","""25053""","[""56"", ""4681"", ""39"", ""4662"", ""3343"", ""3160"", ""682"", ""5618"", ""2503"", ""6"", ""12685"", ""13840"", ""529"", ""6407"", ""12115"", ""53"", ""11832"", ""54""]",cb2b8229-e03a-4c88-8249-efbbd6c9ec0a
308281,"""1592""","[""331""]","""25053""","[""56"", ""4681"", ""39"", ""4662"", ""3343"", ""3160"", ""682"", ""5618"", ""2503"", ""6"", ""12685"", ""13840"", ""529"", ""6407"", ""12115"", ""53"", ""11832"", ""54""]",cc070232-4fad-4898-a679-9e0d7af66966
308281,"""1592""","[""331""]","""25053""","[""56"", ""4681"", ""39"", ""4662"", ""3343"", ""3160"", ""682"", ""5618"", ""2503"", ""6"", ""12685"", ""13840"", ""529"", ""6407"", ""12115"", ""53"", ""11832"", ""54""]",e8960cf9-cf49-4d9a-aea3-50abd8fe9dc6
308281,"""1592""","[""331""]","""25053""","[""56"", ""4681"", ""39"", ""4662"", ""3343"", ""3160"", ""682"", ""5618"", ""2503"", ""6"", ""12685"", ""13840"", ""529"", ""6407"", ""12115"", ""53"", ""11832"", ""54""]",3c2b038c-8f9b-458a-b14a-2483b4ecea2b
308281,"""1592""","[""331""]","""25053""","[""56"", ""4681"", ""39"", ""4662"", ""3343"", ""3160"", ""682"", ""5618"", ""2503"", ""6"", ""12685"", ""13840"", ""529"", ""6407"", ""12115"", ""53"", ""11832"", ""54""]",3b1db599-649f-42c9-bd8a-a15f209fce69
308281,"""1592""","[""331""]","""25053""","[""56"", ""4681"", ""39"", ""4662"", ""3343"", ""3160"", ""682"", ""5618"", ""2503"", ""6"", ""12685"", ""13840"", ""529"", ""6407"", ""12115"", ""53"", ""11832"", ""54""]",f79341c9-3b7c-425e-9895-1886c22e9507
308281,"""1592""","[""331""]","""25053""","[""56"", ""4681"", ""39"", ""4662"", ""3343"", ""3160"", ""682"", ""5618"", ""2503"", ""6"", ""12685"", ""13840"", ""529"", ""6407"", ""12115"", ""53"", ""11832"", ""54""]",17b350a3-549d-4e62-a85a-ac4e397e086b
308281,"""1592""","[""331""]","""25053""","[""56"", ""4681"", ""39"", ""4662"", ""3343"", ""3160"", ""682"", ""5618"", ""2503"", ""6"", ""12685"", ""13840"", ""529"", ""6407"", ""12115"", ""53"", ""11832"", ""54""]",14b52d03-d6bf-430f-b4d0-26bca1446f1a
308281,"""1592""","[""331""]","""25053""","[""56"", ""4681"", ""39"", ""4662"", ""3343"", ""3160"", ""682"", ""5618"", ""2503"", ""6"", ""12685"", ""13840"", ""529"", ""6407"", ""12115"", ""53"", ""11832"", ""54""]",3ff7b03d-96c6-4364-b906-fcba0198b9f5
308281,"""1592""","[""331""]","""25053""","[""56"", ""4681"", ""39"", ""4662"", ""3343"", ""3160"", ""682"", ""5618"", ""2503"", ""6"", ""12685"", ""13840"", ""529"", ""6407"", ""12115"", ""53"", ""11832"", ""54""]",ccd1a387-25d9-4b3b-9e07-b09c35636f52
308281,"""1592""","[""331""]","""25053""","[""56"", ""4681"", ""39"", ""4662"", ""3343"", ""3160"", ""682"", ""5618"", ""2503"", ""6"", ""12685"", ""13840"", ""529"", ""6407"", ""12115"", ""53"", ""11832"", ""54""]",a9cb2c55-9caf-48ac-a62f-4a26bff3871e
308281,"""1592""","[""331""]","""25053""","[""56"", ""4681"", ""39"", ""4662"", ""3343"", ""3160"", ""682"", ""5618"", ""2503"", ""6"", ""12685"", ""13840"", ""529"", ""6407"", ""12115"", ""53"", ""11832"", ""54""]",fd2ca8ef-cfff-4126-a8ba-b5c9afcaec54
121754,"""484""","[""78"", ""266"", ""261""]","""25015""",[],9b2d421e-c9e0-4427-aa01-d16094007cff
121754,"""484""","[""78"", ""266"", ""261""]","""25015""",[],927510f9-80d0-4faa-bdfe-b47b2eb386f4
121754,"""484""","[""78"", ""266"", ""261""]","""25015""",[],759f1cad-6958-426d-9546-d3b0fc872b87
121754,"""484""","[""78"", ""266"", ""261""]","""25015""",[],514612bf-0b54-4f8f-a9c5-172f9d014f52
121754,"""484""","[""78"", ""266"", ""261""]","""25015""",[],95d57536-8355-4b0a-9a41-4fe40c81322c
121754,"""484""","[""78"", ""266"", ""261""]","""25015""",[],9b2d421e-c9e0-4427-aa01-d16094007cff
121754,"""484""","[""78"", ""266"", ""261""]","""25015""",[],76359f50-88f8-4a44-a45b-9437e6f70f72
121754,"""484""","[""78"", ""266"", ""261""]","""25015""",[],95d57536-8355-4b0a-9a41-4fe40c81322c
121754,"""484""","[""78"", ""266"", ""261""]","""25015""",[],03278ea1-33db-4b2a-8266-a3e92672481c
121754,"""484""","[""78"", ""266"", ""261""]","""25015""",[],b59fab5e-30c8-4ee1-9c77-0d488379698a
121754,"""484""","[""78"", ""266"", ""261""]","""25015""",[],146d55d1-b849-419e-a417-0382f4b8f9f6
121754,"""484""","[""78"", ""266"", ""261""]","""25015""",[],6cbfab00-2795-493d-adf0-140d184368ce
121754,"""484""","[""78"", ""266"", ""261""]","""25015""",[],33fa394c-4236-438b-a355-1b93aa55cade
121754,"""484""","[""78"", ""266"", ""261""]","""25015""",[],68116f5c-f37f-43cd-8d2c-c1001f0b93ff
121754,"""484""","[""78"", ""266"", ""261""]","""25015""",[],68116f5c-f37f-43cd-8d2c-c1001f0b93ff
121754,"""484""","[""78"", ""266"", ""261""]","""25015""",[],012d5ce7-f43b-4980-97e4-d1ed1298eea2
121754,"""484""","[""78"", ""266"", ""261""]","""25015""",[],146d55d1-b849-419e-a417-0382f4b8f9f6
121754,"""484""","[""78"", ""266"", ""261""]","""25015""",[],a42d0f15-24f8-41aa-857f-78d908996a53
121754,"""484""","[""78"", ""266"", ""261""]","""25015""",[],072ee176-75e8-45bb-9692-2c29efe19432
121754,"""484""","[""78"", ""266"", ""261""]","""25015""",[],e6c3f98b-16d6-4dd2-a0b0-bdf36ff12a3e
121754,"""484""","[""78"", ""266"", ""261""]","""25015""",[],f6533a99-83c9-41d3-b5bb-ca445e1d65bb
121754,"""484""","[""78"", ""266"", ""261""]","""25015""",[],f59d1f65-13e9-4bf4-b40a-8c14640c488f
121754,"""484""","[""78"", ""266"", ""261""]","""25015""",[],41e7f79e-d0f0-4d9d-adc6-3b7502c3abb0
121754,"""484""","[""78"", ""266"", ""261""]","""25015""",[],2898757d-0df0-4f98-983c-e96e1b8554a0
121754,"""484""","[""78"", ""266"", ""261""]","""25015""",[],0e11d9f1-7a56-4127-8806-3f071f6d959f
121754,"""484""","[""78"", ""266"", ""261""]","""25015""",[],4cfb4596-514d-4266-b0fb-9f74fcb40fa1
121754,"""484""","[""78"", ""266"", ""261""]","""25015""",[],d816adf4-36cf-494f-ad0a-4b72eb933234
121754,"""484""","[""78"", ""266"", ""261""]","""25015""",[],5e86ae0b-25c3-47db-ac32-45ff15c92486
121754,"""484""","[""78"", ""266"", ""261""]","""25015""",[],876a2dbc-5e09-4336-ba0f-708a44788433
121754,"""484""","[""78"", ""266"", ""261""]","""25015""",[],f22f75b1-e90b-4676-832c-2b79b777d9e0
121754,"""484""","[""78"", ""266"", ""261""]","""25015""",[],c3094ae6-5189-46c4-a623-691ec7943a0d
121754,"""484""","[""78"", ""266"", ""261""]","""25015""",[],0f43e04c-4db4-4557-ab7c-62a53a349542
121754,"""484""","[""78"", ""266"", ""261""]","""25015""",[],77f2fe99-25a3-49c8-a0b0-eca7f539562e
121754,"""484""","[""78"", ""266"", ""261""]","""25015""",[],156036a8-adc0-44a0-bba0-e50b4171ff8f
121754,"""484""","[""78"", ""266"", ""261""]","""25015""",[],d08b62aa-40e6-4f3b-b2c0-64620437c401
121754,"""484""","[""78"", ""266"", ""261""]","""25015""",[],38e0c202-9b61-4451-b41d-07a7ed547a66
121754,"""484""","[""78"", ""266"", ""261""]","""25015""",[],e6c3f98b-16d6-4dd2-a0b0-bdf36ff12a3e
121754,"""484""","[""78"", ""266"", ""261""]","""25015""",[],a36dcf8e-9f48-4936-b55e-314a285949cc
121754,"""484""","[""78"", ""266"", ""261""]","""25015""",[],1f7762d1-07ab-41b7-82f1-e4f41ac7895c
121754,"""484""","[""78"", ""266"", ""261""]","""25015""",[],8ebd5c89-3395-47b2-a731-b16f28409764
121754,"""484""","[""78"", ""266"", ""261""]","""25015""",[],3cd3a8ab-ea27-4dc8-b9f8-b1baf5db22bc
121754,"""484""","[""78"", ""266"", ""261""]","""25015""",[],832aac6e-0985-4281-93d7-d1af54966363
121754,"""484""","[""78"", ""266"", ""261""]","""25015""",[],8d35a3f0-8683-43a0-8f79-78ce23f85008
121754,"""484""","[""78"", ""266"", ""261""]","""25015""",[],abb4359d-fee3-4e3a-9fdc-1d089f9e24d1
121754,"""484""","[""78"", ""266"", ""261""]","""25015""",[],ac8e9953-17bb-4de5-9378-9ca1a6a75f8d
121754,"""484""","[""78"", ""266"", ""261""]","""25015""",[],68116f5c-f37f-43cd-8d2c-c1001f0b93ff
121754,"""484""","[""78"", ""266"", ""261""]","""25015""",[],7447ca2f-abb7-4555-bc26-9acdcbe09ab0
121754,"""484""","[""78"", ""266"", ""261""]","""25015""",[],156036a8-adc0-44a0-bba0-e50b4171ff8f
121754,"""484""","[""78"", ""266"", ""261""]","""25015""",[],687cecbd-6779-497d-b54c-fa4fbb9a72f7
121754,"""484""","[""78"", ""266"", ""261""]","""25015""",[],30561896-a5b0-4103-9536-ff55804058ae
121754,"""484""","[""78"", ""266"", ""261""]","""25015""",[],3e4e6909-e946-433e-9e5a-78df3e10fd0d
121754,"""484""","[""78"", ""266"", ""261""]","""25015""",[],6640fd40-16a9-4a67-95eb-f8a6e1b00895
121754,"""484""","[""78"", ""266"", ""261""]","""25015""",[],f0ace6bc-b81f-47d1-8e91-7e37e5d7a0e1
121754,"""484""","[""78"", ""266"", ""261""]","""25015""",[],6673a355-9943-4305-bccc-14ce44a4b6ee
121754,"""484""","[""78"", ""266"", ""261""]","""25015""",[],2aead47b-4ddc-47da-905d-4b9af27ac5cc
308281,"""1592""","[""331""]","""25053""","[""56"", ""4681"", ""39"", ""4662"", ""3343"", ""3160"", ""682"", ""5618"", ""2503"", ""6"", ""12685"", ""13840"", ""529"", ""6407"", ""12115"", ""53"", ""11832"", ""54""]",5688e9e5-4963-40f8-9bb6-0448ef07b245
308281,"""1592""","[""331""]","""25053""","[""56"", ""4681"", ""39"", ""4662"", ""3343"", ""3160"", ""682"", ""5618"", ""2503"", ""6"", ""12685"", ""13840"", ""529"", ""6407"", ""12115"", ""53"", ""11832"", ""54""]",4bd05783-676f-42ca-8e4a-2e414d8a1579
308281,"""1592""","[""331""]","""25053""","[""56"", ""4681"", ""39"", ""4662"", ""3343"", ""3160"", ""682"", ""5618"", ""2503"", ""6"", ""12685"", ""13840"", ""529"", ""6407"", ""12115"", ""53"", ""11832"", ""54""]",59bcdd9b-4887-4c9a-8d14-98a5bce52c42
308281,"""1592""","[""331""]","""25053""","[""56"", ""4681"", ""39"", ""4662"", ""3343"", ""3160"", ""682"", ""5618"", ""2503"", ""6"", ""12685"", ""13840"", ""529"", ""6407"", ""12115"", ""53"", ""11832"", ""54""]",a103fdb5-c3ea-43ed-8afd-180a7c642114
308281,"""1592""","[""331""]","""25053""","[""56"", ""4681"", ""39"", ""4662"", ""3343"", ""3160"", ""682"", ""5618"", ""2503"", ""6"", ""12685"", ""13840"", ""529"", ""6407"", ""12115"", ""53"", ""11832"", ""54""]",843a6901-ebdc-4d47-8722-8cc9365eb51a
308281,"""1592""","[""331""]","""25053""","[""56"", ""4681"", ""39"", ""4662"", ""3343"", ""3160"", ""682"", ""5618"", ""2503"", ""6"", ""12685"", ""13840"", ""529"", ""6407"", ""12115"", ""53"", ""11832"", ""54""]",3ff7b03d-96c6-4364-b906-fcba0198b9f5
308281,"""1592""","[""331""]","""25053""","[""56"", ""4681"", ""39"", ""4662"", ""3343"", ""3160"", ""682"", ""5618"", ""2503"", ""6"", ""12685"", ""13840"", ""529"", ""6407"", ""12115"", ""53"", ""11832"", ""54""]",3bd5c0b7-4b77-4ba5-a902-439f5d8bcefb
308281,"""1592""","[""331""]","""25053""","[""56"", ""4681"", ""39"", ""4662"", ""3343"", ""3160"", ""682"", ""5618"", ""2503"", ""6"", ""12685"", ""13840"", ""529"", ""6407"", ""12115"", ""53"", ""11832"", ""54""]",f14c8292-c067-428c-ae8d-3be45abd3ecb
308281,"""1592""","[""331""]","""25053""","[""56"", ""4681"", ""39"", ""4662"", ""3343"", ""3160"", ""682"", ""5618"", ""2503"", ""6"", ""12685"", ""13840"", ""529"", ""6407"", ""12115"", ""53"", ""11832"", ""54""]",6a4296db-0931-42a0-93a1-774b1c7a5f93
308281,"""1592""","[""331""]","""25053""","[""56"", ""4681"", ""39"", ""4662"", ""3343"", ""3160"", ""682"", ""5618"", ""2503"", ""6"", ""12685"", ""13840"", ""529"", ""6407"", ""12115"", ""53"", ""11832"", ""54""]",06b6b0bd-5e8d-4033-a4d3-c9c6efc7a8a9
308281,"""1592""","[""331""]","""25053""","[""56"", ""4681"", ""39"", ""4662"", ""3343"", ""3160"", ""682"", ""5618"", ""2503"", ""6"", ""12685"", ""13840"", ""529"", ""6407"", ""12115"", ""53"", ""11832"", ""54""]",6a4296db-0931-42a0-93a1-774b1c7a5f93
308281,"""1592""","[""331""]","""25053""","[""56"", ""4681"", ""39"", ""4662"", ""3343"", ""3160"", ""682"", ""5618"", ""2503"", ""6"", ""12685"", ""13840"", ""529"", ""6407"", ""12115"", ""53"", ""11832"", ""54""]",b7718366-72f6-4a2e-9e88-783ba37b7973
308281,"""1592""","[""331""]","""25053""","[""56"", ""4681"", ""39"", ""4662"", ""3343"", ""3160"", ""682"", ""5618"", ""2503"", ""6"", ""12685"", ""13840"", ""529"", ""6407"", ""12115"", ""53"", ""11832"", ""54""]",0abf7b87-8400-4a7a-9ed6-a12e1a46e92b
308281,"""1592""","[""331""]","""25053""","[""56"", ""4681"", ""39"", ""4662"", ""3343"", ""3160"", ""682"", ""5618"", ""2503"", ""6"", ""12685"", ""13840"", ""529"", ""6407"", ""12115"", ""53"", ""11832"", ""54""]",2cc4be75-15f9-4aa6-8ae8-2ed94730e5be
308281,"""1592""","[""331""]","""25053""","[""56"", ""4681"", ""39"", ""4662"", ""3343"", ""3160"", ""682"", ""5618"", ""2503"", ""6"", ""12685"", ""13840"", ""529"", ""6407"", ""12115"", ""53"", ""11832"", ""54""]",6a4296db-0931-42a0-93a1-774b1c7a5f93
308281,"""1592""","[""331""]","""25053""","[""56"", ""4681"", ""39"", ""4662"", ""3343"", ""3160"", ""682"", ""5618"", ""2503"", ""6"", ""12685"", ""13840"", ""529"", ""6407"", ""12115"", ""53"", ""11832"", ""54""]",9fd1a1d4-9189-4df5-8333-11b18be1213e
308281,"""1592""","[""331""]","""25053""","[""56"", ""4681"", ""39"", ""4662"", ""3343"", ""3160"", ""682"", ""5618"", ""2503"", ""6"", ""12685"", ""13840"", ""529"", ""6407"", ""12115"", ""53"", ""11832"", ""54""]",06b6b0bd-5e8d-4033-a4d3-c9c6efc7a8a9
308281,"""1592""","[""331""]","""25053""","[""56"", ""4681"", ""39"", ""4662"", ""3343"", ""3160"", ""682"", ""5618"", ""2503"", ""6"", ""12685"", ""13840"", ""529"", ""6407"", ""12115"", ""53"", ""11832"", ""54""]",9ce678d0-9143-4c69-92fe-1d55622ce17f
308281,"""1592""","[""331""]","""25053""","[""56"", ""4681"", ""39"", ""4662"", ""3343"", ""3160"", ""682"", ""5618"", ""2503"", ""6"", ""12685"", ""13840"", ""529"", ""6407"", ""12115"", ""53"", ""11832"", ""54""]",68aeb229-8838-4bd7-91b8-17d4784da4d2
308281,"""1592""","[""331""]","""25053""","[""56"", ""4681"", ""39"", ""4662"", ""3343"", ""3160"", ""682"", ""5618"", ""2503"", ""6"", ""12685"", ""13840"", ""529"", ""6407"", ""12115"", ""53"", ""11832"", ""54""]",5934e141-fcb9-46c3-89c4-3e2e1c5b7c58
308281,"""1592""","[""331""]","""25053""","[""56"", ""4681"", ""39"", ""4662"", ""3343"", ""3160"", ""682"", ""5618"", ""2503"", ""6"", ""12685"", ""13840"", ""529"", ""6407"", ""12115"", ""53"", ""11832"", ""54""]",fe87df19-2f29-4002-a231-bbf6a93873b9
308281,"""1592""","[""331""]","""25053""","[""56"", ""4681"", ""39"", ""4662"", ""3343"", ""3160"", ""682"", ""5618"", ""2503"", ""6"", ""12685"", ""13840"", ""529"", ""6407"", ""12115"", ""53"", ""11832"", ""54""]",e2fc7d19-d316-4dc2-955a-fbccc3061221
308281,"""1592""","[""331""]","""25053""","[""56"", ""4681"", ""39"", ""4662"", ""3343"", ""3160"", ""682"", ""5618"", ""2503"", ""6"", ""12685"", ""13840"", ""529"", ""6407"", ""12115"", ""53"", ""11832"", ""54""]",85872cbf-3748-46b6-8605-83a216744134
308281,"""1592""","[""331""]","""25053""","[""56"", ""4681"", ""39"", ""4662"", ""3343"", ""3160"", ""682"", ""5618"", ""2503"", ""6"", ""12685"", ""13840"", ""529"", ""6407"", ""12115"", ""53"", ""11832"", ""54""]",5952614e-6312-4866-905e-e0ff2ce20916
308281,"""1592""","[""331""]","""25053""","[""56"", ""4681"", ""39"", ""4662"", ""3343"", ""3160"", ""682"", ""5618"", ""2503"", ""6"", ""12685"", ""13840"", ""529"", ""6407"", ""12115"", ""53"", ""11832"", ""54""]",36d3e227-b4b0-4ba2-a89c-f6131217a209
308281,"""1592""","[""331""]","""25053""","[""56"", ""4681"", ""39"", ""4662"", ""3343"", ""3160"", ""682"", ""5618"", ""2503"", ""6"", ""12685"", ""13840"", ""529"", ""6407"", ""12115"", ""53"", ""11832"", ""54""]",1226ec54-7fbe-47cd-9b0a-d818894d5775
308281,"""1592""","[""331""]","""25053""","[""56"", ""4681"", ""39"", ""4662"", ""3343"", ""3160"", ""682"", ""5618"", ""2503"", ""6"", ""12685"", ""13840"", ""529"", ""6407"", ""12115"", ""53"", ""11832"", ""54""]",82898593-eea5-4032-8506-352a63bef889
308281,"""1592""","[""331""]","""25053""","[""56"", ""4681"", ""39"", ""4662"", ""3343"", ""3160"", ""682"", ""5618"", ""2503"", ""6"", ""12685"", ""13840"", ""529"", ""6407"", ""12115"", ""53"", ""11832"", ""54""]",857e1899-ea3a-46d3-a4ee-a0b85fe06b70
308281,"""1592""","[""331""]","""25053""","[""56"", ""4681"", ""39"", ""4662"", ""3343"", ""3160"", ""682"", ""5618"", ""2503"", ""6"", ""12685"", ""13840"", ""529"", ""6407"", ""12115"", ""53"", ""11832"", ""54""]",824266c3-b101-4d41-b8c7-d3eb07ca87ae
308281,"""1592""","[""331""]","""25053""","[""56"", ""4681"", ""39"", ""4662"", ""3343"", ""3160"", ""682"", ""5618"", ""2503"", ""6"", ""12685"", ""13840"", ""529"", ""6407"", ""12115"", ""53"", ""11832"", ""54""]",fbdf28b0-8f55-49a6-a41a-49c82192e0f6
308281,"""1592""","[""331""]","""25053""","[""56"", ""4681"", ""39"", ""4662"", ""3343"", ""3160"", ""682"", ""5618"", ""2503"", ""6"", ""12685"", ""13840"", ""529"", ""6407"", ""12115"", ""53"", ""11832"", ""54""]",704e5468-cfd5-4f7e-aba6-103487eb5961
308281,"""1592""","[""331""]","""25053""","[""56"", ""4681"", ""39"", ""4662"", ""3343"", ""3160"", ""682"", ""5618"", ""2503"", ""6"", ""12685"", ""13840"", ""529"", ""6407"", ""12115"", ""53"", ""11832"", ""54""]",d27db3e8-dcb1-42bc-b0db-b4a87a6980af
308281,"""1592""","[""331""]","""25053""","[""56"", ""4681"", ""39"", ""4662"", ""3343"", ""3160"", ""682"", ""5618"", ""2503"", ""6"", ""12685"", ""13840"", ""529"", ""6407"", ""12115"", ""53"", ""11832"", ""54""]",0abf7b87-8400-4a7a-9ed6-a12e1a46e92b
308281,"""1592""","[""331""]","""25053""","[""56"", ""4681"", ""39"", ""4662"", ""3343"", ""3160"", ""682"", ""5618"", ""2503"", ""6"", ""12685"", ""13840"", ""529"", ""6407"", ""12115"", ""53"", ""11832"", ""54""]",a9cb2c55-9caf-48ac-a62f-4a26bff3871e
308281,"""1592""","[""331""]","""25053""","[""56"", ""4681"", ""39"", ""4662"", ""3343"", ""3160"", ""682"", ""5618"", ""2503"", ""6"", ""12685"", ""13840"", ""529"", ""6407"", ""12115"", ""53"", ""11832"", ""54""]",affc346d-bc56-4228-8c65-9a86f0ecc1f6
308281,"""1592""","[""331""]","""25053""","[""56"", ""4681"", ""39"", ""4662"", ""3343"", ""3160"", ""682"", ""5618"", ""2503"", ""6"", ""12685"", ""13840"", ""529"", ""6407"", ""12115"", ""53"", ""11832"", ""54""]",f2293144-b4f9-4587-a10e-57c11dfc7372
308281,"""1592""","[""331""]","""25053""","[""56"", ""4681"", ""39"", ""4662"", ""3343"", ""3160"", ""682"", ""5618"", ""2503"", ""6"", ""12685"", ""13840"", ""529"", ""6407"", ""12115"", ""53"", ""11832"", ""54""]",4264b77c-80b4-4a5f-8d53-8d6e6d0a3ab4
308281,"""1592""","[""331""]","""25053""","[""56"", ""4681"", ""39"", ""4662"", ""3343"", ""3160"", ""682"", ""5618"", ""2503"", ""6"", ""12685"", ""13840"", ""529"", ""6407"", ""12115"", ""53"", ""11832"", ""54""]",cb245b0a-65ba-485a-a8bd-959560dedc77
308281,"""1592""","[""331""]","""25053""","[""56"", ""4681"", ""39"", ""4662"", ""3343"", ""3160"", ""682"", ""5618"", ""2503"", ""6"", ""12685"", ""13840"", ""529"", ""6407"", ""12115"", ""53"", ""11832"", ""54""]",06b6b0bd-5e8d-4033-a4d3-c9c6efc7a8a9
308281,"""1592""","[""331""]","""25053""","[""56"", ""4681"", ""39"", ""4662"", ""3343"", ""3160"", ""682"", ""5618"", ""2503"", ""6"", ""12685"", ""13840"", ""529"", ""6407"", ""12115"", ""53"", ""11832"", ""54""]",3c960ffe-9d18-403a-931f-869695a510e7
308281,"""1592""","[""331""]","""25053""","[""56"", ""4681"", ""39"", ""4662"", ""3343"", ""3160"", ""682"", ""5618"", ""2503"", ""6"", ""12685"", ""13840"", ""529"", ""6407"", ""12115"", ""53"", ""11832"", ""54""]",3b0c0854-1f13-4ee5-950b-96ed5863c416
308281,"""1592""","[""331""]","""25053""","[""56"", ""4681"", ""39"", ""4662"", ""3343"", ""3160"", ""682"", ""5618"", ""2503"", ""6"", ""12685"", ""13840"", ""529"", ""6407"", ""12115"", ""53"", ""11832"", ""54""]",fe87df19-2f29-4002-a231-bbf6a93873b9
308281,"""1592""","[""331""]","""25053""","[""56"", ""4681"", ""39"", ""4662"", ""3343"", ""3160"", ""682"", ""5618"", ""2503"", ""6"", ""12685"", ""13840"", ""529"", ""6407"", ""12115"", ""53"", ""11832"", ""54""]",06b6b0bd-5e8d-4033-a4d3-c9c6efc7a8a9
308281,"""1592""","[""331""]","""25053""","[""56"", ""4681"", ""39"", ""4662"", ""3343"", ""3160"", ""682"", ""5618"", ""2503"", ""6"", ""12685"", ""13840"", ""529"", ""6407"", ""12115"", ""53"", ""11832"", ""54""]",2cc4be75-15f9-4aa6-8ae8-2ed94730e5be
308281,"""1592""","[""331""]","""25053""","[""56"", ""4681"", ""39"", ""4662"", ""3343"", ""3160"", ""682"", ""5618"", ""2503"", ""6"", ""12685"", ""13840"", ""529"", ""6407"", ""12115"", ""53"", ""11832"", ""54""]",378880e6-74fa-455b-8059-4dff231ce09d
308281,"""1592""","[""331""]","""25053""","[""56"", ""4681"", ""39"", ""4662"", ""3343"", ""3160"", ""682"", ""5618"", ""2503"", ""6"", ""12685"", ""13840"", ""529"", ""6407"", ""12115"", ""53"", ""11832"", ""54""]",0fc14581-9ba0-4613-b1dc-4db879e9e677
308281,"""1592""","[""331""]","""25053""","[""56"", ""4681"", ""39"", ""4662"", ""3343"", ""3160"", ""682"", ""5618"", ""2503"", ""6"", ""12685"", ""13840"", ""529"", ""6407"", ""12115"", ""53"", ""11832"", ""54""]",12d57842-573e-4561-9fd0-70d655edace8
308281,"""1592""","[""331""]","""25053""","[""56"", ""4681"", ""39"", ""4662"", ""3343"", ""3160"", ""682"", ""5618"", ""2503"", ""6"", ""12685"", ""13840"", ""529"", ""6407"", ""12115"", ""53"", ""11832"", ""54""]",4727320f-a2a6-41cb-be19-3b8fd6095b15
308281,"""1592""","[""331""]","""25053""","[""56"", ""4681"", ""39"", ""4662"", ""3343"", ""3160"", ""682"", ""5618"", ""2503"", ""6"", ""12685"", ""13840"", ""529"", ""6407"", ""12115"", ""53"", ""11832"", ""54""]",82898593-eea5-4032-8506-352a63bef889
308281,"""1592""","[""331""]","""25053""","[""56"", ""4681"", ""39"", ""4662"", ""3343"", ""3160"", ""682"", ""5618"", ""2503"", ""6"", ""12685"", ""13840"", ""529"", ""6407"", ""12115"", ""53"", ""11832"", ""54""]",3f3ab966-c40d-4eb8-9bf6-4b16c26c2091
308281,"""1592""","[""331""]","""25053""","[""56"", ""4681"", ""39"", ""4662"", ""3343"", ""3160"", ""682"", ""5618"", ""2503"", ""6"", ""12685"", ""13840"", ""529"", ""6407"", ""12115"", ""53"", ""11832"", ""54""]",73c357ac-7c6a-47f5-b2e2-85410b74db27
308281,"""1592""","[""331""]","""25053""","[""56"", ""4681"", ""39"", ""4662"", ""3343"", ""3160"", ""682"", ""5618"", ""2503"", ""6"", ""12685"", ""13840"", ""529"", ""6407"", ""12115"", ""53"", ""11832"", ""54""]",9b132d5d-3ec5-4eec-a052-c2fd7ab9d672
308281,"""1592""","[""331""]","""25053""","[""56"", ""4681"", ""39"", ""4662"", ""3343"", ""3160"", ""682"", ""5618"", ""2503"", ""6"", ""12685"", ""13840"", ""529"", ""6407"", ""12115"", ""53"", ""11832"", ""54""]",fe87df19-2f29-4002-a231-bbf6a93873b9
308281,"""1592""","[""331""]","""25053""","[""56"", ""4681"", ""39"", ""4662"", ""3343"", ""3160"", ""682"", ""5618"", ""2503"", ""6"", ""12685"", ""13840"", ""529"", ""6407"", ""12115"", ""53"", ""11832"", ""54""]",d5d9ce42-941f-47c3-bcf3-e374fc82adee
308281,"""1592""","[""331""]","""25053""","[""56"", ""4681"", ""39"", ""4662"", ""3343"", ""3160"", ""682"", ""5618"", ""2503"", ""6"", ""12685"", ""13840"", ""529"", ""6407"", ""12115"", ""53"", ""11832"", ""54""]",bb56450b-bd30-4876-9a23-8aaca2c2e849
308281,"""1592""","[""331""]","""25053""","[""56"", ""4681"", ""39"", ""4662"", ""3343"", ""3160"", ""682"", ""5618"", ""2503"", ""6"", ""12685"", ""13840"", ""529"", ""6407"", ""12115"", ""53"", ""11832"", ""54""]",affc346d-bc56-4228-8c65-9a86f0ecc1f6
308281,"""1592""","[""331""]","""25053""","[""56"", ""4681"", ""39"", ""4662"", ""3343"", ""3160"", ""682"", ""5618"", ""2503"", ""6"", ""12685"", ""13840"", ""529"", ""6407"", ""12115"", ""53"", ""11832"", ""54""]",e88284fe-d6b8-4f85-8e9e-50c1f0cced05
308281,"""1592""","[""331""]","""25053""","[""56"", ""4681"", ""39"", ""4662"", ""3343"", ""3160"", ""682"", ""5618"", ""2503"", ""6"", ""12685"", ""13840"", ""529"", ""6407"", ""12115"", ""53"", ""11832"", ""54""]",a73b171f-c4cd-4e40-8cc3-6e7b21cfaf5b
308281,"""1592""","[""331""]","""25053""","[""56"", ""4681"", ""39"", ""4662"", ""3343"", ""3160"", ""682"", ""5618"", ""2503"", ""6"", ""12685"", ""13840"", ""529"", ""6407"", ""12115"", ""53"", ""11832"", ""54""]",affc346d-bc56-4228-8c65-9a86f0ecc1f6
308281,"""1592""","[""331""]","""25053""","[""56"", ""4681"", ""39"", ""4662"", ""3343"", ""3160"", ""682"", ""5618"", ""2503"", ""6"", ""12685"", ""13840"", ""529"", ""6407"", ""12115"", ""53"", ""11832"", ""54""]",23bb29f7-c722-445e-b8a8-324d753b84d7
308281,"""1592""","[""331""]","""25053""","[""56"", ""4681"", ""39"", ""4662"", ""3343"", ""3160"", ""682"", ""5618"", ""2503"", ""6"", ""12685"", ""13840"", ""529"", ""6407"", ""12115"", ""53"", ""11832"", ""54""]",378880e6-74fa-455b-8059-4dff231ce09d
308281,"""1592""","[""331""]","""25053""","[""56"", ""4681"", ""39"", ""4662"", ""3343"", ""3160"", ""682"", ""5618"", ""2503"", ""6"", ""12685"", ""13840"", ""529"", ""6407"", ""12115"", ""53"", ""11832"", ""54""]",8696d944-42a8-4e0e-af9d-1279cfff23bb
308281,"""1592""","[""331""]","""25053""","[""56"", ""4681"", ""39"", ""4662"", ""3343"", ""3160"", ""682"", ""5618"", ""2503"", ""6"", ""12685"", ""13840"", ""529"", ""6407"", ""12115"", ""53"", ""11832"", ""54""]",1a6f655e-b4d9-43a3-abfc-ffd1281fbadd
308281,"""1592""","[""331""]","""25053""","[""56"", ""4681"", ""39"", ""4662"", ""3343"", ""3160"", ""682"", ""5618"", ""2503"", ""6"", ""12685"", ""13840"", ""529"", ""6407"", ""12115"", ""53"", ""11832"", ""54""]",82898593-eea5-4032-8506-352a63bef889
308281,"""1592""","[""331""]","""25053""","[""56"", ""4681"", ""39"", ""4662"", ""3343"", ""3160"", ""682"", ""5618"", ""2503"", ""6"", ""12685"", ""13840"", ""529"", ""6407"", ""12115"", ""53"", ""11832"", ""54""]",f9941e3f-faa7-42fc-b694-e7e3c7bf8d88
308281,"""1592""","[""331""]","""25053""","[""56"", ""4681"", ""39"", ""4662"", ""3343"", ""3160"", ""682"", ""5618"", ""2503"", ""6"", ""12685"", ""13840"", ""529"", ""6407"", ""12115"", ""53"", ""11832"", ""54""]",fbdf28b0-8f55-49a6-a41a-49c82192e0f6
308281,"""1592""","[""331""]","""25053""","[""56"", ""4681"", ""39"", ""4662"", ""3343"", ""3160"", ""682"", ""5618"", ""2503"", ""6"", ""12685"", ""13840"", ""529"", ""6407"", ""12115"", ""53"", ""11832"", ""54""]",0abf7b87-8400-4a7a-9ed6-a12e1a46e92b
308281,"""1592""","[""331""]","""25053""","[""56"", ""4681"", ""39"", ""4662"", ""3343"", ""3160"", ""682"", ""5618"", ""2503"", ""6"", ""12685"", ""13840"", ""529"", ""6407"", ""12115"", ""53"", ""11832"", ""54""]",087cec1e-73aa-4505-bc74-29d5bd1f16b0
308281,"""1592""","[""331""]","""25053""","[""56"", ""4681"", ""39"", ""4662"", ""3343"", ""3160"", ""682"", ""5618"", ""2503"", ""6"", ""12685"", ""13840"", ""529"", ""6407"", ""12115"", ""53"", ""11832"", ""54""]",a9cb2c55-9caf-48ac-a62f-4a26bff3871e
308281,"""1592""","[""331""]","""25053""","[""56"", ""4681"", ""39"", ""4662"", ""3343"", ""3160"", ""682"", ""5618"", ""2503"", ""6"", ""12685"", ""13840"", ""529"", ""6407"", ""12115"", ""53"", ""11832"", ""54""]",d56aceb4-efaf-46c3-a93e-026651b71d23
308281,"""1592""","[""331""]","""25053""","[""56"", ""4681"", ""39"", ""4662"", ""3343"", ""3160"", ""682"", ""5618"", ""2503"", ""6"", ""12685"", ""13840"", ""529"", ""6407"", ""12115"", ""53"", ""11832"", ""54""]",3ff7b03d-96c6-4364-b906-fcba0198b9f5
121754,"""484""","[""78"", ""266"", ""261""]","""25015""",[],d467eee8-147f-4829-aabb-25956b9e26e3
121754,"""484""","[""78"", ""266"", ""261""]","""25015""",[],d08b62aa-40e6-4f3b-b2c0-64620437c401
121754,"""484""","[""78"", ""266"", ""261""]","""25015""",[],f732800c-c669-472c-9c15-f00ce7236914
121754,"""484""","[""78"", ""266"", ""261""]","""25015""",[],b9081df6-6196-42e4-8267-26071d4ac444
121754,"""484""","[""78"", ""266"", ""261""]","""25015""",[],881f68dc-0bdf-485f-8daf-fb102f020d92
121754,"""484""","[""78"", ""266"", ""261""]","""25015""",[],d08b62aa-40e6-4f3b-b2c0-64620437c401
121754,"""484""","[""78"", ""266"", ""261""]","""25015""",[],64362435-c435-4d2f-8de9-f3f988b50f16
121754,"""484""","[""78"", ""266"", ""261""]","""25015""",[],219c6310-fafa-4a86-88be-d7e1f27dd93b
121754,"""484""","[""78"", ""266"", ""261""]","""25015""",[],29321ab7-5b6c-4ede-adae-98bedcd8c7cd
121754,"""484""","[""78"", ""266"", ""261""]","""25015""",[],36cd9e00-7c63-45bb-be71-a17a5ba16b31
121754,"""484""","[""78"", ""266"", ""261""]","""25015""",[],cb1f209d-e067-4b69-84b5-5def83669a3c
121754,"""484""","[""78"", ""266"", ""261""]","""25015""",[],90273ec9-d203-433d-a0aa-1113544571d7
121754,"""484""","[""78"", ""266"", ""261""]","""25015""",[],326b3ec0-d404-4dbc-82cd-8363c050c6c2
121754,"""484""","[""78"", ""266"", ""261""]","""25015""",[],79fab682-ef3c-4c3f-a8b7-a601ea7e5e17
121754,"""484""","[""78"", ""266"", ""261""]","""25015""",[],a55060fb-173e-4bf8-9bee-7180fc030f91
121754,"""484""","[""78"", ""266"", ""261""]","""25015""",[],947a41b5-dc21-4594-96e8-ad30a0df017a
121754,"""484""","[""78"", ""266"", ""261""]","""25015""",[],a8d69a63-f7b9-4915-b172-6ca7a0d5db41
121754,"""484""","[""78"", ""266"", ""261""]","""25015""",[],50cd8cf2-e180-4376-9089-0eb1524ace7f
121754,"""484""","[""78"", ""266"", ""261""]","""25015""",[],95fe8f9d-b948-4bce-99a7-850f8903dcfc
121754,"""484""","[""78"", ""266"", ""261""]","""25015""",[],2fe44cc2-6438-4de2-8ee0-cb233fc71976
121754,"""484""","[""78"", ""266"", ""261""]","""25015""",[],fe1a1090-5cea-43ab-bdf3-74130156df5d
121754,"""484""","[""78"", ""266"", ""261""]","""25015""",[],68116f5c-f37f-43cd-8d2c-c1001f0b93ff
121754,"""484""","[""78"", ""266"", ""261""]","""25015""",[],81347b06-161c-48c3-88fd-e5af89d0c057
121754,"""484""","[""78"", ""266"", ""261""]","""25015""",[],2898757d-0df0-4f98-983c-e96e1b8554a0
121754,"""484""","[""78"", ""266"", ""261""]","""25015""",[],248e6979-0c29-45f4-b226-5bcaa46670e3
121754,"""484""","[""78"", ""266"", ""261""]","""25015""",[],950b98b1-5c03-4938-a1b0-a9969e74e051
121754,"""484""","[""78"", ""266"", ""261""]","""25015""",[],876a2dbc-5e09-4336-ba0f-708a44788433
121754,"""484""","[""78"", ""266"", ""261""]","""25015""",[],f8482408-6cb1-4ce8-b0ec-c53f5de29588
121754,"""484""","[""78"", ""266"", ""261""]","""25015""",[],01812541-94c4-49cc-bc74-b30a598074ba
121754,"""484""","[""78"", ""266"", ""261""]","""25015""",[],927510f9-80d0-4faa-bdfe-b47b2eb386f4
121754,"""484""","[""78"", ""266"", ""261""]","""25015""",[],146d55d1-b849-419e-a417-0382f4b8f9f6
121754,"""484""","[""78"", ""266"", ""261""]","""25015""",[],514612bf-0b54-4f8f-a9c5-172f9d014f52
121754,"""484""","[""78"", ""266"", ""261""]","""25015""",[],dae3e3ab-7511-4632-a1c6-ed6f29b9321f
121754,"""484""","[""78"", ""266"", ""261""]","""25015""",[],ed1d5bff-6737-4a92-b39b-ce3e5d6c58c9
121754,"""484""","[""78"", ""266"", ""261""]","""25015""",[],e782a90b-3716-44f2-9a4b-5536d34421f3
121754,"""484""","[""78"", ""266"", ""261""]","""25015""",[],514612bf-0b54-4f8f-a9c5-172f9d014f52
121754,"""484""","[""78"", ""266"", ""261""]","""25015""",[],835a539b-c40d-4d32-8269-6f0327bb851a
308281,"""1592""","[""331""]","""25053""","[""56"", ""4681"", ""39"", ""4662"", ""3343"", ""3160"", ""682"", ""5618"", ""2503"", ""6"", ""12685"", ""13840"", ""529"", ""6407"", ""12115"", ""53"", ""11832"", ""54""]",3ff7b03d-96c6-4364-b906-fcba0198b9f5
308281,"""1592""","[""331""]","""25053""","[""56"", ""4681"", ""39"", ""4662"", ""3343"", ""3160"", ""682"", ""5618"", ""2503"", ""6"", ""12685"", ""13840"", ""529"", ""6407"", ""12115"", ""53"", ""11832"", ""54""]",c19f5f9d-c2b3-4052-9ae4-513ca8e99a9d
308281,"""1592""","[""331""]","""25053""","[""56"", ""4681"", ""39"", ""4662"", ""3343"", ""3160"", ""682"", ""5618"", ""2503"", ""6"", ""12685"", ""13840"", ""529"", ""6407"", ""12115"", ""53"", ""11832"", ""54""]",82898593-eea5-4032-8506-352a63bef889
308281,"""1592""","[""331""]","""25053""","[""56"", ""4681"", ""39"", ""4662"", ""3343"", ""3160"", ""682"", ""5618"", ""2503"", ""6"", ""12685"", ""13840"", ""529"", ""6407"", ""12115"", ""53"", ""11832"", ""54""]",378880e6-74fa-455b-8059-4dff231ce09d
308281,"""1592""","[""331""]","""25053""","[""56"", ""4681"", ""39"", ""4662"", ""3343"", ""3160"", ""682"", ""5618"", ""2503"", ""6"", ""12685"", ""13840"", ""529"", ""6407"", ""12115"", ""53"", ""11832"", ""54""]",304d0ad8-cdbd-4c18-9d34-07a4422d655d
308281,"""1592""","[""331""]","""25053""","[""56"", ""4681"", ""39"", ""4662"", ""3343"", ""3160"", ""682"", ""5618"", ""2503"", ""6"", ""12685"", ""13840"", ""529"", ""6407"", ""12115"", ""53"", ""11832"", ""54""]",ba5bfd09-3bfd-44b2-9be0-fcffd63f04c7
308281,"""1592""","[""331""]","""25053""","[""56"", ""4681"", ""39"", ""4662"", ""3343"", ""3160"", ""682"", ""5618"", ""2503"", ""6"", ""12685"", ""13840"", ""529"", ""6407"", ""12115"", ""53"", ""11832"", ""54""]",06b6b0bd-5e8d-4033-a4d3-c9c6efc7a8a9
308281,"""1592""","[""331""]","""25053""","[""56"", ""4681"", ""39"", ""4662"", ""3343"", ""3160"", ""682"", ""5618"", ""2503"", ""6"", ""12685"", ""13840"", ""529"", ""6407"", ""12115"", ""53"", ""11832"", ""54""]",db985777-6523-40bd-97c9-41aaeca814a0
308281,"""1592""","[""331""]","""25053""","[""56"", ""4681"", ""39"", ""4662"", ""3343"", ""3160"", ""682"", ""5618"", ""2503"", ""6"", ""12685"", ""13840"", ""529"", ""6407"", ""12115"", ""53"", ""11832"", ""54""]",a9cb2c55-9caf-48ac-a62f-4a26bff3871e
308281,"""1592""","[""331""]","""25053""","[""56"", ""4681"", ""39"", ""4662"", ""3343"", ""3160"", ""682"", ""5618"", ""2503"", ""6"", ""12685"", ""13840"", ""529"", ""6407"", ""12115"", ""53"", ""11832"", ""54""]",fe87df19-2f29-4002-a231-bbf6a93873b9
308281,"""1592""","[""331""]","""25053""","[""56"", ""4681"", ""39"", ""4662"", ""3343"", ""3160"", ""682"", ""5618"", ""2503"", ""6"", ""12685"", ""13840"", ""529"", ""6407"", ""12115"", ""53"", ""11832"", ""54""]",fe87df19-2f29-4002-a231-bbf6a93873b9
308281,"""1592""","[""331""]","""25053""","[""56"", ""4681"", ""39"", ""4662"", ""3343"", ""3160"", ""682"", ""5618"", ""2503"", ""6"", ""12685"", ""13840"", ""529"", ""6407"", ""12115"", ""53"", ""11832"", ""54""]",378880e6-74fa-455b-8059-4dff231ce09d
308281,"""1592""","[""331""]","""25053""","[""56"", ""4681"", ""39"", ""4662"", ""3343"", ""3160"", ""682"", ""5618"", ""2503"", ""6"", ""12685"", ""13840"", ""529"", ""6407"", ""12115"", ""53"", ""11832"", ""54""]",4bd05783-676f-42ca-8e4a-2e414d8a1579
308281,"""1592""","[""331""]","""25053""","[""56"", ""4681"", ""39"", ""4662"", ""3343"", ""3160"", ""682"", ""5618"", ""2503"", ""6"", ""12685"", ""13840"", ""529"", ""6407"", ""12115"", ""53"", ""11832"", ""54""]",54386d2e-2674-4aa8-97a1-83fb0f578dd1
308281,"""1592""","[""331""]","""25053""","[""56"", ""4681"", ""39"", ""4662"", ""3343"", ""3160"", ""682"", ""5618"", ""2503"", ""6"", ""12685"", ""13840"", ""529"", ""6407"", ""12115"", ""53"", ""11832"", ""54""]",378880e6-74fa-455b-8059-4dff231ce09d
308281,"""1592""","[""331""]","""25053""","[""56"", ""4681"", ""39"", ""4662"", ""3343"", ""3160"", ""682"", ""5618"", ""2503"", ""6"", ""12685"", ""13840"", ""529"", ""6407"", ""12115"", ""53"", ""11832"", ""54""]",6641372e-151b-430d-9433-61e0c51b7169
308281,"""1592""","[""331""]","""25053""","[""56"", ""4681"", ""39"", ""4662"", ""3343"", ""3160"", ""682"", ""5618"", ""2503"", ""6"", ""12685"", ""13840"", ""529"", ""6407"", ""12115"", ""53"", ""11832"", ""54""]",1ec40d9d-0a32-4bd7-91ce-36bed85ea9e5
308281,"""1592""","[""331""]","""25053""","[""56"", ""4681"", ""39"", ""4662"", ""3343"", ""3160"", ""682"", ""5618"", ""2503"", ""6"", ""12685"", ""13840"", ""529"", ""6407"", ""12115"", ""53"", ""11832"", ""54""]",82898593-eea5-4032-8506-352a63bef889
308281,"""1592""","[""331""]","""25053""","[""56"", ""4681"", ""39"", ""4662"", ""3343"", ""3160"", ""682"", ""5618"", ""2503"", ""6"", ""12685"", ""13840"", ""529"", ""6407"", ""12115"", ""53"", ""11832"", ""54""]",298dc1c5-d5f2-4744-a028-6db92ded9f06
308281,"""1592""","[""331""]","""25053""","[""56"", ""4681"", ""39"", ""4662"", ""3343"", ""3160"", ""682"", ""5618"", ""2503"", ""6"", ""12685"", ""13840"", ""529"", ""6407"", ""12115"", ""53"", ""11832"", ""54""]",b913ad35-a7af-4a40-a9af-1108ddf7f791
308281,"""1592""","[""331""]","""25053""","[""56"", ""4681"", ""39"", ""4662"", ""3343"", ""3160"", ""682"", ""5618"", ""2503"", ""6"", ""12685"", ""13840"", ""529"", ""6407"", ""12115"", ""53"", ""11832"", ""54""]",a9cb2c55-9caf-48ac-a62f-4a26bff3871e
308281,"""1592""","[""331""]","""25053""","[""56"", ""4681"", ""39"", ""4662"", ""3343"", ""3160"", ""682"", ""5618"", ""2503"", ""6"", ""12685"", ""13840"", ""529"", ""6407"", ""12115"", ""53"", ""11832"", ""54""]",13f7450f-ab2c-4cc3-884b-c41445fde815
308281,"""1592""","[""331""]","""25053""","[""56"", ""4681"", ""39"", ""4662"", ""3343"", ""3160"", ""682"", ""5618"", ""2503"", ""6"", ""12685"", ""13840"", ""529"", ""6407"", ""12115"", ""53"", ""11832"", ""54""]",06b6b0bd-5e8d-4033-a4d3-c9c6efc7a8a9
308281,"""1592""","[""331""]","""25053""","[""56"", ""4681"", ""39"", ""4662"", ""3343"", ""3160"", ""682"", ""5618"", ""2503"", ""6"", ""12685"", ""13840"", ""529"", ""6407"", ""12115"", ""53"", ""11832"", ""54""]",affc346d-bc56-4228-8c65-9a86f0ecc1f6
308281,"""1592""","[""331""]","""25053""","[""56"", ""4681"", ""39"", ""4662"", ""3343"", ""3160"", ""682"", ""5618"", ""2503"", ""6"", ""12685"", ""13840"", ""529"", ""6407"", ""12115"", ""53"", ""11832"", ""54""]",2cc4be75-15f9-4aa6-8ae8-2ed94730e5be
308281,"""1592""","[""331""]","""25053""","[""56"", ""4681"", ""39"", ""4662"", ""3343"", ""3160"", ""682"", ""5618"", ""2503"", ""6"", ""12685"", ""13840"", ""529"", ""6407"", ""12115"", ""53"", ""11832"", ""54""]",77b5d27e-75df-4013-a9f3-b2c28845f580
308281,"""1592""","[""331""]","""25053""","[""56"", ""4681"", ""39"", ""4662"", ""3343"", ""3160"", ""682"", ""5618"", ""2503"", ""6"", ""12685"", ""13840"", ""529"", ""6407"", ""12115"", ""53"", ""11832"", ""54""]",3ae42bd9-dbb3-40a3-aab9-db3196d0dcae
308281,"""1592""","[""331""]","""25053""","[""56"", ""4681"", ""39"", ""4662"", ""3343"", ""3160"", ""682"", ""5618"", ""2503"", ""6"", ""12685"", ""13840"", ""529"", ""6407"", ""12115"", ""53"", ""11832"", ""54""]",33923b11-95c0-4127-91d2-d59b2ab59014
308281,"""1592""","[""331""]","""25053""","[""56"", ""4681"", ""39"", ""4662"", ""3343"", ""3160"", ""682"", ""5618"", ""2503"", ""6"", ""12685"", ""13840"", ""529"", ""6407"", ""12115"", ""53"", ""11832"", ""54""]",26607148-9613-493f-b383-5b33b9e2ca3e
308281,"""1592""","[""331""]","""25053""","[""56"", ""4681"", ""39"", ""4662"", ""3343"", ""3160"", ""682"", ""5618"", ""2503"", ""6"", ""12685"", ""13840"", ""529"", ""6407"", ""12115"", ""53"", ""11832"", ""54""]",d5833b57-76c9-4d59-9071-2818de8b1b45
308281,"""1592""","[""331""]","""25053""","[""56"", ""4681"", ""39"", ""4662"", ""3343"", ""3160"", ""682"", ""5618"", ""2503"", ""6"", ""12685"", ""13840"", ""529"", ""6407"", ""12115"", ""53"", ""11832"", ""54""]",fdc6357f-ddf9-4de1-9a4a-4c96f1a2d728
308281,"""1592""","[""331""]","""25053""","[""56"", ""4681"", ""39"", ""4662"", ""3343"", ""3160"", ""682"", ""5618"", ""2503"", ""6"", ""12685"", ""13840"", ""529"", ""6407"", ""12115"", ""53"", ""11832"", ""54""]",6a4296db-0931-42a0-93a1-774b1c7a5f93
308281,"""1592""","[""331""]","""25053""","[""56"", ""4681"", ""39"", ""4662"", ""3343"", ""3160"", ""682"", ""5618"", ""2503"", ""6"", ""12685"", ""13840"", ""529"", ""6407"", ""12115"", ""53"", ""11832"", ""54""]",82898593-eea5-4032-8506-352a63bef889
308281,"""1592""","[""331""]","""25053""","[""56"", ""4681"", ""39"", ""4662"", ""3343"", ""3160"", ""682"", ""5618"", ""2503"", ""6"", ""12685"", ""13840"", ""529"", ""6407"", ""12115"", ""53"", ""11832"", ""54""]",e139ad31-4824-47e8-a400-268ef3c786b5
308281,"""1592""","[""331""]","""25053""","[""56"", ""4681"", ""39"", ""4662"", ""3343"", ""3160"", ""682"", ""5618"", ""2503"", ""6"", ""12685"", ""13840"", ""529"", ""6407"", ""12115"", ""53"", ""11832"", ""54""]",2ba39e37-b368-4c25-9a6d-8d79e70cc7b5
308281,"""1592""","[""331""]","""25053""","[""56"", ""4681"", ""39"", ""4662"", ""3343"", ""3160"", ""682"", ""5618"", ""2503"", ""6"", ""12685"", ""13840"", ""529"", ""6407"", ""12115"", ""53"", ""11832"", ""54""]",125593dc-8802-4efc-85ff-48cba7eb45b1
308281,"""1592""","[""331""]","""25053""","[""56"", ""4681"", ""39"", ""4662"", ""3343"", ""3160"", ""682"", ""5618"", ""2503"", ""6"", ""12685"", ""13840"", ""529"", ""6407"", ""12115"", ""53"", ""11832"", ""54""]",fbf1943a-d9a4-4ad7-ae6f-16a0c9701874
308281,"""1592""","[""331""]","""25053""","[""56"", ""4681"", ""39"", ""4662"", ""3343"", ""3160"", ""682"", ""5618"", ""2503"", ""6"", ""12685"", ""13840"", ""529"", ""6407"", ""12115"", ""53"", ""11832"", ""54""]",2cc4be75-15f9-4aa6-8ae8-2ed94730e5be
308281,"""1592""","[""331""]","""25053""","[""56"", ""4681"", ""39"", ""4662"", ""3343"", ""3160"", ""682"", ""5618"", ""2503"", ""6"", ""12685"", ""13840"", ""529"", ""6407"", ""12115"", ""53"", ""11832"", ""54""]",378880e6-74fa-455b-8059-4dff231ce09d
308281,"""1592""","[""331""]","""25053""","[""56"", ""4681"", ""39"", ""4662"", ""3343"", ""3160"", ""682"", ""5618"", ""2503"", ""6"", ""12685"", ""13840"", ""529"", ""6407"", ""12115"", ""53"", ""11832"", ""54""]",9f80a2bb-81e5-4bea-92a3-f18e18e42d78
308281,"""1592""","[""331""]","""25053""","[""56"", ""4681"", ""39"", ""4662"", ""3343"", ""3160"", ""682"", ""5618"", ""2503"", ""6"", ""12685"", ""13840"", ""529"", ""6407"", ""12115"", ""53"", ""11832"", ""54""]",72bb4d51-e045-4fbc-b18b-410b3ef6ced4
308281,"""1592""","[""331""]","""25053""","[""56"", ""4681"", ""39"", ""4662"", ""3343"", ""3160"", ""682"", ""5618"", ""2503"", ""6"", ""12685"", ""13840"", ""529"", ""6407"", ""12115"", ""53"", ""11832"", ""54""]",77f41ba5-429a-4791-93f5-b553d24b452f
308281,"""1592""","[""331""]","""25053""","[""56"", ""4681"", ""39"", ""4662"", ""3343"", ""3160"", ""682"", ""5618"", ""2503"", ""6"", ""12685"", ""13840"", ""529"", ""6407"", ""12115"", ""53"", ""11832"", ""54""]",a9cb2c55-9caf-48ac-a62f-4a26bff3871e
308281,"""1592""","[""331""]","""25053""","[""56"", ""4681"", ""39"", ""4662"", ""3343"", ""3160"", ""682"", ""5618"", ""2503"", ""6"", ""12685"", ""13840"", ""529"", ""6407"", ""12115"", ""53"", ""11832"", ""54""]",e9d37f43-20b8-45a7-8258-3443d2f19baf
308281,"""1592""","[""331""]","""25053""","[""56"", ""4681"", ""39"", ""4662"", ""3343"", ""3160"", ""682"", ""5618"", ""2503"", ""6"", ""12685"", ""13840"", ""529"", ""6407"", ""12115"", ""53"", ""11832"", ""54""]",c97eac83-752c-47c3-aafe-b707aa1aaac0
308281,"""1592""","[""331""]","""25053""","[""56"", ""4681"", ""39"", ""4662"", ""3343"", ""3160"", ""682"", ""5618"", ""2503"", ""6"", ""12685"", ""13840"", ""529"", ""6407"", ""12115"", ""53"", ""11832"", ""54""]",648e89c6-ad3b-4f4f-a681-13712ffd8df5
308281,"""1592""","[""331""]","""25053""","[""56"", ""4681"", ""39"", ""4662"", ""3343"", ""3160"", ""682"", ""5618"", ""2503"", ""6"", ""12685"", ""13840"", ""529"", ""6407"", ""12115"", ""53"", ""11832"", ""54""]",d55297e0-6f01-4b44-b5ba-d0c5e3b73e6d
308281,"""1592""","[""331""]","""25053""","[""56"", ""4681"", ""39"", ""4662"", ""3343"", ""3160"", ""682"", ""5618"", ""2503"", ""6"", ""12685"", ""13840"", ""529"", ""6407"", ""12115"", ""53"", ""11832"", ""54""]",6a12aed6-05f4-441e-8f23-1915d0d74875
308281,"""1592""","[""331""]","""25053""","[""56"", ""4681"", ""39"", ""4662"", ""3343"", ""3160"", ""682"", ""5618"", ""2503"", ""6"", ""12685"", ""13840"", ""529"", ""6407"", ""12115"", ""53"", ""11832"", ""54""]",f1e4183f-0346-4497-b844-5816a84b9600
308281,"""1592""","[""331""]","""25053""","[""56"", ""4681"", ""39"", ""4662"", ""3343"", ""3160"", ""682"", ""5618"", ""2503"", ""6"", ""12685"", ""13840"", ""529"", ""6407"", ""12115"", ""53"", ""11832"", ""54""]",413e43b5-5b3d-45e2-bc43-bf8fef8c3b92
308281,"""1592""","[""331""]","""25053""","[""56"", ""4681"", ""39"", ""4662"", ""3343"", ""3160"", ""682"", ""5618"", ""2503"", ""6"", ""12685"", ""13840"", ""529"", ""6407"", ""12115"", ""53"", ""11832"", ""54""]",c381bbcb-66b8-4b2e-8c63-b53e0739190d
308281,"""1592""","[""331""]","""25053""","[""56"", ""4681"", ""39"", ""4662"", ""3343"", ""3160"", ""682"", ""5618"", ""2503"", ""6"", ""12685"", ""13840"", ""529"", ""6407"", ""12115"", ""53"", ""11832"", ""54""]",bbca94d0-8486-42fd-87b6-1b8e4853be08
308281,"""1592""","[""331""]","""25053""","[""56"", ""4681"", ""39"", ""4662"", ""3343"", ""3160"", ""682"", ""5618"", ""2503"", ""6"", ""12685"", ""13840"", ""529"", ""6407"", ""12115"", ""53"", ""11832"", ""54""]",40677f8b-04ac-4d0a-8b9b-f4912a4c3dd9
308281,"""1592""","[""331""]","""25053""","[""56"", ""4681"", ""39"", ""4662"", ""3343"", ""3160"", ""682"", ""5618"", ""2503"", ""6"", ""12685"", ""13840"", ""529"", ""6407"", ""12115"", ""53"", ""11832"", ""54""]",06b6b0bd-5e8d-4033-a4d3-c9c6efc7a8a9
308281,"""1592""","[""331""]","""25053""","[""56"", ""4681"", ""39"", ""4662"", ""3343"", ""3160"", ""682"", ""5618"", ""2503"", ""6"", ""12685"", ""13840"", ""529"", ""6407"", ""12115"", ""53"", ""11832"", ""54""]",087cec1e-73aa-4505-bc74-29d5bd1f16b0
308281,"""1592""","[""331""]","""25053""","[""56"", ""4681"", ""39"", ""4662"", ""3343"", ""3160"", ""682"", ""5618"", ""2503"", ""6"", ""12685"", ""13840"", ""529"", ""6407"", ""12115"", ""53"", ""11832"", ""54""]",0abf7b87-8400-4a7a-9ed6-a12e1a46e92b
308281,"""1592""","[""331""]","""25053""","[""56"", ""4681"", ""39"", ""4662"", ""3343"", ""3160"", ""682"", ""5618"", ""2503"", ""6"", ""12685"", ""13840"", ""529"", ""6407"", ""12115"", ""53"", ""11832"", ""54""]",2660736a-26a9-46a8-862f-47d7bdc05798
308281,"""1592""","[""331""]","""25053""","[""56"", ""4681"", ""39"", ""4662"", ""3343"", ""3160"", ""682"", ""5618"", ""2503"", ""6"", ""12685"", ""13840"", ""529"", ""6407"", ""12115"", ""53"", ""11832"", ""54""]",dcbc6826-d6fa-4499-b9a0-8d336d19e711
308281,"""1592""","[""331""]","""25053""","[""56"", ""4681"", ""39"", ""4662"", ""3343"", ""3160"", ""682"", ""5618"", ""2503"", ""6"", ""12685"", ""13840"", ""529"", ""6407"", ""12115"", ""53"", ""11832"", ""54""]",06b6b0bd-5e8d-4033-a4d3-c9c6efc7a8a9
308281,"""1592""","[""331""]","""25053""","[""56"", ""4681"", ""39"", ""4662"", ""3343"", ""3160"", ""682"", ""5618"", ""2503"", ""6"", ""12685"", ""13840"", ""529"", ""6407"", ""12115"", ""53"", ""11832"", ""54""]",087cec1e-73aa-4505-bc74-29d5bd1f16b0
308281,"""1592""","[""331""]","""25053""","[""56"", ""4681"", ""39"", ""4662"", ""3343"", ""3160"", ""682"", ""5618"", ""2503"", ""6"", ""12685"", ""13840"", ""529"", ""6407"", ""12115"", ""53"", ""11832"", ""54""]",2115f2e6-23d5-4f9a-9536-94e97a692ef8
308281,"""1592""","[""331""]","""25053""","[""56"", ""4681"", ""39"", ""4662"", ""3343"", ""3160"", ""682"", ""5618"", ""2503"", ""6"", ""12685"", ""13840"", ""529"", ""6407"", ""12115"", ""53"", ""11832"", ""54""]",2115f2e6-23d5-4f9a-9536-94e97a692ef8
308281,"""1592""","[""331""]","""25053""","[""56"", ""4681"", ""39"", ""4662"", ""3343"", ""3160"", ""682"", ""5618"", ""2503"", ""6"", ""12685"", ""13840"", ""529"", ""6407"", ""12115"", ""53"", ""11832"", ""54""]",33a27354-35be-4eee-bb3e-cbd35cbc4094
308281,"""1592""","[""331""]","""25053""","[""56"", ""4681"", ""39"", ""4662"", ""3343"", ""3160"", ""682"", ""5618"", ""2503"", ""6"", ""12685"", ""13840"", ""529"", ""6407"", ""12115"", ""53"", ""11832"", ""54""]",2cc4be75-15f9-4aa6-8ae8-2ed94730e5be
308281,"""1592""","[""331""]","""25053""","[""56"", ""4681"", ""39"", ""4662"", ""3343"", ""3160"", ""682"", ""5618"", ""2503"", ""6"", ""12685"", ""13840"", ""529"", ""6407"", ""12115"", ""53"", ""11832"", ""54""]",378880e6-74fa-455b-8059-4dff231ce09d
308281,"""1592""","[""331""]","""25053""","[""56"", ""4681"", ""39"", ""4662"", ""3343"", ""3160"", ""682"", ""5618"", ""2503"", ""6"", ""12685"", ""13840"", ""529"", ""6407"", ""12115"", ""53"", ""11832"", ""54""]",3ff7b03d-96c6-4364-b906-fcba0198b9f5
308281,"""1592""","[""331""]","""25053""","[""56"", ""4681"", ""39"", ""4662"", ""3343"", ""3160"", ""682"", ""5618"", ""2503"", ""6"", ""12685"", ""13840"", ""529"", ""6407"", ""12115"", ""53"", ""11832"", ""54""]",3d998dcd-2226-4b04-9c97-b39f7b6fe997
308281,"""1592""","[""331""]","""25053""","[""56"", ""4681"", ""39"", ""4662"", ""3343"", ""3160"", ""682"", ""5618"", ""2503"", ""6"", ""12685"", ""13840"", ""529"", ""6407"", ""12115"", ""53"", ""11832"", ""54""]",3ff7b03d-96c6-4364-b906-fcba0198b9f5
308281,"""1592""","[""331""]","""25053""","[""56"", ""4681"", ""39"", ""4662"", ""3343"", ""3160"", ""682"", ""5618"", ""2503"", ""6"", ""12685"", ""13840"", ""529"", ""6407"", ""12115"", ""53"", ""11832"", ""54""]",5786aac8-f972-442f-8527-e2996125e57f
308281,"""1592""","[""331""]","""25053""","[""56"", ""4681"", ""39"", ""4662"", ""3343"", ""3160"", ""682"", ""5618"", ""2503"", ""6"", ""12685"", ""13840"", ""529"", ""6407"", ""12115"", ""53"", ""11832"", ""54""]",871405ac-1681-4fe3-ad84-3dbd306c2693
308281,"""1592""","[""331""]","""25053""","[""56"", ""4681"", ""39"", ""4662"", ""3343"", ""3160"", ""682"", ""5618"", ""2503"", ""6"", ""12685"", ""13840"", ""529"", ""6407"", ""12115"", ""53"", ""11832"", ""54""]",8d426f78-b1d1-4ab8-a8af-be35f4fbcc58
121754,"""484""","[""78"", ""266"", ""261""]","""25015""",[],8c6fa738-5411-4a63-a6ec-8dfea7bbadbc
121754,"""484""","[""78"", ""266"", ""261""]","""25015""",[],a069515a-96e4-4ea9-a4db-52a69185ecae
121754,"""484""","[""78"", ""266"", ""261""]","""25015""",[],7d4847dd-d6b4-4320-bec6-ecde63506aa0
121754,"""484""","[""78"", ""266"", ""261""]","""25015""",[],156036a8-adc0-44a0-bba0-e50b4171ff8f
142610,"""834""","[""171""]","""25021""","[""1"", ""486"", ""3"", ""4"", ""5"", ""54""]",3af6f4aa-8077-49db-8175-86a34f269b91
142610,"""834""","[""171""]","""25021""","[""1"", ""486"", ""3"", ""4"", ""5"", ""54""]",4b6d23d9-2e73-495f-95e4-8899500d919f
142610,"""834""","[""171""]","""25021""","[""1"", ""486"", ""3"", ""4"", ""5"", ""54""]",f2293144-b4f9-4587-a10e-57c11dfc7372
142610,"""834""","[""171""]","""25021""","[""1"", ""486"", ""3"", ""4"", ""5"", ""54""]",89231ff6-59f8-49f3-80dc-f9ef1d5f0e9b
142610,"""834""","[""171""]","""25021""","[""1"", ""486"", ""3"", ""4"", ""5"", ""54""]",f5886c7d-d4b0-4f79-9622-0450bb358aa5
142610,"""834""","[""171""]","""25021""","[""1"", ""486"", ""3"", ""4"", ""5"", ""54""]",a4d39eaf-60a7-438c-803a-61cf5296f3c3
142610,"""834""","[""171""]","""25021""","[""1"", ""486"", ""3"", ""4"", ""5"", ""54""]",217753d1-dd1e-48c9-943d-e1045c29d2c0
142610,"""834""","[""171""]","""25021""","[""1"", ""486"", ""3"", ""4"", ""5"", ""54""]",24518dd2-da26-4816-80f1-00860d971973
142610,"""834""","[""171""]","""25021""","[""1"", ""486"", ""3"", ""4"", ""5"", ""54""]",12d57842-573e-4561-9fd0-70d655edace8
142610,"""834""","[""171""]","""25021""","[""1"", ""486"", ""3"", ""4"", ""5"", ""54""]",6a23ab18-0715-4882-ad13-69711c1cec9f
142610,"""834""","[""171""]","""25021""","[""1"", ""486"", ""3"", ""4"", ""5"", ""54""]",c84f15c0-312d-44d8-980a-a90e8782871b
142610,"""834""","[""171""]","""25021""","[""1"", ""486"", ""3"", ""4"", ""5"", ""54""]",3f3ab966-c40d-4eb8-9bf6-4b16c26c2091
142610,"""834""","[""171""]","""25021""","[""1"", ""486"", ""3"", ""4"", ""5"", ""54""]",a62157a6-48c0-4fb5-8718-685f84dafaf0
142610,"""834""","[""171""]","""25021""","[""1"", ""486"", ""3"", ""4"", ""5"", ""54""]",3af6f4aa-8077-49db-8175-86a34f269b91
142610,"""834""","[""171""]","""25021""","[""1"", ""486"", ""3"", ""4"", ""5"", ""54""]",07cec026-0276-49b4-b0c6-b97541da0d31
142610,"""834""","[""171""]","""25021""","[""1"", ""486"", ""3"", ""4"", ""5"", ""54""]",7d70e7e3-fc8f-41f4-9b9d-3efc1fcd767c
142610,"""834""","[""171""]","""25021""","[""1"", ""486"", ""3"", ""4"", ""5"", ""54""]",f5886c7d-d4b0-4f79-9622-0450bb358aa5
142610,"""834""","[""171""]","""25021""","[""1"", ""486"", ""3"", ""4"", ""5"", ""54""]",a44d49b0-c2fb-4d8c-a32e-4267897351c3
142610,"""834""","[""171""]","""25021""","[""1"", ""486"", ""3"", ""4"", ""5"", ""54""]",f5886c7d-d4b0-4f79-9622-0450bb358aa5
142610,"""834""","[""171""]","""25021""","[""1"", ""486"", ""3"", ""4"", ""5"", ""54""]",e2ef075e-25b3-4fc4-94c4-a1b786d37473
142610,"""834""","[""171""]","""25021""","[""1"", ""486"", ""3"", ""4"", ""5"", ""54""]",85086afc-7165-4425-bd55-550749300772
142610,"""834""","[""171""]","""25021""","[""1"", ""486"", ""3"", ""4"", ""5"", ""54""]",217753d1-dd1e-48c9-943d-e1045c29d2c0
142610,"""834""","[""171""]","""25021""","[""1"", ""486"", ""3"", ""4"", ""5"", ""54""]",320e8ba0-d64b-4952-ba9e-704e3952fb27
142610,"""834""","[""171""]","""25021""","[""1"", ""486"", ""3"", ""4"", ""5"", ""54""]",3af6f4aa-8077-49db-8175-86a34f269b91
142610,"""834""","[""171""]","""25021""","[""1"", ""486"", ""3"", ""4"", ""5"", ""54""]",8696d944-42a8-4e0e-af9d-1279cfff23bb
142610,"""834""","[""171""]","""25021""","[""1"", ""486"", ""3"", ""4"", ""5"", ""54""]",1a6f655e-b4d9-43a3-abfc-ffd1281fbadd
142610,"""834""","[""171""]","""25021""","[""1"", ""486"", ""3"", ""4"", ""5"", ""54""]",f5886c7d-d4b0-4f79-9622-0450bb358aa5
142610,"""834""","[""171""]","""25021""","[""1"", ""486"", ""3"", ""4"", ""5"", ""54""]",c84f15c0-312d-44d8-980a-a90e8782871b
142610,"""834""","[""171""]","""25021""","[""1"", ""486"", ""3"", ""4"", ""5"", ""54""]",9ce2f67c-1194-4580-97c2-ae3164186686
142610,"""834""","[""171""]","""25021""","[""1"", ""486"", ""3"", ""4"", ""5"", ""54""]",d56aceb4-efaf-46c3-a93e-026651b71d23
142610,"""834""","[""171""]","""25021""","[""1"", ""486"", ""3"", ""4"", ""5"", ""54""]",c2c2acea-a56d-4723-ad2b-599413682f01
142610,"""834""","[""171""]","""25021""","[""1"", ""486"", ""3"", ""4"", ""5"", ""54""]",a44d49b0-c2fb-4d8c-a32e-4267897351c3
142610,"""834""","[""171""]","""25021""","[""1"", ""486"", ""3"", ""4"", ""5"", ""54""]",752f7c89-a61d-4e1c-852b-b91912cc5a5b
142610,"""834""","[""171""]","""25021""","[""1"", ""486"", ""3"", ""4"", ""5"", ""54""]",320e8ba0-d64b-4952-ba9e-704e3952fb27
142610,"""834""","[""171""]","""25021""","[""1"", ""486"", ""3"", ""4"", ""5"", ""54""]",85086afc-7165-4425-bd55-550749300772
142610,"""834""","[""171""]","""25021""","[""1"", ""486"", ""3"", ""4"", ""5"", ""54""]",26204057-f21e-4308-a762-7f9bef66761d
142610,"""834""","[""171""]","""25021""","[""1"", ""486"", ""3"", ""4"", ""5"", ""54""]",a203a714-bdf1-479c-856f-e5c0fb99213c
142610,"""834""","[""171""]","""25021""","[""1"", ""486"", ""3"", ""4"", ""5"", ""54""]",04291be6-455f-48b9-850a-b45d497c7e37
142610,"""834""","[""171""]","""25021""","[""1"", ""486"", ""3"", ""4"", ""5"", ""54""]",394cc5c0-92ed-48e1-a885-9c519cbd8f94
142610,"""834""","[""171""]","""25021""","[""1"", ""486"", ""3"", ""4"", ""5"", ""54""]",c70cbd33-8bb7-4680-860b-6c58049a2a1f
142610,"""834""","[""171""]","""25021""","[""1"", ""486"", ""3"", ""4"", ""5"", ""54""]",304d0ad8-cdbd-4c18-9d34-07a4422d655d
142610,"""834""","[""171""]","""25021""","[""1"", ""486"", ""3"", ""4"", ""5"", ""54""]",f5886c7d-d4b0-4f79-9622-0450bb358aa5
142610,"""834""","[""171""]","""25021""","[""1"", ""486"", ""3"", ""4"", ""5"", ""54""]",ac6410f2-9ec5-489e-b383-1c76c856eef7
142610,"""834""","[""171""]","""25021""","[""1"", ""486"", ""3"", ""4"", ""5"", ""54""]",020aaa32-0b8b-4511-8a6a-55f220b7795f
142610,"""834""","[""171""]","""25021""","[""1"", ""486"", ""3"", ""4"", ""5"", ""54""]",320e8ba0-d64b-4952-ba9e-704e3952fb27
142610,"""834""","[""171""]","""25021""","[""1"", ""486"", ""3"", ""4"", ""5"", ""54""]",46c95f94-f31c-4e01-8437-de6734acea47
142610,"""834""","[""171""]","""25021""","[""1"", ""486"", ""3"", ""4"", ""5"", ""54""]",982e3bd9-a080-4901-9c46-2c247db96817
142610,"""834""","[""171""]","""25021""","[""1"", ""486"", ""3"", ""4"", ""5"", ""54""]",b913ad35-a7af-4a40-a9af-1108ddf7f791
142610,"""834""","[""171""]","""25021""","[""1"", ""486"", ""3"", ""4"", ""5"", ""54""]",a4d39eaf-60a7-438c-803a-61cf5296f3c3
142610,"""834""","[""171""]","""25021""","[""1"", ""486"", ""3"", ""4"", ""5"", ""54""]",0e4fb589-446c-4ff6-8133-374ec930dd53
142610,"""834""","[""171""]","""25021""","[""1"", ""486"", ""3"", ""4"", ""5"", ""54""]",24518dd2-da26-4816-80f1-00860d971973
142610,"""834""","[""171""]","""25021""","[""1"", ""486"", ""3"", ""4"", ""5"", ""54""]",e2ef075e-25b3-4fc4-94c4-a1b786d37473
142610,"""834""","[""171""]","""25021""","[""1"", ""486"", ""3"", ""4"", ""5"", ""54""]",a4d39eaf-60a7-438c-803a-61cf5296f3c3
142610,"""834""","[""171""]","""25021""","[""1"", ""486"", ""3"", ""4"", ""5"", ""54""]",95a308f0-23f5-4f7f-9d82-c59c59d21cbc
142610,"""834""","[""171""]","""25021""","[""1"", ""486"", ""3"", ""4"", ""5"", ""54""]",d392e994-c915-4a92-8cf4-75f322c8fb7a
142610,"""834""","[""171""]","""25021""","[""1"", ""486"", ""3"", ""4"", ""5"", ""54""]",5779669a-a8f6-4c9f-bdc6-31255d5f02f7
142610,"""834""","[""171""]","""25021""","[""1"", ""486"", ""3"", ""4"", ""5"", ""54""]",33923b11-95c0-4127-91d2-d59b2ab59014
142610,"""834""","[""171""]","""25021""","[""1"", ""486"", ""3"", ""4"", ""5"", ""54""]",26204057-f21e-4308-a762-7f9bef66761d
142610,"""834""","[""171""]","""25021""","[""1"", ""486"", ""3"", ""4"", ""5"", ""54""]",752f7c89-a61d-4e1c-852b-b91912cc5a5b
142610,"""834""","[""171""]","""25021""","[""1"", ""486"", ""3"", ""4"", ""5"", ""54""]",85086afc-7165-4425-bd55-550749300772
142610,"""834""","[""171""]","""25021""","[""1"", ""486"", ""3"", ""4"", ""5"", ""54""]",0e4d2f17-3e24-4db5-9c04-5970bc6f3ee7
142610,"""834""","[""171""]","""25021""","[""1"", ""486"", ""3"", ""4"", ""5"", ""54""]",d7d2a8b5-9188-4ceb-b517-972421012ffa
142610,"""834""","[""171""]","""25021""","[""1"", ""486"", ""3"", ""4"", ""5"", ""54""]",e7ec8641-7183-426a-af50-25cc85339c57
142610,"""834""","[""171""]","""25021""","[""1"", ""486"", ""3"", ""4"", ""5"", ""54""]",3af6f4aa-8077-49db-8175-86a34f269b91
142610,"""834""","[""171""]","""25021""","[""1"", ""486"", ""3"", ""4"", ""5"", ""54""]",648e89c6-ad3b-4f4f-a681-13712ffd8df5
142610,"""834""","[""171""]","""25021""","[""1"", ""486"", ""3"", ""4"", ""5"", ""54""]",a44d49b0-c2fb-4d8c-a32e-4267897351c3
142610,"""834""","[""171""]","""25021""","[""1"", ""486"", ""3"", ""4"", ""5"", ""54""]",f7654821-12a0-4087-9c3d-0460ab181dc2
142610,"""834""","[""171""]","""25021""","[""1"", ""486"", ""3"", ""4"", ""5"", ""54""]",d4f496db-9692-47cf-833b-6ee8b038589b
142610,"""834""","[""171""]","""25021""","[""1"", ""486"", ""3"", ""4"", ""5"", ""54""]",217753d1-dd1e-48c9-943d-e1045c29d2c0
142610,"""834""","[""171""]","""25021""","[""1"", ""486"", ""3"", ""4"", ""5"", ""54""]",e2ef075e-25b3-4fc4-94c4-a1b786d37473
142610,"""834""","[""171""]","""25021""","[""1"", ""486"", ""3"", ""4"", ""5"", ""54""]",24518dd2-da26-4816-80f1-00860d971973
142610,"""834""","[""171""]","""25021""","[""1"", ""486"", ""3"", ""4"", ""5"", ""54""]",e9e4a33a-7adf-4193-9d33-2ecd90f4a443
142610,"""834""","[""171""]","""25021""","[""1"", ""486"", ""3"", ""4"", ""5"", ""54""]",bbca94d0-8486-42fd-87b6-1b8e4853be08
142610,"""834""","[""171""]","""25021""","[""1"", ""486"", ""3"", ""4"", ""5"", ""54""]",24518dd2-da26-4816-80f1-00860d971973
142610,"""834""","[""171""]","""25021""","[""1"", ""486"", ""3"", ""4"", ""5"", ""54""]",87def487-b057-4d60-adc9-f8a2e2ec8657
142610,"""834""","[""171""]","""25021""","[""1"", ""486"", ""3"", ""4"", ""5"", ""54""]",46c95f94-f31c-4e01-8437-de6734acea47
142610,"""834""","[""171""]","""25021""","[""1"", ""486"", ""3"", ""4"", ""5"", ""54""]",514612bf-0b54-4f8f-a9c5-172f9d014f52
142610,"""834""","[""171""]","""25021""","[""1"", ""486"", ""3"", ""4"", ""5"", ""54""]",a44d49b0-c2fb-4d8c-a32e-4267897351c3
142610,"""834""","[""171""]","""25021""","[""1"", ""486"", ""3"", ""4"", ""5"", ""54""]",5b5aa519-7d9b-4bfb-8d99-06f529e438dd
142610,"""834""","[""171""]","""25021""","[""1"", ""486"", ""3"", ""4"", ""5"", ""54""]",a44d49b0-c2fb-4d8c-a32e-4267897351c3
142610,"""834""","[""171""]","""25021""","[""1"", ""486"", ""3"", ""4"", ""5"", ""54""]",f5886c7d-d4b0-4f79-9622-0450bb358aa5
142610,"""834""","[""171""]","""25021""","[""1"", ""486"", ""3"", ""4"", ""5"", ""54""]",af493a13-fc3a-4f2f-a89a-43eb5e4aa17f
142610,"""834""","[""171""]","""25021""","[""1"", ""486"", ""3"", ""4"", ""5"", ""54""]",24518dd2-da26-4816-80f1-00860d971973
142610,"""834""","[""171""]","""25021""","[""1"", ""486"", ""3"", ""4"", ""5"", ""54""]",46c95f94-f31c-4e01-8437-de6734acea47
142610,"""834""","[""171""]","""25021""","[""1"", ""486"", ""3"", ""4"", ""5"", ""54""]",6a23ab18-0715-4882-ad13-69711c1cec9f
142610,"""834""","[""171""]","""25021""","[""1"", ""486"", ""3"", ""4"", ""5"", ""54""]",24518dd2-da26-4816-80f1-00860d971973
142610,"""834""","[""171""]","""25021""","[""1"", ""486"", ""3"", ""4"", ""5"", ""54""]",d0f43aca-32e8-4aa9-a3d0-315c7a05dcc7
142610,"""834""","[""171""]","""25021""","[""1"", ""486"", ""3"", ""4"", ""5"", ""54""]",85086afc-7165-4425-bd55-550749300772
142610,"""834""","[""171""]","""25021""","[""1"", ""486"", ""3"", ""4"", ""5"", ""54""]",24518dd2-da26-4816-80f1-00860d971973
142610,"""834""","[""171""]","""25021""","[""1"", ""486"", ""3"", ""4"", ""5"", ""54""]",f12edbf8-4500-42a8-98ff-8f5a491e8cd3
142610,"""834""","[""171""]","""25021""","[""1"", ""486"", ""3"", ""4"", ""5"", ""54""]",4003c74d-c786-45e4-b0fc-fa6e68bb852d
142610,"""834""","[""171""]","""25021""","[""1"", ""486"", ""3"", ""4"", ""5"", ""54""]",46c95f94-f31c-4e01-8437-de6734acea47
142610,"""834""","[""171""]","""25021""","[""1"", ""486"", ""3"", ""4"", ""5"", ""54""]",514612bf-0b54-4f8f-a9c5-172f9d014f52
142610,"""834""","[""171""]","""25021""","[""1"", ""486"", ""3"", ""4"", ""5"", ""54""]",514612bf-0b54-4f8f-a9c5-172f9d014f52
142610,"""834""","[""171""]","""25021""","[""1"", ""486"", ""3"", ""4"", ""5"", ""54""]",5ae32045-7306-44ff-9f09-061a4aa55d85
142610,"""834""","[""171""]","""25021""","[""1"", ""486"", ""3"", ""4"", ""5"", ""54""]",c63bf023-6da2-4487-ab0e-b1808f4d9dfa
142610,"""834""","[""171""]","""25021""","[""1"", ""486"", ""3"", ""4"", ""5"", ""54""]",320e8ba0-d64b-4952-ba9e-704e3952fb27
142610,"""834""","[""171""]","""25021""","[""1"", ""486"", ""3"", ""4"", ""5"", ""54""]",ebf0b1ca-c90b-418d-a36c-3eca6890b653
142610,"""834""","[""171""]","""25021""","[""1"", ""486"", ""3"", ""4"", ""5"", ""54""]",752f7c89-a61d-4e1c-852b-b91912cc5a5b
142610,"""834""","[""171""]","""25021""","[""1"", ""486"", ""3"", ""4"", ""5"", ""54""]",f4a2c00e-1aae-410b-adad-27ffd3c70152
142610,"""834""","[""171""]","""25021""","[""1"", ""486"", ""3"", ""4"", ""5"", ""54""]",320e8ba0-d64b-4952-ba9e-704e3952fb27
142610,"""834""","[""171""]","""25021""","[""1"", ""486"", ""3"", ""4"", ""5"", ""54""]",85086afc-7165-4425-bd55-550749300772
142610,"""834""","[""171""]","""25021""","[""1"", ""486"", ""3"", ""4"", ""5"", ""54""]",6a23ab18-0715-4882-ad13-69711c1cec9f
142610,"""834""","[""171""]","""25021""","[""1"", ""486"", ""3"", ""4"", ""5"", ""54""]",6c2cd8a0-3181-4156-ad27-e63899df687c
142610,"""834""","[""171""]","""25021""","[""1"", ""486"", ""3"", ""4"", ""5"", ""54""]",a4d39eaf-60a7-438c-803a-61cf5296f3c3
142610,"""834""","[""171""]","""25021""","[""1"", ""486"", ""3"", ""4"", ""5"", ""54""]",0c4d9f12-bb10-4271-bacf-312b99cb7f94
142610,"""834""","[""171""]","""25021""","[""1"", ""486"", ""3"", ""4"", ""5"", ""54""]",e2ef075e-25b3-4fc4-94c4-a1b786d37473
142610,"""834""","[""171""]","""25021""","[""1"", ""486"", ""3"", ""4"", ""5"", ""54""]",037153fb-76d0-48b0-ad4f-1e3f5a877c50
142610,"""834""","[""171""]","""25021""","[""1"", ""486"", ""3"", ""4"", ""5"", ""54""]",217753d1-dd1e-48c9-943d-e1045c29d2c0
142610,"""834""","[""171""]","""25021""","[""1"", ""486"", ""3"", ""4"", ""5"", ""54""]",95a308f0-23f5-4f7f-9d82-c59c59d21cbc
142610,"""834""","[""171""]","""25021""","[""1"", ""486"", ""3"", ""4"", ""5"", ""54""]",24518dd2-da26-4816-80f1-00860d971973
142610,"""834""","[""171""]","""25021""","[""1"", ""486"", ""3"", ""4"", ""5"", ""54""]",6a23ab18-0715-4882-ad13-69711c1cec9f
142610,"""834""","[""171""]","""25021""","[""1"", ""486"", ""3"", ""4"", ""5"", ""54""]",9a23c2c6-4472-47ed-98b4-3402bc4b50e7
142610,"""834""","[""171""]","""25021""","[""1"", ""486"", ""3"", ""4"", ""5"", ""54""]",a4d39eaf-60a7-438c-803a-61cf5296f3c3
142610,"""834""","[""171""]","""25021""","[""1"", ""486"", ""3"", ""4"", ""5"", ""54""]",c84f15c0-312d-44d8-980a-a90e8782871b
142610,"""834""","[""171""]","""25021""","[""1"", ""486"", ""3"", ""4"", ""5"", ""54""]",f5886c7d-d4b0-4f79-9622-0450bb358aa5
142610,"""834""","[""171""]","""25021""","[""1"", ""486"", ""3"", ""4"", ""5"", ""54""]",3e06e728-47a0-41b8-a3da-1fb175e3e8c0
142610,"""834""","[""171""]","""25021""","[""1"", ""486"", ""3"", ""4"", ""5"", ""54""]",46c95f94-f31c-4e01-8437-de6734acea47
142610,"""834""","[""171""]","""25021""","[""1"", ""486"", ""3"", ""4"", ""5"", ""54""]",54c5c354-612b-497d-a3a3-53e2a571102c
142610,"""834""","[""171""]","""25021""","[""1"", ""486"", ""3"", ""4"", ""5"", ""54""]",3af6f4aa-8077-49db-8175-86a34f269b91
142610,"""834""","[""171""]","""25021""","[""1"", ""486"", ""3"", ""4"", ""5"", ""54""]",fa3e7d32-21f8-4034-b2fc-33b6079ac7e6
142610,"""834""","[""171""]","""25021""","[""1"", ""486"", ""3"", ""4"", ""5"", ""54""]",a5a833f6-0070-4bfe-bde7-9d5d4b55e6af
142610,"""834""","[""171""]","""25021""","[""1"", ""486"", ""3"", ""4"", ""5"", ""54""]",24518dd2-da26-4816-80f1-00860d971973
142610,"""834""","[""171""]","""25021""","[""1"", ""486"", ""3"", ""4"", ""5"", ""54""]",b4cd74c2-edec-4da0-9233-c059ae50cd12
142610,"""834""","[""171""]","""25021""","[""1"", ""486"", ""3"", ""4"", ""5"", ""54""]",320e8ba0-d64b-4952-ba9e-704e3952fb27
142610,"""834""","[""171""]","""25021""","[""1"", ""486"", ""3"", ""4"", ""5"", ""54""]",3af6f4aa-8077-49db-8175-86a34f269b91
142610,"""834""","[""171""]","""25021""","[""1"", ""486"", ""3"", ""4"", ""5"", ""54""]",5d38f301-20f7-4a06-b40d-b15cccf1532a
142610,"""834""","[""171""]","""25021""","[""1"", ""486"", ""3"", ""4"", ""5"", ""54""]",166f0849-eed6-4f29-b3ae-7c0a521acdb9
121754,"""484""","[""78"", ""266"", ""261""]","""25015""",[],a3908bc5-1748-4b56-a0aa-729003f692dd
121754,"""484""","[""78"", ""266"", ""261""]","""25015""",[],95d57536-8355-4b0a-9a41-4fe40c81322c
121754,"""484""","[""78"", ""266"", ""261""]","""25015""",[],3044d0f6-289f-4913-aeca-6c86b174962a
121754,"""484""","[""78"", ""266"", ""261""]","""25015""",[],650ca97f-cba8-4a71-a746-2db5f7fb0ca5
121754,"""484""","[""78"", ""266"", ""261""]","""25015""",[],5339e11e-ffdc-4c80-8b23-80240e9dc4d1
121754,"""484""","[""78"", ""266"", ""261""]","""25015""",[],6ff0270b-da76-4140-b3e6-13b6426928a9
121754,"""484""","[""78"", ""266"", ""261""]","""25015""",[],c54027a2-91a9-45c3-b687-75338b5012e9
121754,"""484""","[""78"", ""266"", ""261""]","""25015""",[],a8d69a63-f7b9-4915-b172-6ca7a0d5db41
121754,"""484""","[""78"", ""266"", ""261""]","""25015""",[],9b2d421e-c9e0-4427-aa01-d16094007cff
121754,"""484""","[""78"", ""266"", ""261""]","""25015""",[],cb5ccbe3-ba68-44ca-a16d-d6030f8058c2
121754,"""484""","[""78"", ""266"", ""261""]","""25015""",[],f6533a99-83c9-41d3-b5bb-ca445e1d65bb
121754,"""484""","[""78"", ""266"", ""261""]","""25015""",[],c46fab9d-c133-4b5a-bbae-807d338f8e31
121754,"""484""","[""78"", ""266"", ""261""]","""25015""",[],9bd4f0b5-e47a-476a-9ca0-d7e01e019750
121754,"""484""","[""78"", ""266"", ""261""]","""25015""",[],876a2dbc-5e09-4336-ba0f-708a44788433
121754,"""484""","[""78"", ""266"", ""261""]","""25015""",[],5e86ae0b-25c3-47db-ac32-45ff15c92486
121754,"""484""","[""78"", ""266"", ""261""]","""25015""",[],69045c61-241a-4e74-b111-00f8a541287e
121754,"""484""","[""78"", ""266"", ""261""]","""25015""",[],876a2dbc-5e09-4336-ba0f-708a44788433
121754,"""484""","[""78"", ""266"", ""261""]","""25015""",[],764a12db-0fbd-40d3-b29f-52e3ef923433
121754,"""484""","[""78"", ""266"", ""261""]","""25015""",[],927510f9-80d0-4faa-bdfe-b47b2eb386f4
121754,"""484""","[""78"", ""266"", ""261""]","""25015""",[],68116f5c-f37f-43cd-8d2c-c1001f0b93ff
121754,"""484""","[""78"", ""266"", ""261""]","""25015""",[],a44d49b0-c2fb-4d8c-a32e-4267897351c3
121754,"""484""","[""78"", ""266"", ""261""]","""25015""",[],39d5f57e-98bb-4074-91e2-46aabe9c2305
121754,"""484""","[""78"", ""266"", ""261""]","""25015""",[],ef1f34cb-9407-40f4-aed2-240c661d97a1
121754,"""484""","[""78"", ""266"", ""261""]","""25015""",[],68116f5c-f37f-43cd-8d2c-c1001f0b93ff
121754,"""484""","[""78"", ""266"", ""261""]","""25015""",[],764a12db-0fbd-40d3-b29f-52e3ef923433
121754,"""484""","[""78"", ""266"", ""261""]","""25015""",[],d0bfbcc0-242c-4372-b204-d17995124a55
121754,"""484""","[""78"", ""266"", ""261""]","""25015""",[],4e49afe1-681a-4463-b34a-9d11956c3a60
121754,"""484""","[""78"", ""266"", ""261""]","""25015""",[],e896d582-cca9-464d-b434-007e90215e28
121754,"""484""","[""78"", ""266"", ""261""]","""25015""",[],0292fc6d-8769-4e42-a2c4-63e6e7f5ce32
121754,"""484""","[""78"", ""266"", ""261""]","""25015""",[],9b2d421e-c9e0-4427-aa01-d16094007cff
121754,"""484""","[""78"", ""266"", ""261""]","""25015""",[],30cdfe13-b9e2-46ec-a240-9293e15a8ca2
121754,"""484""","[""78"", ""266"", ""261""]","""25015""",[],69045c61-241a-4e74-b111-00f8a541287e
121754,"""484""","[""78"", ""266"", ""261""]","""25015""",[],156036a8-adc0-44a0-bba0-e50b4171ff8f
121754,"""484""","[""78"", ""266"", ""261""]","""25015""",[],d08b62aa-40e6-4f3b-b2c0-64620437c401
121754,"""484""","[""78"", ""266"", ""261""]","""25015""",[],eca9a374-20c7-4fe5-8c2c-04a24a8fa168
121754,"""484""","[""78"", ""266"", ""261""]","""25015""",[],8b6ef118-bf33-4e53-ad04-0c46ee71051e
121754,"""484""","[""78"", ""266"", ""261""]","""25015""",[],9b2d421e-c9e0-4427-aa01-d16094007cff
121754,"""484""","[""78"", ""266"", ""261""]","""25015""",[],ac12fef3-c05d-4f4d-bf6a-2a5669d66676
121754,"""484""","[""78"", ""266"", ""261""]","""25015""",[],bce2205e-606f-4ec2-a9a2-aa1e52441935
121754,"""484""","[""78"", ""266"", ""261""]","""25015""",[],92170a63-304a-4689-ae32-cc54ca74023b
121754,"""484""","[""78"", ""266"", ""261""]","""25015""",[],f6533a99-83c9-41d3-b5bb-ca445e1d65bb
121754,"""484""","[""78"", ""266"", ""261""]","""25015""",[],88643b2e-671a-4e6c-b0aa-d8923557b493
121754,"""484""","[""78"", ""266"", ""261""]","""25015""",[],32d579a2-4108-4c3e-afbb-4a42ae39df56
121754,"""484""","[""78"", ""266"", ""261""]","""25015""",[],2898757d-0df0-4f98-983c-e96e1b8554a0
121754,"""484""","[""78"", ""266"", ""261""]","""25015""",[],a8d69a63-f7b9-4915-b172-6ca7a0d5db41
121754,"""484""","[""78"", ""266"", ""261""]","""25015""",[],edd16bee-39b4-4019-8e58-83d606cb547c
121754,"""484""","[""78"", ""266"", ""261""]","""25015""",[],5e86ae0b-25c3-47db-ac32-45ff15c92486
121754,"""484""","[""78"", ""266"", ""261""]","""25015""",[],c7e0b469-35b7-470b-be76-eaaa630f093f
121754,"""484""","[""78"", ""266"", ""261""]","""25015""",[],a8ed8b73-5e9c-4812-8559-82028a485851
121754,"""484""","[""78"", ""266"", ""261""]","""25015""",[],d9181a3c-872c-4902-91bd-e12e73104ff4
308281,"""1592""","[""331""]","""25053""","[""56"", ""4681"", ""39"", ""4662"", ""3343"", ""3160"", ""682"", ""5618"", ""2503"", ""6"", ""12685"", ""13840"", ""529"", ""6407"", ""12115"", ""53"", ""11832"", ""54""]",68509a3d-7074-4108-98d9-f84a0b5d9427
308281,"""1592""","[""331""]","""25053""","[""56"", ""4681"", ""39"", ""4662"", ""3343"", ""3160"", ""682"", ""5618"", ""2503"", ""6"", ""12685"", ""13840"", ""529"", ""6407"", ""12115"", ""53"", ""11832"", ""54""]",6b3f474c-258a-4b38-af05-141afef3d13c
308281,"""1592""","[""331""]","""25053""","[""56"", ""4681"", ""39"", ""4662"", ""3343"", ""3160"", ""682"", ""5618"", ""2503"", ""6"", ""12685"", ""13840"", ""529"", ""6407"", ""12115"", ""53"", ""11832"", ""54""]",db985777-6523-40bd-97c9-41aaeca814a0
308281,"""1592""","[""331""]","""25053""","[""56"", ""4681"", ""39"", ""4662"", ""3343"", ""3160"", ""682"", ""5618"", ""2503"", ""6"", ""12685"", ""13840"", ""529"", ""6407"", ""12115"", ""53"", ""11832"", ""54""]",5b24888f-7194-47d3-bc8c-3c84f86ae5da
308281,"""1592""","[""331""]","""25053""","[""56"", ""4681"", ""39"", ""4662"", ""3343"", ""3160"", ""682"", ""5618"", ""2503"", ""6"", ""12685"", ""13840"", ""529"", ""6407"", ""12115"", ""53"", ""11832"", ""54""]",81f1fa97-a0b8-47cf-9d5d-5874495de9dc
308281,"""1592""","[""331""]","""25053""","[""56"", ""4681"", ""39"", ""4662"", ""3343"", ""3160"", ""682"", ""5618"", ""2503"", ""6"", ""12685"", ""13840"", ""529"", ""6407"", ""12115"", ""53"", ""11832"", ""54""]",871405ac-1681-4fe3-ad84-3dbd306c2693
308281,"""1592""","[""331""]","""25053""","[""56"", ""4681"", ""39"", ""4662"", ""3343"", ""3160"", ""682"", ""5618"", ""2503"", ""6"", ""12685"", ""13840"", ""529"", ""6407"", ""12115"", ""53"", ""11832"", ""54""]",fbdf28b0-8f55-49a6-a41a-49c82192e0f6
308281,"""1592""","[""331""]","""25053""","[""56"", ""4681"", ""39"", ""4662"", ""3343"", ""3160"", ""682"", ""5618"", ""2503"", ""6"", ""12685"", ""13840"", ""529"", ""6407"", ""12115"", ""53"", ""11832"", ""54""]",2cc4be75-15f9-4aa6-8ae8-2ed94730e5be
308281,"""1592""","[""331""]","""25053""","[""56"", ""4681"", ""39"", ""4662"", ""3343"", ""3160"", ""682"", ""5618"", ""2503"", ""6"", ""12685"", ""13840"", ""529"", ""6407"", ""12115"", ""53"", ""11832"", ""54""]",3ff7b03d-96c6-4364-b906-fcba0198b9f5
308281,"""1592""","[""331""]","""25053""","[""56"", ""4681"", ""39"", ""4662"", ""3343"", ""3160"", ""682"", ""5618"", ""2503"", ""6"", ""12685"", ""13840"", ""529"", ""6407"", ""12115"", ""53"", ""11832"", ""54""]",fe87df19-2f29-4002-a231-bbf6a93873b9
308281,"""1592""","[""331""]","""25053""","[""56"", ""4681"", ""39"", ""4662"", ""3343"", ""3160"", ""682"", ""5618"", ""2503"", ""6"", ""12685"", ""13840"", ""529"", ""6407"", ""12115"", ""53"", ""11832"", ""54""]",07d68ca9-ef6d-4688-8632-0566dab9a24d
308281,"""1592""","[""331""]","""25053""","[""56"", ""4681"", ""39"", ""4662"", ""3343"", ""3160"", ""682"", ""5618"", ""2503"", ""6"", ""12685"", ""13840"", ""529"", ""6407"", ""12115"", ""53"", ""11832"", ""54""]",d0f43aca-32e8-4aa9-a3d0-315c7a05dcc7
308281,"""1592""","[""331""]","""25053""","[""56"", ""4681"", ""39"", ""4662"", ""3343"", ""3160"", ""682"", ""5618"", ""2503"", ""6"", ""12685"", ""13840"", ""529"", ""6407"", ""12115"", ""53"", ""11832"", ""54""]",ca8e887d-91a1-4954-99fd-a5e20fe530d3
308281,"""1592""","[""331""]","""25053""","[""56"", ""4681"", ""39"", ""4662"", ""3343"", ""3160"", ""682"", ""5618"", ""2503"", ""6"", ""12685"", ""13840"", ""529"", ""6407"", ""12115"", ""53"", ""11832"", ""54""]",196ec5ff-338c-4087-9825-cb0df34255f0
308281,"""1592""","[""331""]","""25053""","[""56"", ""4681"", ""39"", ""4662"", ""3343"", ""3160"", ""682"", ""5618"", ""2503"", ""6"", ""12685"", ""13840"", ""529"", ""6407"", ""12115"", ""53"", ""11832"", ""54""]",db985777-6523-40bd-97c9-41aaeca814a0
308281,"""1592""","[""331""]","""25053""","[""56"", ""4681"", ""39"", ""4662"", ""3343"", ""3160"", ""682"", ""5618"", ""2503"", ""6"", ""12685"", ""13840"", ""529"", ""6407"", ""12115"", ""53"", ""11832"", ""54""]",638edbf4-6196-4220-bb87-655775ac0492
308281,"""1592""","[""331""]","""25053""","[""56"", ""4681"", ""39"", ""4662"", ""3343"", ""3160"", ""682"", ""5618"", ""2503"", ""6"", ""12685"", ""13840"", ""529"", ""6407"", ""12115"", ""53"", ""11832"", ""54""]",13f7450f-ab2c-4cc3-884b-c41445fde815
308281,"""1592""","[""331""]","""25053""","[""56"", ""4681"", ""39"", ""4662"", ""3343"", ""3160"", ""682"", ""5618"", ""2503"", ""6"", ""12685"", ""13840"", ""529"", ""6407"", ""12115"", ""53"", ""11832"", ""54""]",3ff7b03d-96c6-4364-b906-fcba0198b9f5
308281,"""1592""","[""331""]","""25053""","[""56"", ""4681"", ""39"", ""4662"", ""3343"", ""3160"", ""682"", ""5618"", ""2503"", ""6"", ""12685"", ""13840"", ""529"", ""6407"", ""12115"", ""53"", ""11832"", ""54""]",fbdf28b0-8f55-49a6-a41a-49c82192e0f6
308281,"""1592""","[""331""]","""25053""","[""56"", ""4681"", ""39"", ""4662"", ""3343"", ""3160"", ""682"", ""5618"", ""2503"", ""6"", ""12685"", ""13840"", ""529"", ""6407"", ""12115"", ""53"", ""11832"", ""54""]",f193d51c-e7c9-4c8a-aece-8c8cef5e8a10
308281,"""1592""","[""331""]","""25053""","[""56"", ""4681"", ""39"", ""4662"", ""3343"", ""3160"", ""682"", ""5618"", ""2503"", ""6"", ""12685"", ""13840"", ""529"", ""6407"", ""12115"", ""53"", ""11832"", ""54""]",4bd05783-676f-42ca-8e4a-2e414d8a1579
308281,"""1592""","[""331""]","""25053""","[""56"", ""4681"", ""39"", ""4662"", ""3343"", ""3160"", ""682"", ""5618"", ""2503"", ""6"", ""12685"", ""13840"", ""529"", ""6407"", ""12115"", ""53"", ""11832"", ""54""]",25d374c0-44f3-44dc-86cc-574b4c810fd9
308281,"""1592""","[""331""]","""25053""","[""56"", ""4681"", ""39"", ""4662"", ""3343"", ""3160"", ""682"", ""5618"", ""2503"", ""6"", ""12685"", ""13840"", ""529"", ""6407"", ""12115"", ""53"", ""11832"", ""54""]",b37fdd16-c19a-44a5-b9aa-fa9a31827e45
308281,"""1592""","[""331""]","""25053""","[""56"", ""4681"", ""39"", ""4662"", ""3343"", ""3160"", ""682"", ""5618"", ""2503"", ""6"", ""12685"", ""13840"", ""529"", ""6407"", ""12115"", ""53"", ""11832"", ""54""]",2cc4be75-15f9-4aa6-8ae8-2ed94730e5be
308281,"""1592""","[""331""]","""25053""","[""56"", ""4681"", ""39"", ""4662"", ""3343"", ""3160"", ""682"", ""5618"", ""2503"", ""6"", ""12685"", ""13840"", ""529"", ""6407"", ""12115"", ""53"", ""11832"", ""54""]",530378f9-d4af-4c10-9133-8c23c0a945ce
308281,"""1592""","[""331""]","""25053""","[""56"", ""4681"", ""39"", ""4662"", ""3343"", ""3160"", ""682"", ""5618"", ""2503"", ""6"", ""12685"", ""13840"", ""529"", ""6407"", ""12115"", ""53"", ""11832"", ""54""]",c63bf023-6da2-4487-ab0e-b1808f4d9dfa
308281,"""1592""","[""331""]","""25053""","[""56"", ""4681"", ""39"", ""4662"", ""3343"", ""3160"", ""682"", ""5618"", ""2503"", ""6"", ""12685"", ""13840"", ""529"", ""6407"", ""12115"", ""53"", ""11832"", ""54""]",378880e6-74fa-455b-8059-4dff231ce09d
308281,"""1592""","[""331""]","""25053""","[""56"", ""4681"", ""39"", ""4662"", ""3343"", ""3160"", ""682"", ""5618"", ""2503"", ""6"", ""12685"", ""13840"", ""529"", ""6407"", ""12115"", ""53"", ""11832"", ""54""]",6a4296db-0931-42a0-93a1-774b1c7a5f93
308281,"""1592""","[""331""]","""25053""","[""56"", ""4681"", ""39"", ""4662"", ""3343"", ""3160"", ""682"", ""5618"", ""2503"", ""6"", ""12685"", ""13840"", ""529"", ""6407"", ""12115"", ""53"", ""11832"", ""54""]",530a7d3e-a6ae-44f3-8b75-b128960e5cf9
308281,"""1592""","[""331""]","""25053""","[""56"", ""4681"", ""39"", ""4662"", ""3343"", ""3160"", ""682"", ""5618"", ""2503"", ""6"", ""12685"", ""13840"", ""529"", ""6407"", ""12115"", ""53"", ""11832"", ""54""]",82898593-eea5-4032-8506-352a63bef889
308281,"""1592""","[""331""]","""25053""","[""56"", ""4681"", ""39"", ""4662"", ""3343"", ""3160"", ""682"", ""5618"", ""2503"", ""6"", ""12685"", ""13840"", ""529"", ""6407"", ""12115"", ""53"", ""11832"", ""54""]",affc346d-bc56-4228-8c65-9a86f0ecc1f6
308281,"""1592""","[""331""]","""25053""","[""56"", ""4681"", ""39"", ""4662"", ""3343"", ""3160"", ""682"", ""5618"", ""2503"", ""6"", ""12685"", ""13840"", ""529"", ""6407"", ""12115"", ""53"", ""11832"", ""54""]",b6217f8a-683e-4206-9a00-2dd359de1706
308281,"""1592""","[""331""]","""25053""","[""56"", ""4681"", ""39"", ""4662"", ""3343"", ""3160"", ""682"", ""5618"", ""2503"", ""6"", ""12685"", ""13840"", ""529"", ""6407"", ""12115"", ""53"", ""11832"", ""54""]",a9cb2c55-9caf-48ac-a62f-4a26bff3871e
308281,"""1592""","[""331""]","""25053""","[""56"", ""4681"", ""39"", ""4662"", ""3343"", ""3160"", ""682"", ""5618"", ""2503"", ""6"", ""12685"", ""13840"", ""529"", ""6407"", ""12115"", ""53"", ""11832"", ""54""]",82898593-eea5-4032-8506-352a63bef889
308281,"""1592""","[""331""]","""25053""","[""56"", ""4681"", ""39"", ""4662"", ""3343"", ""3160"", ""682"", ""5618"", ""2503"", ""6"", ""12685"", ""13840"", ""529"", ""6407"", ""12115"", ""53"", ""11832"", ""54""]",8422944a-686f-4ace-80d4-e0eb3a2b006b
308281,"""1592""","[""331""]","""25053""","[""56"", ""4681"", ""39"", ""4662"", ""3343"", ""3160"", ""682"", ""5618"", ""2503"", ""6"", ""12685"", ""13840"", ""529"", ""6407"", ""12115"", ""53"", ""11832"", ""54""]",84af122e-00a5-44a4-ae5e-e1cda84d6378
308281,"""1592""","[""331""]","""25053""","[""56"", ""4681"", ""39"", ""4662"", ""3343"", ""3160"", ""682"", ""5618"", ""2503"", ""6"", ""12685"", ""13840"", ""529"", ""6407"", ""12115"", ""53"", ""11832"", ""54""]",b8f5350f-12b3-4219-adb5-e81cd5936ac3
308281,"""1592""","[""331""]","""25053""","[""56"", ""4681"", ""39"", ""4662"", ""3343"", ""3160"", ""682"", ""5618"", ""2503"", ""6"", ""12685"", ""13840"", ""529"", ""6407"", ""12115"", ""53"", ""11832"", ""54""]",6c2cd8a0-3181-4156-ad27-e63899df687c
308281,"""1592""","[""331""]","""25053""","[""56"", ""4681"", ""39"", ""4662"", ""3343"", ""3160"", ""682"", ""5618"", ""2503"", ""6"", ""12685"", ""13840"", ""529"", ""6407"", ""12115"", ""53"", ""11832"", ""54""]",fe87df19-2f29-4002-a231-bbf6a93873b9
308281,"""1592""","[""331""]","""25053""","[""56"", ""4681"", ""39"", ""4662"", ""3343"", ""3160"", ""682"", ""5618"", ""2503"", ""6"", ""12685"", ""13840"", ""529"", ""6407"", ""12115"", ""53"", ""11832"", ""54""]",fe87df19-2f29-4002-a231-bbf6a93873b9
308281,"""1592""","[""331""]","""25053""","[""56"", ""4681"", ""39"", ""4662"", ""3343"", ""3160"", ""682"", ""5618"", ""2503"", ""6"", ""12685"", ""13840"", ""529"", ""6407"", ""12115"", ""53"", ""11832"", ""54""]",9aa6b6ab-75e0-4f23-a9bc-f3724d16d307
308281,"""1592""","[""331""]","""25053""","[""56"", ""4681"", ""39"", ""4662"", ""3343"", ""3160"", ""682"", ""5618"", ""2503"", ""6"", ""12685"", ""13840"", ""529"", ""6407"", ""12115"", ""53"", ""11832"", ""54""]",fe87df19-2f29-4002-a231-bbf6a93873b9
308281,"""1592""","[""331""]","""25053""","[""56"", ""4681"", ""39"", ""4662"", ""3343"", ""3160"", ""682"", ""5618"", ""2503"", ""6"", ""12685"", ""13840"", ""529"", ""6407"", ""12115"", ""53"", ""11832"", ""54""]",0c9dc912-e3cb-40ba-a287-7d7913425d39
308281,"""1592""","[""331""]","""25053""","[""56"", ""4681"", ""39"", ""4662"", ""3343"", ""3160"", ""682"", ""5618"", ""2503"", ""6"", ""12685"", ""13840"", ""529"", ""6407"", ""12115"", ""53"", ""11832"", ""54""]",03e20166-d734-438f-a34c-1f38d73d72bd
308281,"""1592""","[""331""]","""25053""","[""56"", ""4681"", ""39"", ""4662"", ""3343"", ""3160"", ""682"", ""5618"", ""2503"", ""6"", ""12685"", ""13840"", ""529"", ""6407"", ""12115"", ""53"", ""11832"", ""54""]",134b0bbd-9c63-43ec-afa0-d17dd3774c0c
308281,"""1592""","[""331""]","""25053""","[""56"", ""4681"", ""39"", ""4662"", ""3343"", ""3160"", ""682"", ""5618"", ""2503"", ""6"", ""12685"", ""13840"", ""529"", ""6407"", ""12115"", ""53"", ""11832"", ""54""]",19396c94-c47a-45c5-b6fa-d83f71b84d51
308281,"""1592""","[""331""]","""25053""","[""56"", ""4681"", ""39"", ""4662"", ""3343"", ""3160"", ""682"", ""5618"", ""2503"", ""6"", ""12685"", ""13840"", ""529"", ""6407"", ""12115"", ""53"", ""11832"", ""54""]",0abf7b87-8400-4a7a-9ed6-a12e1a46e92b
308281,"""1592""","[""331""]","""25053""","[""56"", ""4681"", ""39"", ""4662"", ""3343"", ""3160"", ""682"", ""5618"", ""2503"", ""6"", ""12685"", ""13840"", ""529"", ""6407"", ""12115"", ""53"", ""11832"", ""54""]",2230ccef-d157-46b2-8984-ed9131ed6c75
308281,"""1592""","[""331""]","""25053""","[""56"", ""4681"", ""39"", ""4662"", ""3343"", ""3160"", ""682"", ""5618"", ""2503"", ""6"", ""12685"", ""13840"", ""529"", ""6407"", ""12115"", ""53"", ""11832"", ""54""]",affc346d-bc56-4228-8c65-9a86f0ecc1f6
308281,"""1592""","[""331""]","""25053""","[""56"", ""4681"", ""39"", ""4662"", ""3343"", ""3160"", ""682"", ""5618"", ""2503"", ""6"", ""12685"", ""13840"", ""529"", ""6407"", ""12115"", ""53"", ""11832"", ""54""]",b1bd68fb-83ba-49d4-afba-186879067577
308281,"""1592""","[""331""]","""25053""","[""56"", ""4681"", ""39"", ""4662"", ""3343"", ""3160"", ""682"", ""5618"", ""2503"", ""6"", ""12685"", ""13840"", ""529"", ""6407"", ""12115"", ""53"", ""11832"", ""54""]",f5962976-3ccf-4538-ab38-564263e07e9a
308281,"""1592""","[""331""]","""25053""","[""56"", ""4681"", ""39"", ""4662"", ""3343"", ""3160"", ""682"", ""5618"", ""2503"", ""6"", ""12685"", ""13840"", ""529"", ""6407"", ""12115"", ""53"", ""11832"", ""54""]",378880e6-74fa-455b-8059-4dff231ce09d
308281,"""1592""","[""331""]","""25053""","[""56"", ""4681"", ""39"", ""4662"", ""3343"", ""3160"", ""682"", ""5618"", ""2503"", ""6"", ""12685"", ""13840"", ""529"", ""6407"", ""12115"", ""53"", ""11832"", ""54""]",d6f2d1fa-ae06-4813-b2c9-f14795471bae
308281,"""1592""","[""331""]","""25053""","[""56"", ""4681"", ""39"", ""4662"", ""3343"", ""3160"", ""682"", ""5618"", ""2503"", ""6"", ""12685"", ""13840"", ""529"", ""6407"", ""12115"", ""53"", ""11832"", ""54""]",4437b2cf-e2fa-492e-888d-5f7e130aa061
308281,"""1592""","[""331""]","""25053""","[""56"", ""4681"", ""39"", ""4662"", ""3343"", ""3160"", ""682"", ""5618"", ""2503"", ""6"", ""12685"", ""13840"", ""529"", ""6407"", ""12115"", ""53"", ""11832"", ""54""]",3e01d1c6-311d-4fab-9c3e-fb3ad7e1e973
308281,"""1592""","[""331""]","""25053""","[""56"", ""4681"", ""39"", ""4662"", ""3343"", ""3160"", ""682"", ""5618"", ""2503"", ""6"", ""12685"", ""13840"", ""529"", ""6407"", ""12115"", ""53"", ""11832"", ""54""]",2cc4be75-15f9-4aa6-8ae8-2ed94730e5be
308281,"""1592""","[""331""]","""25053""","[""56"", ""4681"", ""39"", ""4662"", ""3343"", ""3160"", ""682"", ""5618"", ""2503"", ""6"", ""12685"", ""13840"", ""529"", ""6407"", ""12115"", ""53"", ""11832"", ""54""]",fa3e7d32-21f8-4034-b2fc-33b6079ac7e6
308281,"""1592""","[""331""]","""25053""","[""56"", ""4681"", ""39"", ""4662"", ""3343"", ""3160"", ""682"", ""5618"", ""2503"", ""6"", ""12685"", ""13840"", ""529"", ""6407"", ""12115"", ""53"", ""11832"", ""54""]",a5a833f6-0070-4bfe-bde7-9d5d4b55e6af
308281,"""1592""","[""331""]","""25053""","[""56"", ""4681"", ""39"", ""4662"", ""3343"", ""3160"", ""682"", ""5618"", ""2503"", ""6"", ""12685"", ""13840"", ""529"", ""6407"", ""12115"", ""53"", ""11832"", ""54""]",316373d1-0f09-4b9b-aa07-53a89f91f83d
308281,"""1592""","[""331""]","""25053""","[""56"", ""4681"", ""39"", ""4662"", ""3343"", ""3160"", ""682"", ""5618"", ""2503"", ""6"", ""12685"", ""13840"", ""529"", ""6407"", ""12115"", ""53"", ""11832"", ""54""]",55a3583c-608b-43ac-90c7-111ec6f23939
308281,"""1592""","[""331""]","""25053""","[""56"", ""4681"", ""39"", ""4662"", ""3343"", ""3160"", ""682"", ""5618"", ""2503"", ""6"", ""12685"", ""13840"", ""529"", ""6407"", ""12115"", ""53"", ""11832"", ""54""]",871405ac-1681-4fe3-ad84-3dbd306c2693
308281,"""1592""","[""331""]","""25053""","[""56"", ""4681"", ""39"", ""4662"", ""3343"", ""3160"", ""682"", ""5618"", ""2503"", ""6"", ""12685"", ""13840"", ""529"", ""6407"", ""12115"", ""53"", ""11832"", ""54""]",2cc4be75-15f9-4aa6-8ae8-2ed94730e5be
308281,"""1592""","[""331""]","""25053""","[""56"", ""4681"", ""39"", ""4662"", ""3343"", ""3160"", ""682"", ""5618"", ""2503"", ""6"", ""12685"", ""13840"", ""529"", ""6407"", ""12115"", ""53"", ""11832"", ""54""]",4bd05783-676f-42ca-8e4a-2e414d8a1579
308281,"""1592""","[""331""]","""25053""","[""56"", ""4681"", ""39"", ""4662"", ""3343"", ""3160"", ""682"", ""5618"", ""2503"", ""6"", ""12685"", ""13840"", ""529"", ""6407"", ""12115"", ""53"", ""11832"", ""54""]",378880e6-74fa-455b-8059-4dff231ce09d
308281,"""1592""","[""331""]","""25053""","[""56"", ""4681"", ""39"", ""4662"", ""3343"", ""3160"", ""682"", ""5618"", ""2503"", ""6"", ""12685"", ""13840"", ""529"", ""6407"", ""12115"", ""53"", ""11832"", ""54""]",e84543ab-fade-4495-a567-009dbf984ee0
308281,"""1592""","[""331""]","""25053""","[""56"", ""4681"", ""39"", ""4662"", ""3343"", ""3160"", ""682"", ""5618"", ""2503"", ""6"", ""12685"", ""13840"", ""529"", ""6407"", ""12115"", ""53"", ""11832"", ""54""]",6077e2bc-b58c-49cc-81f1-1fd9edf85d03
308281,"""1592""","[""331""]","""25053""","[""56"", ""4681"", ""39"", ""4662"", ""3343"", ""3160"", ""682"", ""5618"", ""2503"", ""6"", ""12685"", ""13840"", ""529"", ""6407"", ""12115"", ""53"", ""11832"", ""54""]",5536f91d-2c62-4bff-8b16-9b083d0959e2
308281,"""1592""","[""331""]","""25053""","[""56"", ""4681"", ""39"", ""4662"", ""3343"", ""3160"", ""682"", ""5618"", ""2503"", ""6"", ""12685"", ""13840"", ""529"", ""6407"", ""12115"", ""53"", ""11832"", ""54""]",087cec1e-73aa-4505-bc74-29d5bd1f16b0
308281,"""1592""","[""331""]","""25053""","[""56"", ""4681"", ""39"", ""4662"", ""3343"", ""3160"", ""682"", ""5618"", ""2503"", ""6"", ""12685"", ""13840"", ""529"", ""6407"", ""12115"", ""53"", ""11832"", ""54""]",4b1bb4f3-43dd-46ea-9f8e-8fdfca52b2ea
308281,"""1592""","[""331""]","""25053""","[""56"", ""4681"", ""39"", ""4662"", ""3343"", ""3160"", ""682"", ""5618"", ""2503"", ""6"", ""12685"", ""13840"", ""529"", ""6407"", ""12115"", ""53"", ""11832"", ""54""]",c77a70d7-270a-4f0c-b59c-edb3f66afe51
308281,"""1592""","[""331""]","""25053""","[""56"", ""4681"", ""39"", ""4662"", ""3343"", ""3160"", ""682"", ""5618"", ""2503"", ""6"", ""12685"", ""13840"", ""529"", ""6407"", ""12115"", ""53"", ""11832"", ""54""]",4bd05783-676f-42ca-8e4a-2e414d8a1579
121754,"""484""","[""78"", ""266"", ""261""]","""25015""",[],ed321091-8a6b-4d63-9235-47b1699941ff
121754,"""484""","[""78"", ""266"", ""261""]","""25015""",[],5e86ae0b-25c3-47db-ac32-45ff15c92486
121754,"""484""","[""78"", ""266"", ""261""]","""25015""",[],f6533a99-83c9-41d3-b5bb-ca445e1d65bb
121754,"""484""","[""78"", ""266"", ""261""]","""25015""",[],156036a8-adc0-44a0-bba0-e50b4171ff8f
121754,"""484""","[""78"", ""266"", ""261""]","""25015""",[],d08b62aa-40e6-4f3b-b2c0-64620437c401
121754,"""484""","[""78"", ""266"", ""261""]","""25015""",[],0c4d8adf-1978-45fd-8621-7569c8d4b2d0
121754,"""484""","[""78"", ""266"", ""261""]","""25015""",[],927510f9-80d0-4faa-bdfe-b47b2eb386f4
121754,"""484""","[""78"", ""266"", ""261""]","""25015""",[],49a91c33-dfdf-49b0-a466-b5cd223370a7
121754,"""484""","[""78"", ""266"", ""261""]","""25015""",[],95d57536-8355-4b0a-9a41-4fe40c81322c
121754,"""484""","[""78"", ""266"", ""261""]","""25015""",[],156036a8-adc0-44a0-bba0-e50b4171ff8f
121754,"""484""","[""78"", ""266"", ""261""]","""25015""",[],d08b62aa-40e6-4f3b-b2c0-64620437c401
121754,"""484""","[""78"", ""266"", ""261""]","""25015""",[],abe50eb0-4a41-4eab-a700-243dfe966ca4
121754,"""484""","[""78"", ""266"", ""261""]","""25015""",[],9b2d421e-c9e0-4427-aa01-d16094007cff
121754,"""484""","[""78"", ""266"", ""261""]","""25015""",[],86c55bd8-350a-41da-b255-f8eae342dc6c
121754,"""484""","[""78"", ""266"", ""261""]","""25015""",[],e198b372-15b4-4565-bfa6-113b3de52d9d
142610,"""834""","[""171""]","""25021""","[""1"", ""486"", ""3"", ""4"", ""5"", ""54""]",c77a70d7-270a-4f0c-b59c-edb3f66afe51
142610,"""834""","[""171""]","""25021""","[""1"", ""486"", ""3"", ""4"", ""5"", ""54""]",6a23ab18-0715-4882-ad13-69711c1cec9f
142610,"""834""","[""171""]","""25021""","[""1"", ""486"", ""3"", ""4"", ""5"", ""54""]",6b0fedcf-5d03-46c5-8960-4654d8065b79
142610,"""834""","[""171""]","""25021""","[""1"", ""486"", ""3"", ""4"", ""5"", ""54""]",14e49653-1c4f-42f3-ba71-1589f918061a
142610,"""834""","[""171""]","""25021""","[""1"", ""486"", ""3"", ""4"", ""5"", ""54""]",87ab40b4-4390-4ea7-b06c-2f95c92f36d2
142610,"""834""","[""171""]","""25021""","[""1"", ""486"", ""3"", ""4"", ""5"", ""54""]",320e8ba0-d64b-4952-ba9e-704e3952fb27
142610,"""834""","[""171""]","""25021""","[""1"", ""486"", ""3"", ""4"", ""5"", ""54""]",43c923cb-97be-4385-b030-cf4ac75c694d
142610,"""834""","[""171""]","""25021""","[""1"", ""486"", ""3"", ""4"", ""5"", ""54""]",3af6f4aa-8077-49db-8175-86a34f269b91
142610,"""834""","[""171""]","""25021""","[""1"", ""486"", ""3"", ""4"", ""5"", ""54""]",a44d49b0-c2fb-4d8c-a32e-4267897351c3
142610,"""834""","[""171""]","""25021""","[""1"", ""486"", ""3"", ""4"", ""5"", ""54""]",a026c891-747d-4c74-a2f4-2b872ef12298
142610,"""834""","[""171""]","""25021""","[""1"", ""486"", ""3"", ""4"", ""5"", ""54""]",a60a6355-dd58-4a26-a329-ea83b34229c0
142610,"""834""","[""171""]","""25021""","[""1"", ""486"", ""3"", ""4"", ""5"", ""54""]",222ec7ac-afff-4c79-92c7-7aa46ec08252
142610,"""834""","[""171""]","""25021""","[""1"", ""486"", ""3"", ""4"", ""5"", ""54""]",e89d356f-531e-4af0-9766-3e6b01882128
142610,"""834""","[""171""]","""25021""","[""1"", ""486"", ""3"", ""4"", ""5"", ""54""]",123fd9c1-6527-489b-9ce5-1dfec50f3f41
142610,"""834""","[""171""]","""25021""","[""1"", ""486"", ""3"", ""4"", ""5"", ""54""]",a4d39eaf-60a7-438c-803a-61cf5296f3c3
142610,"""834""","[""171""]","""25021""","[""1"", ""486"", ""3"", ""4"", ""5"", ""54""]",514612bf-0b54-4f8f-a9c5-172f9d014f52
142610,"""834""","[""171""]","""25021""","[""1"", ""486"", ""3"", ""4"", ""5"", ""54""]",7f6df858-3615-427f-9e55-6d948c83a174
142610,"""834""","[""171""]","""25021""","[""1"", ""486"", ""3"", ""4"", ""5"", ""54""]",e2ef075e-25b3-4fc4-94c4-a1b786d37473
142610,"""834""","[""171""]","""25021""","[""1"", ""486"", ""3"", ""4"", ""5"", ""54""]",b8ac33dd-3904-4673-9279-ced138c78070
142610,"""834""","[""171""]","""25021""","[""1"", ""486"", ""3"", ""4"", ""5"", ""54""]",f54b95df-e3fe-43c6-9ce2-9ace71d810b6
142610,"""834""","[""171""]","""25021""","[""1"", ""486"", ""3"", ""4"", ""5"", ""54""]",2cee517e-604f-4dbf-b575-0c957f4edf4c
142610,"""834""","[""171""]","""25021""","[""1"", ""486"", ""3"", ""4"", ""5"", ""54""]",d31e3329-43e5-4a66-af83-cf1011b9de9a
142610,"""834""","[""171""]","""25021""","[""1"", ""486"", ""3"", ""4"", ""5"", ""54""]",320e8ba0-d64b-4952-ba9e-704e3952fb27
142610,"""834""","[""171""]","""25021""","[""1"", ""486"", ""3"", ""4"", ""5"", ""54""]",26204057-f21e-4308-a762-7f9bef66761d
142610,"""834""","[""171""]","""25021""","[""1"", ""486"", ""3"", ""4"", ""5"", ""54""]",fe9dc023-3a06-4f3b-9f49-3ce69186f8c9
142610,"""834""","[""171""]","""25021""","[""1"", ""486"", ""3"", ""4"", ""5"", ""54""]",320e8ba0-d64b-4952-ba9e-704e3952fb27
142610,"""834""","[""171""]","""25021""","[""1"", ""486"", ""3"", ""4"", ""5"", ""54""]",72bd5efb-691d-4380-82a3-d6160d1ef3cd
142610,"""834""","[""171""]","""25021""","[""1"", ""486"", ""3"", ""4"", ""5"", ""54""]",59d81187-20a7-4446-991c-d8e070bd1f2f
142610,"""834""","[""171""]","""25021""","[""1"", ""486"", ""3"", ""4"", ""5"", ""54""]",a44d49b0-c2fb-4d8c-a32e-4267897351c3
142610,"""834""","[""171""]","""25021""","[""1"", ""486"", ""3"", ""4"", ""5"", ""54""]",3af6f4aa-8077-49db-8175-86a34f269b91
142610,"""834""","[""171""]","""25021""","[""1"", ""486"", ""3"", ""4"", ""5"", ""54""]",514612bf-0b54-4f8f-a9c5-172f9d014f52
142610,"""834""","[""171""]","""25021""","[""1"", ""486"", ""3"", ""4"", ""5"", ""54""]",5eed4eaa-bd3f-41a8-b888-bacaad72261b
142610,"""834""","[""171""]","""25021""","[""1"", ""486"", ""3"", ""4"", ""5"", ""54""]",3053fb42-0bfe-42b9-a600-30d178c52abb
142610,"""834""","[""171""]","""25021""","[""1"", ""486"", ""3"", ""4"", ""5"", ""54""]",a8047d6e-7f19-4e3d-845c-e98ebdcd5961
142610,"""834""","[""171""]","""25021""","[""1"", ""486"", ""3"", ""4"", ""5"", ""54""]",514612bf-0b54-4f8f-a9c5-172f9d014f52
142610,"""834""","[""171""]","""25021""","[""1"", ""486"", ""3"", ""4"", ""5"", ""54""]",53bbe84a-1029-4bdd-9ad2-95a47ad9b846
142610,"""834""","[""171""]","""25021""","[""1"", ""486"", ""3"", ""4"", ""5"", ""54""]",cbb7a0d9-a744-4051-bd24-1958b2b10740
142610,"""834""","[""171""]","""25021""","[""1"", ""486"", ""3"", ""4"", ""5"", ""54""]",bf56ffaf-7759-436d-a0e6-4d3ff618d265
142610,"""834""","[""171""]","""25021""","[""1"", ""486"", ""3"", ""4"", ""5"", ""54""]",6a23ab18-0715-4882-ad13-69711c1cec9f
142610,"""834""","[""171""]","""25021""","[""1"", ""486"", ""3"", ""4"", ""5"", ""54""]",6a23ab18-0715-4882-ad13-69711c1cec9f
142610,"""834""","[""171""]","""25021""","[""1"", ""486"", ""3"", ""4"", ""5"", ""54""]",64dd684f-6671-4682-acac-290d289f6594
142610,"""834""","[""171""]","""25021""","[""1"", ""486"", ""3"", ""4"", ""5"", ""54""]",752f7c89-a61d-4e1c-852b-b91912cc5a5b
142610,"""834""","[""171""]","""25021""","[""1"", ""486"", ""3"", ""4"", ""5"", ""54""]",f83508e3-81b2-4b56-8710-c39a7ad1e5e1
142610,"""834""","[""171""]","""25021""","[""1"", ""486"", ""3"", ""4"", ""5"", ""54""]",95a308f0-23f5-4f7f-9d82-c59c59d21cbc
142610,"""834""","[""171""]","""25021""","[""1"", ""486"", ""3"", ""4"", ""5"", ""54""]",85086afc-7165-4425-bd55-550749300772
142610,"""834""","[""171""]","""25021""","[""1"", ""486"", ""3"", ""4"", ""5"", ""54""]",6a23ab18-0715-4882-ad13-69711c1cec9f
142610,"""834""","[""171""]","""25021""","[""1"", ""486"", ""3"", ""4"", ""5"", ""54""]",a44d49b0-c2fb-4d8c-a32e-4267897351c3
142610,"""834""","[""171""]","""25021""","[""1"", ""486"", ""3"", ""4"", ""5"", ""54""]",320e8ba0-d64b-4952-ba9e-704e3952fb27
142610,"""834""","[""171""]","""25021""","[""1"", ""486"", ""3"", ""4"", ""5"", ""54""]",f5886c7d-d4b0-4f79-9622-0450bb358aa5
142610,"""834""","[""171""]","""25021""","[""1"", ""486"", ""3"", ""4"", ""5"", ""54""]",217753d1-dd1e-48c9-943d-e1045c29d2c0
142610,"""834""","[""171""]","""25021""","[""1"", ""486"", ""3"", ""4"", ""5"", ""54""]",e2ef075e-25b3-4fc4-94c4-a1b786d37473
142610,"""834""","[""171""]","""25021""","[""1"", ""486"", ""3"", ""4"", ""5"", ""54""]",6a23ab18-0715-4882-ad13-69711c1cec9f
142610,"""834""","[""171""]","""25021""","[""1"", ""486"", ""3"", ""4"", ""5"", ""54""]",e2ef075e-25b3-4fc4-94c4-a1b786d37473
142610,"""834""","[""171""]","""25021""","[""1"", ""486"", ""3"", ""4"", ""5"", ""54""]",1c4575cf-bfd3-4145-b0e3-72f59e956bf8
142610,"""834""","[""171""]","""25021""","[""1"", ""486"", ""3"", ""4"", ""5"", ""54""]",c84f15c0-312d-44d8-980a-a90e8782871b
142610,"""834""","[""171""]","""25021""","[""1"", ""486"", ""3"", ""4"", ""5"", ""54""]",a4d39eaf-60a7-438c-803a-61cf5296f3c3
142610,"""834""","[""171""]","""25021""","[""1"", ""486"", ""3"", ""4"", ""5"", ""54""]",de8d220b-fab1-48d5-99ee-3341cb927a4f
142610,"""834""","[""171""]","""25021""","[""1"", ""486"", ""3"", ""4"", ""5"", ""54""]",87ab40b4-4390-4ea7-b06c-2f95c92f36d2
142610,"""834""","[""171""]","""25021""","[""1"", ""486"", ""3"", ""4"", ""5"", ""54""]",26204057-f21e-4308-a762-7f9bef66761d
142610,"""834""","[""171""]","""25021""","[""1"", ""486"", ""3"", ""4"", ""5"", ""54""]",cbe10b3c-82ab-47f5-a48e-9b2e8be34677
142610,"""834""","[""171""]","""25021""","[""1"", ""486"", ""3"", ""4"", ""5"", ""54""]",f5886c7d-d4b0-4f79-9622-0450bb358aa5
142610,"""834""","[""171""]","""25021""","[""1"", ""486"", ""3"", ""4"", ""5"", ""54""]",3af6f4aa-8077-49db-8175-86a34f269b91
142610,"""834""","[""171""]","""25021""","[""1"", ""486"", ""3"", ""4"", ""5"", ""54""]",320e8ba0-d64b-4952-ba9e-704e3952fb27
142610,"""834""","[""171""]","""25021""","[""1"", ""486"", ""3"", ""4"", ""5"", ""54""]",26204057-f21e-4308-a762-7f9bef66761d
142610,"""834""","[""171""]","""25021""","[""1"", ""486"", ""3"", ""4"", ""5"", ""54""]",1bb5e69f-0f44-41a6-bc17-20ac0f50e5f0
142610,"""834""","[""171""]","""25021""","[""1"", ""486"", ""3"", ""4"", ""5"", ""54""]",514612bf-0b54-4f8f-a9c5-172f9d014f52
142610,"""834""","[""171""]","""25021""","[""1"", ""486"", ""3"", ""4"", ""5"", ""54""]",7cf3f6e7-fe03-4e23-bf7c-2ef16cfc3ea8
142610,"""834""","[""171""]","""25021""","[""1"", ""486"", ""3"", ""4"", ""5"", ""54""]",6a23ab18-0715-4882-ad13-69711c1cec9f
142610,"""834""","[""171""]","""25021""","[""1"", ""486"", ""3"", ""4"", ""5"", ""54""]",81728e42-63e8-41a2-bc66-3e971052b421
142610,"""834""","[""171""]","""25021""","[""1"", ""486"", ""3"", ""4"", ""5"", ""54""]",296dc523-2cd9-4753-8e30-65c8f9b44237
142610,"""834""","[""171""]","""25021""","[""1"", ""486"", ""3"", ""4"", ""5"", ""54""]",76a35bb9-d42d-49c0-b118-3d92b973338f
142610,"""834""","[""171""]","""25021""","[""1"", ""486"", ""3"", ""4"", ""5"", ""54""]",26204057-f21e-4308-a762-7f9bef66761d
142610,"""834""","[""171""]","""25021""","[""1"", ""486"", ""3"", ""4"", ""5"", ""54""]",e2ef075e-25b3-4fc4-94c4-a1b786d37473
142610,"""834""","[""171""]","""25021""","[""1"", ""486"", ""3"", ""4"", ""5"", ""54""]",3af6f4aa-8077-49db-8175-86a34f269b91
142610,"""834""","[""171""]","""25021""","[""1"", ""486"", ""3"", ""4"", ""5"", ""54""]",24518dd2-da26-4816-80f1-00860d971973
142610,"""834""","[""171""]","""25021""","[""1"", ""486"", ""3"", ""4"", ""5"", ""54""]",ba498e17-152d-424f-ad72-2ec48e1021c9
142610,"""834""","[""171""]","""25021""","[""1"", ""486"", ""3"", ""4"", ""5"", ""54""]",a44d49b0-c2fb-4d8c-a32e-4267897351c3
142610,"""834""","[""171""]","""25021""","[""1"", ""486"", ""3"", ""4"", ""5"", ""54""]",21b9ca0c-e613-4c6c-a0b9-9b74f10008d9
142610,"""834""","[""171""]","""25021""","[""1"", ""486"", ""3"", ""4"", ""5"", ""54""]",0af9a106-066e-4e1d-85dd-bb93dbef3d15
142610,"""834""","[""171""]","""25021""","[""1"", ""486"", ""3"", ""4"", ""5"", ""54""]",a150e79a-98be-43d7-ad38-9c2ede6f5026
142610,"""834""","[""171""]","""25021""","[""1"", ""486"", ""3"", ""4"", ""5"", ""54""]",b0bb6eb9-4ac0-447c-8fe9-f25ade296890
142610,"""834""","[""171""]","""25021""","[""1"", ""486"", ""3"", ""4"", ""5"", ""54""]",e2ef075e-25b3-4fc4-94c4-a1b786d37473
142610,"""834""","[""171""]","""25021""","[""1"", ""486"", ""3"", ""4"", ""5"", ""54""]",e2ef075e-25b3-4fc4-94c4-a1b786d37473
142610,"""834""","[""171""]","""25021""","[""1"", ""486"", ""3"", ""4"", ""5"", ""54""]",a815c238-afdf-450b-9c9d-22ddf989175d
142610,"""834""","[""171""]","""25021""","[""1"", ""486"", ""3"", ""4"", ""5"", ""54""]",85857949-facd-4273-ba91-b2e8e517e837
142610,"""834""","[""171""]","""25021""","[""1"", ""486"", ""3"", ""4"", ""5"", ""54""]",a4d39eaf-60a7-438c-803a-61cf5296f3c3
142610,"""834""","[""171""]","""25021""","[""1"", ""486"", ""3"", ""4"", ""5"", ""54""]",a8047d6e-7f19-4e3d-845c-e98ebdcd5961
142610,"""834""","[""171""]","""25021""","[""1"", ""486"", ""3"", ""4"", ""5"", ""54""]",706803f0-e8f0-41fe-98bc-830f858789a9
142610,"""834""","[""171""]","""25021""","[""1"", ""486"", ""3"", ""4"", ""5"", ""54""]",24518dd2-da26-4816-80f1-00860d971973
142610,"""834""","[""171""]","""25021""","[""1"", ""486"", ""3"", ""4"", ""5"", ""54""]",46c95f94-f31c-4e01-8437-de6734acea47
142610,"""834""","[""171""]","""25021""","[""1"", ""486"", ""3"", ""4"", ""5"", ""54""]",e5364dff-720f-4309-a94d-f8d3c61f20de
142610,"""834""","[""171""]","""25021""","[""1"", ""486"", ""3"", ""4"", ""5"", ""54""]",6a23ab18-0715-4882-ad13-69711c1cec9f
142610,"""834""","[""171""]","""25021""","[""1"", ""486"", ""3"", ""4"", ""5"", ""54""]",a4d39eaf-60a7-438c-803a-61cf5296f3c3
142610,"""834""","[""171""]","""25021""","[""1"", ""486"", ""3"", ""4"", ""5"", ""54""]",62c87529-7503-4ed0-a9be-b3f50387c9f3
142610,"""834""","[""171""]","""25021""","[""1"", ""486"", ""3"", ""4"", ""5"", ""54""]",26204057-f21e-4308-a762-7f9bef66761d
142610,"""834""","[""171""]","""25021""","[""1"", ""486"", ""3"", ""4"", ""5"", ""54""]",320e8ba0-d64b-4952-ba9e-704e3952fb27
142610,"""834""","[""171""]","""25021""","[""1"", ""486"", ""3"", ""4"", ""5"", ""54""]",e510d09f-2835-4d17-86cb-fdcea36a904e
142610,"""834""","[""171""]","""25021""","[""1"", ""486"", ""3"", ""4"", ""5"", ""54""]",01a635bb-e648-4163-a930-842c0fb1b107
142610,"""834""","[""171""]","""25021""","[""1"", ""486"", ""3"", ""4"", ""5"", ""54""]",96e4111d-1dd2-455e-8e0a-a2746dcaedc8
142610,"""834""","[""171""]","""25021""","[""1"", ""486"", ""3"", ""4"", ""5"", ""54""]",7e1a4444-1c9e-4201-b78d-9b25a99092ac
142610,"""834""","[""171""]","""25021""","[""1"", ""486"", ""3"", ""4"", ""5"", ""54""]",217753d1-dd1e-48c9-943d-e1045c29d2c0
142610,"""834""","[""171""]","""25021""","[""1"", ""486"", ""3"", ""4"", ""5"", ""54""]",07861c15-f8b8-4ca3-bc2b-87aeb365d094
142610,"""834""","[""171""]","""25021""","[""1"", ""486"", ""3"", ""4"", ""5"", ""54""]",217753d1-dd1e-48c9-943d-e1045c29d2c0
142610,"""834""","[""171""]","""25021""","[""1"", ""486"", ""3"", ""4"", ""5"", ""54""]",e2ef075e-25b3-4fc4-94c4-a1b786d37473
142610,"""834""","[""171""]","""25021""","[""1"", ""486"", ""3"", ""4"", ""5"", ""54""]",87ab40b4-4390-4ea7-b06c-2f95c92f36d2
142610,"""834""","[""171""]","""25021""","[""1"", ""486"", ""3"", ""4"", ""5"", ""54""]",055096bf-5b91-40f8-91ed-112ee9dfc98a
142610,"""834""","[""171""]","""25021""","[""1"", ""486"", ""3"", ""4"", ""5"", ""54""]",4145a275-cb1c-402f-bac2-6352d4457aa1
142610,"""834""","[""171""]","""25021""","[""1"", ""486"", ""3"", ""4"", ""5"", ""54""]",752f7c89-a61d-4e1c-852b-b91912cc5a5b
142610,"""834""","[""171""]","""25021""","[""1"", ""486"", ""3"", ""4"", ""5"", ""54""]",95a308f0-23f5-4f7f-9d82-c59c59d21cbc
142610,"""834""","[""171""]","""25021""","[""1"", ""486"", ""3"", ""4"", ""5"", ""54""]",217753d1-dd1e-48c9-943d-e1045c29d2c0
142610,"""834""","[""171""]","""25021""","[""1"", ""486"", ""3"", ""4"", ""5"", ""54""]",514612bf-0b54-4f8f-a9c5-172f9d014f52
142610,"""834""","[""171""]","""25021""","[""1"", ""486"", ""3"", ""4"", ""5"", ""54""]",65dd93a3-4f65-4147-a692-4fe1d6f6948f
142610,"""834""","[""171""]","""25021""","[""1"", ""486"", ""3"", ""4"", ""5"", ""54""]",d5a5ac75-6dbb-43e9-bf48-1a97692ddada
142610,"""834""","[""171""]","""25021""","[""1"", ""486"", ""3"", ""4"", ""5"", ""54""]",81ce2812-fc6f-489a-8750-51962b2facb8
142610,"""834""","[""171""]","""25021""","[""1"", ""486"", ""3"", ""4"", ""5"", ""54""]",b7d57c2b-4499-48b6-8d12-d65e4c338c22
142610,"""834""","[""171""]","""25021""","[""1"", ""486"", ""3"", ""4"", ""5"", ""54""]",a44d49b0-c2fb-4d8c-a32e-4267897351c3
142610,"""834""","[""171""]","""25021""","[""1"", ""486"", ""3"", ""4"", ""5"", ""54""]",e2ef075e-25b3-4fc4-94c4-a1b786d37473
142610,"""834""","[""171""]","""25021""","[""1"", ""486"", ""3"", ""4"", ""5"", ""54""]",e8324ede-a836-405e-be41-ff2c818421fe
142610,"""834""","[""171""]","""25021""","[""1"", ""486"", ""3"", ""4"", ""5"", ""54""]",3af6f4aa-8077-49db-8175-86a34f269b91
142610,"""834""","[""171""]","""25021""","[""1"", ""486"", ""3"", ""4"", ""5"", ""54""]",6a23ab18-0715-4882-ad13-69711c1cec9f
142610,"""834""","[""171""]","""25021""","[""1"", ""486"", ""3"", ""4"", ""5"", ""54""]",d7cec971-c8de-4bd3-ac9b-a73462847deb
142610,"""834""","[""171""]","""25021""","[""1"", ""486"", ""3"", ""4"", ""5"", ""54""]",ada1923e-bd89-451a-b970-ce786ff5b91b
142610,"""834""","[""171""]","""25021""","[""1"", ""486"", ""3"", ""4"", ""5"", ""54""]",e2ef075e-25b3-4fc4-94c4-a1b786d37473
142610,"""834""","[""171""]","""25021""","[""1"", ""486"", ""3"", ""4"", ""5"", ""54""]",7a6fb9d9-391f-463a-b51d-f778e934620b
142610,"""834""","[""171""]","""25021""","[""1"", ""486"", ""3"", ""4"", ""5"", ""54""]",2640d90b-3e0f-4b8c-8b1d-d7d92c5254ac
142610,"""834""","[""171""]","""25021""","[""1"", ""486"", ""3"", ""4"", ""5"", ""54""]",c84f15c0-312d-44d8-980a-a90e8782871b
142610,"""834""","[""171""]","""25021""","[""1"", ""486"", ""3"", ""4"", ""5"", ""54""]",1e717e87-76b8-4394-9476-2e11de7ce33f
142610,"""834""","[""171""]","""25021""","[""1"", ""486"", ""3"", ""4"", ""5"", ""54""]",ae8f5287-1531-4354-90fa-d61bcd39d501
121754,"""484""","[""78"", ""266"", ""261""]","""25015""",[],f46a386e-11f9-4681-a065-ddab7d40cde5
121754,"""484""","[""78"", ""266"", ""261""]","""25015""",[],68116f5c-f37f-43cd-8d2c-c1001f0b93ff
121754,"""484""","[""78"", ""266"", ""261""]","""25015""",[],910cf858-5038-4354-a972-d81f68a04784
121754,"""484""","[""78"", ""266"", ""261""]","""25015""",[],f6533a99-83c9-41d3-b5bb-ca445e1d65bb
121754,"""484""","[""78"", ""266"", ""261""]","""25015""",[],5d39e28f-78d8-47fc-b5be-990318487e19
121754,"""484""","[""78"", ""266"", ""261""]","""25015""",[],2898757d-0df0-4f98-983c-e96e1b8554a0
121754,"""484""","[""78"", ""266"", ""261""]","""25015""",[],f72032eb-c2c3-4342-a0b8-b89ed7e82f85
121754,"""484""","[""78"", ""266"", ""261""]","""25015""",[],a8d69a63-f7b9-4915-b172-6ca7a0d5db41
121754,"""484""","[""78"", ""266"", ""261""]","""25015""",[],156036a8-adc0-44a0-bba0-e50b4171ff8f
121754,"""484""","[""78"", ""266"", ""261""]","""25015""",[],d08b62aa-40e6-4f3b-b2c0-64620437c401
121754,"""484""","[""78"", ""266"", ""261""]","""25015""",[],146d55d1-b849-419e-a417-0382f4b8f9f6
121754,"""484""","[""78"", ""266"", ""261""]","""25015""",[],69045c61-241a-4e74-b111-00f8a541287e
121754,"""484""","[""78"", ""266"", ""261""]","""25015""",[],21197662-e92d-4368-9911-f2f87101dba4
121754,"""484""","[""78"", ""266"", ""261""]","""25015""",[],997942c2-2709-4f1c-8945-6a7cfd645169
121754,"""484""","[""78"", ""266"", ""261""]","""25015""",[],2ae238aa-904c-4b01-b7b9-3a45b9ac69ae
121754,"""484""","[""78"", ""266"", ""261""]","""25015""",[],8173d772-8f11-4803-9952-0475307fedfc
121754,"""484""","[""78"", ""266"", ""261""]","""25015""",[],51453523-1e1e-4cda-ba0c-fe8c197d6eb4
121754,"""484""","[""78"", ""266"", ""261""]","""25015""",[],d08b62aa-40e6-4f3b-b2c0-64620437c401
121754,"""484""","[""78"", ""266"", ""261""]","""25015""",[],cf3a4e50-9f57-465c-882a-b5dea0ad8b67
121754,"""484""","[""78"", ""266"", ""261""]","""25015""",[],05c69e3a-c780-4b7a-b192-596aaf167800
121754,"""484""","[""78"", ""266"", ""261""]","""25015""",[],156036a8-adc0-44a0-bba0-e50b4171ff8f
121754,"""484""","[""78"", ""266"", ""261""]","""25015""",[],26376aa4-6d24-4b91-8dc0-83fd380ae0b7
308281,"""1592""","[""331""]","""25053""","[""56"", ""4681"", ""39"", ""4662"", ""3343"", ""3160"", ""682"", ""5618"", ""2503"", ""6"", ""12685"", ""13840"", ""529"", ""6407"", ""12115"", ""53"", ""11832"", ""54""]",06b6b0bd-5e8d-4033-a4d3-c9c6efc7a8a9
308281,"""1592""","[""331""]","""25053""","[""56"", ""4681"", ""39"", ""4662"", ""3343"", ""3160"", ""682"", ""5618"", ""2503"", ""6"", ""12685"", ""13840"", ""529"", ""6407"", ""12115"", ""53"", ""11832"", ""54""]",db985777-6523-40bd-97c9-41aaeca814a0
308281,"""1592""","[""331""]","""25053""","[""56"", ""4681"", ""39"", ""4662"", ""3343"", ""3160"", ""682"", ""5618"", ""2503"", ""6"", ""12685"", ""13840"", ""529"", ""6407"", ""12115"", ""53"", ""11832"", ""54""]",71744424-3154-4e8e-a14c-896b54a1bd65
308281,"""1592""","[""331""]","""25053""","[""56"", ""4681"", ""39"", ""4662"", ""3343"", ""3160"", ""682"", ""5618"", ""2503"", ""6"", ""12685"", ""13840"", ""529"", ""6407"", ""12115"", ""53"", ""11832"", ""54""]",14e49653-1c4f-42f3-ba71-1589f918061a
308281,"""1592""","[""331""]","""25053""","[""56"", ""4681"", ""39"", ""4662"", ""3343"", ""3160"", ""682"", ""5618"", ""2503"", ""6"", ""12685"", ""13840"", ""529"", ""6407"", ""12115"", ""53"", ""11832"", ""54""]",871405ac-1681-4fe3-ad84-3dbd306c2693
308281,"""1592""","[""331""]","""25053""","[""56"", ""4681"", ""39"", ""4662"", ""3343"", ""3160"", ""682"", ""5618"", ""2503"", ""6"", ""12685"", ""13840"", ""529"", ""6407"", ""12115"", ""53"", ""11832"", ""54""]",43c923cb-97be-4385-b030-cf4ac75c694d
308281,"""1592""","[""331""]","""25053""","[""56"", ""4681"", ""39"", ""4662"", ""3343"", ""3160"", ""682"", ""5618"", ""2503"", ""6"", ""12685"", ""13840"", ""529"", ""6407"", ""12115"", ""53"", ""11832"", ""54""]",8c067174-2229-45f2-86b0-f419cb3c13d6
308281,"""1592""","[""331""]","""25053""","[""56"", ""4681"", ""39"", ""4662"", ""3343"", ""3160"", ""682"", ""5618"", ""2503"", ""6"", ""12685"", ""13840"", ""529"", ""6407"", ""12115"", ""53"", ""11832"", ""54""]",8cd89373-c3e1-47b1-b644-52d546129c1a
308281,"""1592""","[""331""]","""25053""","[""56"", ""4681"", ""39"", ""4662"", ""3343"", ""3160"", ""682"", ""5618"", ""2503"", ""6"", ""12685"", ""13840"", ""529"", ""6407"", ""12115"", ""53"", ""11832"", ""54""]",affc346d-bc56-4228-8c65-9a86f0ecc1f6
308281,"""1592""","[""331""]","""25053""","[""56"", ""4681"", ""39"", ""4662"", ""3343"", ""3160"", ""682"", ""5618"", ""2503"", ""6"", ""12685"", ""13840"", ""529"", ""6407"", ""12115"", ""53"", ""11832"", ""54""]",a501dc90-1551-4e90-89a6-28e770f94675
308281,"""1592""","[""331""]","""25053""","[""56"", ""4681"", ""39"", ""4662"", ""3343"", ""3160"", ""682"", ""5618"", ""2503"", ""6"", ""12685"", ""13840"", ""529"", ""6407"", ""12115"", ""53"", ""11832"", ""54""]",a13d8e2d-184f-48f7-b2b9-b8f45f27f962
308281,"""1592""","[""331""]","""25053""","[""56"", ""4681"", ""39"", ""4662"", ""3343"", ""3160"", ""682"", ""5618"", ""2503"", ""6"", ""12685"", ""13840"", ""529"", ""6407"", ""12115"", ""53"", ""11832"", ""54""]",a9cb2c55-9caf-48ac-a62f-4a26bff3871e
308281,"""1592""","[""331""]","""25053""","[""56"", ""4681"", ""39"", ""4662"", ""3343"", ""3160"", ""682"", ""5618"", ""2503"", ""6"", ""12685"", ""13840"", ""529"", ""6407"", ""12115"", ""53"", ""11832"", ""54""]",a9af50df-b13f-4512-bd28-6d8da375dcc8
308281,"""1592""","[""331""]","""25053""","[""56"", ""4681"", ""39"", ""4662"", ""3343"", ""3160"", ""682"", ""5618"", ""2503"", ""6"", ""12685"", ""13840"", ""529"", ""6407"", ""12115"", ""53"", ""11832"", ""54""]",ab0ca1c9-64e8-4d7e-99bb-0f0546687cd5
308281,"""1592""","[""331""]","""25053""","[""56"", ""4681"", ""39"", ""4662"", ""3343"", ""3160"", ""682"", ""5618"", ""2503"", ""6"", ""12685"", ""13840"", ""529"", ""6407"", ""12115"", ""53"", ""11832"", ""54""]",affc346d-bc56-4228-8c65-9a86f0ecc1f6
308281,"""1592""","[""331""]","""25053""","[""56"", ""4681"", ""39"", ""4662"", ""3343"", ""3160"", ""682"", ""5618"", ""2503"", ""6"", ""12685"", ""13840"", ""529"", ""6407"", ""12115"", ""53"", ""11832"", ""54""]",e89d356f-531e-4af0-9766-3e6b01882128
308281,"""1592""","[""331""]","""25053""","[""56"", ""4681"", ""39"", ""4662"", ""3343"", ""3160"", ""682"", ""5618"", ""2503"", ""6"", ""12685"", ""13840"", ""529"", ""6407"", ""12115"", ""53"", ""11832"", ""54""]",2115f2e6-23d5-4f9a-9536-94e97a692ef8
308281,"""1592""","[""331""]","""25053""","[""56"", ""4681"", ""39"", ""4662"", ""3343"", ""3160"", ""682"", ""5618"", ""2503"", ""6"", ""12685"", ""13840"", ""529"", ""6407"", ""12115"", ""53"", ""11832"", ""54""]",270a9406-b9d7-4a46-91ea-043ec1a686c5
308281,"""1592""","[""331""]","""25053""","[""56"", ""4681"", ""39"", ""4662"", ""3343"", ""3160"", ""682"", ""5618"", ""2503"", ""6"", ""12685"", ""13840"", ""529"", ""6407"", ""12115"", ""53"", ""11832"", ""54""]",e5704380-3333-4673-82c9-c803260e2522
308281,"""1592""","[""331""]","""25053""","[""56"", ""4681"", ""39"", ""4662"", ""3343"", ""3160"", ""682"", ""5618"", ""2503"", ""6"", ""12685"", ""13840"", ""529"", ""6407"", ""12115"", ""53"", ""11832"", ""54""]",1fe75c5d-5047-4fcb-b7b8-770ecb3b8a09
308281,"""1592""","[""331""]","""25053""","[""56"", ""4681"", ""39"", ""4662"", ""3343"", ""3160"", ""682"", ""5618"", ""2503"", ""6"", ""12685"", ""13840"", ""529"", ""6407"", ""12115"", ""53"", ""11832"", ""54""]",5688e9e5-4963-40f8-9bb6-0448ef07b245
308281,"""1592""","[""331""]","""25053""","[""56"", ""4681"", ""39"", ""4662"", ""3343"", ""3160"", ""682"", ""5618"", ""2503"", ""6"", ""12685"", ""13840"", ""529"", ""6407"", ""12115"", ""53"", ""11832"", ""54""]",ec56c40b-e0c2-4798-8923-7da5f2ce2fcf
308281,"""1592""","[""331""]","""25053""","[""56"", ""4681"", ""39"", ""4662"", ""3343"", ""3160"", ""682"", ""5618"", ""2503"", ""6"", ""12685"", ""13840"", ""529"", ""6407"", ""12115"", ""53"", ""11832"", ""54""]",88d34840-55ee-44d9-b2f1-1d93f2e41cb6
308281,"""1592""","[""331""]","""25053""","[""56"", ""4681"", ""39"", ""4662"", ""3343"", ""3160"", ""682"", ""5618"", ""2503"", ""6"", ""12685"", ""13840"", ""529"", ""6407"", ""12115"", ""53"", ""11832"", ""54""]",b9e7fa6b-0858-455d-84bd-4e378848b0f1
308281,"""1592""","[""331""]","""25053""","[""56"", ""4681"", ""39"", ""4662"", ""3343"", ""3160"", ""682"", ""5618"", ""2503"", ""6"", ""12685"", ""13840"", ""529"", ""6407"", ""12115"", ""53"", ""11832"", ""54""]",d841eba9-cde2-4f41-8170-740322f8dd53
308281,"""1592""","[""331""]","""25053""","[""56"", ""4681"", ""39"", ""4662"", ""3343"", ""3160"", ""682"", ""5618"", ""2503"", ""6"", ""12685"", ""13840"", ""529"", ""6407"", ""12115"", ""53"", ""11832"", ""54""]",d31e3329-43e5-4a66-af83-cf1011b9de9a
308281,"""1592""","[""331""]","""25053""","[""56"", ""4681"", ""39"", ""4662"", ""3343"", ""3160"", ""682"", ""5618"", ""2503"", ""6"", ""12685"", ""13840"", ""529"", ""6407"", ""12115"", ""53"", ""11832"", ""54""]",3d998dcd-2226-4b04-9c97-b39f7b6fe997
308281,"""1592""","[""331""]","""25053""","[""56"", ""4681"", ""39"", ""4662"", ""3343"", ""3160"", ""682"", ""5618"", ""2503"", ""6"", ""12685"", ""13840"", ""529"", ""6407"", ""12115"", ""53"", ""11832"", ""54""]",7b75aef2-8df2-41cd-b7ce-40bd01ccfcd8
308281,"""1592""","[""331""]","""25053""","[""56"", ""4681"", ""39"", ""4662"", ""3343"", ""3160"", ""682"", ""5618"", ""2503"", ""6"", ""12685"", ""13840"", ""529"", ""6407"", ""12115"", ""53"", ""11832"", ""54""]",affc346d-bc56-4228-8c65-9a86f0ecc1f6
308281,"""1592""","[""331""]","""25053""","[""56"", ""4681"", ""39"", ""4662"", ""3343"", ""3160"", ""682"", ""5618"", ""2503"", ""6"", ""12685"", ""13840"", ""529"", ""6407"", ""12115"", ""53"", ""11832"", ""54""]",fd5078e8-70c3-4f3a-894a-dc882bb59cbe
308281,"""1592""","[""331""]","""25053""","[""56"", ""4681"", ""39"", ""4662"", ""3343"", ""3160"", ""682"", ""5618"", ""2503"", ""6"", ""12685"", ""13840"", ""529"", ""6407"", ""12115"", ""53"", ""11832"", ""54""]",ead345ed-fd1d-4ee2-a7ba-f1ad330afcc1
308281,"""1592""","[""331""]","""25053""","[""56"", ""4681"", ""39"", ""4662"", ""3343"", ""3160"", ""682"", ""5618"", ""2503"", ""6"", ""12685"", ""13840"", ""529"", ""6407"", ""12115"", ""53"", ""11832"", ""54""]",fe6b6bab-05fa-4572-abf5-d2d3a22d3bc3
308281,"""1592""","[""331""]","""25053""","[""56"", ""4681"", ""39"", ""4662"", ""3343"", ""3160"", ""682"", ""5618"", ""2503"", ""6"", ""12685"", ""13840"", ""529"", ""6407"", ""12115"", ""53"", ""11832"", ""54""]",7b03e8a3-7ad3-4e45-8016-c8845fa475d4
308281,"""1592""","[""331""]","""25053""","[""56"", ""4681"", ""39"", ""4662"", ""3343"", ""3160"", ""682"", ""5618"", ""2503"", ""6"", ""12685"", ""13840"", ""529"", ""6407"", ""12115"", ""53"", ""11832"", ""54""]",003f9e71-a4b1-4f1a-bd6e-1f7c2e911da4
308281,"""1592""","[""331""]","""25053""","[""56"", ""4681"", ""39"", ""4662"", ""3343"", ""3160"", ""682"", ""5618"", ""2503"", ""6"", ""12685"", ""13840"", ""529"", ""6407"", ""12115"", ""53"", ""11832"", ""54""]",838ff743-41da-4402-8a16-463eb5b72ad8
308281,"""1592""","[""331""]","""25053""","[""56"", ""4681"", ""39"", ""4662"", ""3343"", ""3160"", ""682"", ""5618"", ""2503"", ""6"", ""12685"", ""13840"", ""529"", ""6407"", ""12115"", ""53"", ""11832"", ""54""]",1073ceb3-4ae7-48da-a0fc-e0f1f599480e
308281,"""1592""","[""331""]","""25053""","[""56"", ""4681"", ""39"", ""4662"", ""3343"", ""3160"", ""682"", ""5618"", ""2503"", ""6"", ""12685"", ""13840"", ""529"", ""6407"", ""12115"", ""53"", ""11832"", ""54""]",3d998dcd-2226-4b04-9c97-b39f7b6fe997
308281,"""1592""","[""331""]","""25053""","[""56"", ""4681"", ""39"", ""4662"", ""3343"", ""3160"", ""682"", ""5618"", ""2503"", ""6"", ""12685"", ""13840"", ""529"", ""6407"", ""12115"", ""53"", ""11832"", ""54""]",3ff7b03d-96c6-4364-b906-fcba0198b9f5
308281,"""1592""","[""331""]","""25053""","[""56"", ""4681"", ""39"", ""4662"", ""3343"", ""3160"", ""682"", ""5618"", ""2503"", ""6"", ""12685"", ""13840"", ""529"", ""6407"", ""12115"", ""53"", ""11832"", ""54""]",6a4296db-0931-42a0-93a1-774b1c7a5f93
308281,"""1592""","[""331""]","""25053""","[""56"", ""4681"", ""39"", ""4662"", ""3343"", ""3160"", ""682"", ""5618"", ""2503"", ""6"", ""12685"", ""13840"", ""529"", ""6407"", ""12115"", ""53"", ""11832"", ""54""]",5688e9e5-4963-40f8-9bb6-0448ef07b245
308281,"""1592""","[""331""]","""25053""","[""56"", ""4681"", ""39"", ""4662"", ""3343"", ""3160"", ""682"", ""5618"", ""2503"", ""6"", ""12685"", ""13840"", ""529"", ""6407"", ""12115"", ""53"", ""11832"", ""54""]",3053fb42-0bfe-42b9-a600-30d178c52abb
308281,"""1592""","[""331""]","""25053""","[""56"", ""4681"", ""39"", ""4662"", ""3343"", ""3160"", ""682"", ""5618"", ""2503"", ""6"", ""12685"", ""13840"", ""529"", ""6407"", ""12115"", ""53"", ""11832"", ""54""]",1878a0b3-b104-4904-9549-3ca40e5bbc08
308281,"""1592""","[""331""]","""25053""","[""56"", ""4681"", ""39"", ""4662"", ""3343"", ""3160"", ""682"", ""5618"", ""2503"", ""6"", ""12685"", ""13840"", ""529"", ""6407"", ""12115"", ""53"", ""11832"", ""54""]",82898593-eea5-4032-8506-352a63bef889
308281,"""1592""","[""331""]","""25053""","[""56"", ""4681"", ""39"", ""4662"", ""3343"", ""3160"", ""682"", ""5618"", ""2503"", ""6"", ""12685"", ""13840"", ""529"", ""6407"", ""12115"", ""53"", ""11832"", ""54""]",6a4296db-0931-42a0-93a1-774b1c7a5f93
308281,"""1592""","[""331""]","""25053""","[""56"", ""4681"", ""39"", ""4662"", ""3343"", ""3160"", ""682"", ""5618"", ""2503"", ""6"", ""12685"", ""13840"", ""529"", ""6407"", ""12115"", ""53"", ""11832"", ""54""]",a9cb2c55-9caf-48ac-a62f-4a26bff3871e
308281,"""1592""","[""331""]","""25053""","[""56"", ""4681"", ""39"", ""4662"", ""3343"", ""3160"", ""682"", ""5618"", ""2503"", ""6"", ""12685"", ""13840"", ""529"", ""6407"", ""12115"", ""53"", ""11832"", ""54""]",29608c9b-8ff8-4181-8224-a50ce2cda1a3
308281,"""1592""","[""331""]","""25053""","[""56"", ""4681"", ""39"", ""4662"", ""3343"", ""3160"", ""682"", ""5618"", ""2503"", ""6"", ""12685"", ""13840"", ""529"", ""6407"", ""12115"", ""53"", ""11832"", ""54""]",53bbe84a-1029-4bdd-9ad2-95a47ad9b846
308281,"""1592""","[""331""]","""25053""","[""56"", ""4681"", ""39"", ""4662"", ""3343"", ""3160"", ""682"", ""5618"", ""2503"", ""6"", ""12685"", ""13840"", ""529"", ""6407"", ""12115"", ""53"", ""11832"", ""54""]",cbb7a0d9-a744-4051-bd24-1958b2b10740
308281,"""1592""","[""331""]","""25053""","[""56"", ""4681"", ""39"", ""4662"", ""3343"", ""3160"", ""682"", ""5618"", ""2503"", ""6"", ""12685"", ""13840"", ""529"", ""6407"", ""12115"", ""53"", ""11832"", ""54""]",91e774a1-8cfe-423a-88b0-8976cb65fafa
308281,"""1592""","[""331""]","""25053""","[""56"", ""4681"", ""39"", ""4662"", ""3343"", ""3160"", ""682"", ""5618"", ""2503"", ""6"", ""12685"", ""13840"", ""529"", ""6407"", ""12115"", ""53"", ""11832"", ""54""]",b56a5f17-9900-47a6-98ac-70d7bb6e5aef
308281,"""1592""","[""331""]","""25053""","[""56"", ""4681"", ""39"", ""4662"", ""3343"", ""3160"", ""682"", ""5618"", ""2503"", ""6"", ""12685"", ""13840"", ""529"", ""6407"", ""12115"", ""53"", ""11832"", ""54""]",c68af6cc-ef6a-4572-939d-4804b619e896
308281,"""1592""","[""331""]","""25053""","[""56"", ""4681"", ""39"", ""4662"", ""3343"", ""3160"", ""682"", ""5618"", ""2503"", ""6"", ""12685"", ""13840"", ""529"", ""6407"", ""12115"", ""53"", ""11832"", ""54""]",81303ed8-0460-4f41-b879-f4cf44707e6d
308281,"""1592""","[""331""]","""25053""","[""56"", ""4681"", ""39"", ""4662"", ""3343"", ""3160"", ""682"", ""5618"", ""2503"", ""6"", ""12685"", ""13840"", ""529"", ""6407"", ""12115"", ""53"", ""11832"", ""54""]",db985777-6523-40bd-97c9-41aaeca814a0
308281,"""1592""","[""331""]","""25053""","[""56"", ""4681"", ""39"", ""4662"", ""3343"", ""3160"", ""682"", ""5618"", ""2503"", ""6"", ""12685"", ""13840"", ""529"", ""6407"", ""12115"", ""53"", ""11832"", ""54""]",06b6b0bd-5e8d-4033-a4d3-c9c6efc7a8a9
308281,"""1592""","[""331""]","""25053""","[""56"", ""4681"", ""39"", ""4662"", ""3343"", ""3160"", ""682"", ""5618"", ""2503"", ""6"", ""12685"", ""13840"", ""529"", ""6407"", ""12115"", ""53"", ""11832"", ""54""]",087cec1e-73aa-4505-bc74-29d5bd1f16b0
308281,"""1592""","[""331""]","""25053""","[""56"", ""4681"", ""39"", ""4662"", ""3343"", ""3160"", ""682"", ""5618"", ""2503"", ""6"", ""12685"", ""13840"", ""529"", ""6407"", ""12115"", ""53"", ""11832"", ""54""]",1d5ac5a0-2b61-43ce-a964-a659177f7e08
308281,"""1592""","[""331""]","""25053""","[""56"", ""4681"", ""39"", ""4662"", ""3343"", ""3160"", ""682"", ""5618"", ""2503"", ""6"", ""12685"", ""13840"", ""529"", ""6407"", ""12115"", ""53"", ""11832"", ""54""]",82898593-eea5-4032-8506-352a63bef889
308281,"""1592""","[""331""]","""25053""","[""56"", ""4681"", ""39"", ""4662"", ""3343"", ""3160"", ""682"", ""5618"", ""2503"", ""6"", ""12685"", ""13840"", ""529"", ""6407"", ""12115"", ""53"", ""11832"", ""54""]",ecf2b16a-bb35-45ab-9f60-718677281705
308281,"""1592""","[""331""]","""25053""","[""56"", ""4681"", ""39"", ""4662"", ""3343"", ""3160"", ""682"", ""5618"", ""2503"", ""6"", ""12685"", ""13840"", ""529"", ""6407"", ""12115"", ""53"", ""11832"", ""54""]",2cc4be75-15f9-4aa6-8ae8-2ed94730e5be
308281,"""1592""","[""331""]","""25053""","[""56"", ""4681"", ""39"", ""4662"", ""3343"", ""3160"", ""682"", ""5618"", ""2503"", ""6"", ""12685"", ""13840"", ""529"", ""6407"", ""12115"", ""53"", ""11832"", ""54""]",378880e6-74fa-455b-8059-4dff231ce09d
308281,"""1592""","[""331""]","""25053""","[""56"", ""4681"", ""39"", ""4662"", ""3343"", ""3160"", ""682"", ""5618"", ""2503"", ""6"", ""12685"", ""13840"", ""529"", ""6407"", ""12115"", ""53"", ""11832"", ""54""]",0abf7b87-8400-4a7a-9ed6-a12e1a46e92b
308281,"""1592""","[""331""]","""25053""","[""56"", ""4681"", ""39"", ""4662"", ""3343"", ""3160"", ""682"", ""5618"", ""2503"", ""6"", ""12685"", ""13840"", ""529"", ""6407"", ""12115"", ""53"", ""11832"", ""54""]",fbdf28b0-8f55-49a6-a41a-49c82192e0f6
308281,"""1592""","[""331""]","""25053""","[""56"", ""4681"", ""39"", ""4662"", ""3343"", ""3160"", ""682"", ""5618"", ""2503"", ""6"", ""12685"", ""13840"", ""529"", ""6407"", ""12115"", ""53"", ""11832"", ""54""]",6a4296db-0931-42a0-93a1-774b1c7a5f93
308281,"""1592""","[""331""]","""25053""","[""56"", ""4681"", ""39"", ""4662"", ""3343"", ""3160"", ""682"", ""5618"", ""2503"", ""6"", ""12685"", ""13840"", ""529"", ""6407"", ""12115"", ""53"", ""11832"", ""54""]",0abf7b87-8400-4a7a-9ed6-a12e1a46e92b
308281,"""1592""","[""331""]","""25053""","[""56"", ""4681"", ""39"", ""4662"", ""3343"", ""3160"", ""682"", ""5618"", ""2503"", ""6"", ""12685"", ""13840"", ""529"", ""6407"", ""12115"", ""53"", ""11832"", ""54""]",8b91acde-982e-4672-82b5-1b49e5db4f82
308281,"""1592""","[""331""]","""25053""","[""56"", ""4681"", ""39"", ""4662"", ""3343"", ""3160"", ""682"", ""5618"", ""2503"", ""6"", ""12685"", ""13840"", ""529"", ""6407"", ""12115"", ""53"", ""11832"", ""54""]",a07b7852-47a6-41be-9b43-1dd9b148f267
308281,"""1592""","[""331""]","""25053""","[""56"", ""4681"", ""39"", ""4662"", ""3343"", ""3160"", ""682"", ""5618"", ""2503"", ""6"", ""12685"", ""13840"", ""529"", ""6407"", ""12115"", ""53"", ""11832"", ""54""]",bd2a90f9-e750-4e54-9529-ef45775148bd
308281,"""1592""","[""331""]","""25053""","[""56"", ""4681"", ""39"", ""4662"", ""3343"", ""3160"", ""682"", ""5618"", ""2503"", ""6"", ""12685"", ""13840"", ""529"", ""6407"", ""12115"", ""53"", ""11832"", ""54""]",2cc4be75-15f9-4aa6-8ae8-2ed94730e5be
308281,"""1592""","[""331""]","""25053""","[""56"", ""4681"", ""39"", ""4662"", ""3343"", ""3160"", ""682"", ""5618"", ""2503"", ""6"", ""12685"", ""13840"", ""529"", ""6407"", ""12115"", ""53"", ""11832"", ""54""]",82898593-eea5-4032-8506-352a63bef889
308281,"""1592""","[""331""]","""25053""","[""56"", ""4681"", ""39"", ""4662"", ""3343"", ""3160"", ""682"", ""5618"", ""2503"", ""6"", ""12685"", ""13840"", ""529"", ""6407"", ""12115"", ""53"", ""11832"", ""54""]",06b6b0bd-5e8d-4033-a4d3-c9c6efc7a8a9
308281,"""1592""","[""331""]","""25053""","[""56"", ""4681"", ""39"", ""4662"", ""3343"", ""3160"", ""682"", ""5618"", ""2503"", ""6"", ""12685"", ""13840"", ""529"", ""6407"", ""12115"", ""53"", ""11832"", ""54""]",34ade26f-0ed1-4d0c-b0b6-8f7546b12797
121754,"""484""","[""78"", ""266"", ""261""]","""25015""",[],62be6ffa-a769-4118-87c4-8460cec16296
121754,"""484""","[""78"", ""266"", ""261""]","""25015""",[],7608bbf9-cc31-4123-a45f-9374cd8fda9a
121754,"""484""","[""78"", ""266"", ""261""]","""25015""",[],156036a8-adc0-44a0-bba0-e50b4171ff8f
121754,"""484""","[""78"", ""266"", ""261""]","""25015""",[],a01b16fe-05b0-4ff7-8713-4f127606691c
121754,"""484""","[""78"", ""266"", ""261""]","""25015""",[],56e15dc3-a816-499c-aaaa-8b5acb78b73a
121754,"""484""","[""78"", ""266"", ""261""]","""25015""",[],0fc46664-a08e-42ec-bab0-460540590d7f
121754,"""484""","[""78"", ""266"", ""261""]","""25015""",[],f0484cc0-3b1f-4602-b7b2-7030e5179357
121754,"""484""","[""78"", ""266"", ""261""]","""25015""",[],98dac9c6-d778-4510-8712-7473987d6985
121754,"""484""","[""78"", ""266"", ""261""]","""25015""",[],927510f9-80d0-4faa-bdfe-b47b2eb386f4
121754,"""484""","[""78"", ""266"", ""261""]","""25015""",[],95d57536-8355-4b0a-9a41-4fe40c81322c
121754,"""484""","[""78"", ""266"", ""261""]","""25015""",[],01a295b6-67c3-43e9-96dc-be8bd597d97d
121754,"""484""","[""78"", ""266"", ""261""]","""25015""",[],a44d49b0-c2fb-4d8c-a32e-4267897351c3
121754,"""484""","[""78"", ""266"", ""261""]","""25015""",[],9e6bbba8-7441-4d32-a3ce-5e5c42dd809f
121754,"""484""","[""78"", ""266"", ""261""]","""25015""",[],927510f9-80d0-4faa-bdfe-b47b2eb386f4
121754,"""484""","[""78"", ""266"", ""261""]","""25015""",[],39599393-e2ae-481e-988c-ed3496134792
121754,"""484""","[""78"", ""266"", ""261""]","""25015""",[],945ff639-87e3-46f9-9965-3c765c51dbd1
121754,"""484""","[""78"", ""266"", ""261""]","""25015""",[],3828f361-c292-4b6f-bd63-8fdf7da5f8bb
121754,"""484""","[""78"", ""266"", ""261""]","""25015""",[],a6318c53-1f4b-408f-99ad-659110d0b163
121754,"""484""","[""78"", ""266"", ""261""]","""25015""",[],d08b62aa-40e6-4f3b-b2c0-64620437c401
121754,"""484""","[""78"", ""266"", ""261""]","""25015""",[],f6533a99-83c9-41d3-b5bb-ca445e1d65bb
121754,"""484""","[""78"", ""266"", ""261""]","""25015""",[],30626a0e-1a49-43c7-b1d1-64ceb1ab967f
121754,"""484""","[""78"", ""266"", ""261""]","""25015""",[],764a12db-0fbd-40d3-b29f-52e3ef923433
121754,"""484""","[""78"", ""266"", ""261""]","""25015""",[],acdfd5a9-a744-4b94-a369-87fe6be33bca
121754,"""484""","[""78"", ""266"", ""261""]","""25015""",[],69045c61-241a-4e74-b111-00f8a541287e
121754,"""484""","[""78"", ""266"", ""261""]","""25015""",[],ede33f0a-469d-4739-9149-0986f58fc06b
121754,"""484""","[""78"", ""266"", ""261""]","""25015""",[],514612bf-0b54-4f8f-a9c5-172f9d014f52
121754,"""484""","[""78"", ""266"", ""261""]","""25015""",[],68116f5c-f37f-43cd-8d2c-c1001f0b93ff
121754,"""484""","[""78"", ""266"", ""261""]","""25015""",[],d648f598-0e42-4e2d-8fa3-861f90b2f17a
121754,"""484""","[""78"", ""266"", ""261""]","""25015""",[],586a1d30-a666-42c6-b0eb-6face0531507
121754,"""484""","[""78"", ""266"", ""261""]","""25015""",[],e359ed47-0cfc-45f4-ad3f-2c23b3af0223
121754,"""484""","[""78"", ""266"", ""261""]","""25015""",[],a578d538-8555-4206-8f0d-f9ad6f08bc27
121754,"""484""","[""78"", ""266"", ""261""]","""25015""",[],412d6b85-62ab-4067-8bc5-f680e5338d79
121754,"""484""","[""78"", ""266"", ""261""]","""25015""",[],354b2945-865a-4128-a80f-047c78fcbd76
121754,"""484""","[""78"", ""266"", ""261""]","""25015""",[],730b5033-928a-4629-abd5-ce4db6669d18
121754,"""484""","[""78"", ""266"", ""261""]","""25015""",[],94244e83-ee53-41d8-8f2f-2668033b9b59
308281,"""1592""","[""331""]","""25053""","[""56"", ""4681"", ""39"", ""4662"", ""3343"", ""3160"", ""682"", ""5618"", ""2503"", ""6"", ""12685"", ""13840"", ""529"", ""6407"", ""12115"", ""53"", ""11832"", ""54""]",1c4575cf-bfd3-4145-b0e3-72f59e956bf8
308281,"""1592""","[""331""]","""25053""","[""56"", ""4681"", ""39"", ""4662"", ""3343"", ""3160"", ""682"", ""5618"", ""2503"", ""6"", ""12685"", ""13840"", ""529"", ""6407"", ""12115"", ""53"", ""11832"", ""54""]",06b6b0bd-5e8d-4033-a4d3-c9c6efc7a8a9
308281,"""1592""","[""331""]","""25053""","[""56"", ""4681"", ""39"", ""4662"", ""3343"", ""3160"", ""682"", ""5618"", ""2503"", ""6"", ""12685"", ""13840"", ""529"", ""6407"", ""12115"", ""53"", ""11832"", ""54""]",378880e6-74fa-455b-8059-4dff231ce09d
308281,"""1592""","[""331""]","""25053""","[""56"", ""4681"", ""39"", ""4662"", ""3343"", ""3160"", ""682"", ""5618"", ""2503"", ""6"", ""12685"", ""13840"", ""529"", ""6407"", ""12115"", ""53"", ""11832"", ""54""]",a9cb2c55-9caf-48ac-a62f-4a26bff3871e
308281,"""1592""","[""331""]","""25053""","[""56"", ""4681"", ""39"", ""4662"", ""3343"", ""3160"", ""682"", ""5618"", ""2503"", ""6"", ""12685"", ""13840"", ""529"", ""6407"", ""12115"", ""53"", ""11832"", ""54""]",3ff7b03d-96c6-4364-b906-fcba0198b9f5
308281,"""1592""","[""331""]","""25053""","[""56"", ""4681"", ""39"", ""4662"", ""3343"", ""3160"", ""682"", ""5618"", ""2503"", ""6"", ""12685"", ""13840"", ""529"", ""6407"", ""12115"", ""53"", ""11832"", ""54""]",a9cb2c55-9caf-48ac-a62f-4a26bff3871e
308281,"""1592""","[""331""]","""25053""","[""56"", ""4681"", ""39"", ""4662"", ""3343"", ""3160"", ""682"", ""5618"", ""2503"", ""6"", ""12685"", ""13840"", ""529"", ""6407"", ""12115"", ""53"", ""11832"", ""54""]",a66d948f-6157-4c15-916a-7a331d7ecb84
308281,"""1592""","[""331""]","""25053""","[""56"", ""4681"", ""39"", ""4662"", ""3343"", ""3160"", ""682"", ""5618"", ""2503"", ""6"", ""12685"", ""13840"", ""529"", ""6407"", ""12115"", ""53"", ""11832"", ""54""]",fe87df19-2f29-4002-a231-bbf6a93873b9
308281,"""1592""","[""331""]","""25053""","[""56"", ""4681"", ""39"", ""4662"", ""3343"", ""3160"", ""682"", ""5618"", ""2503"", ""6"", ""12685"", ""13840"", ""529"", ""6407"", ""12115"", ""53"", ""11832"", ""54""]",dedea552-0ef3-4f05-be9f-c56346e92839
308281,"""1592""","[""331""]","""25053""","[""56"", ""4681"", ""39"", ""4662"", ""3343"", ""3160"", ""682"", ""5618"", ""2503"", ""6"", ""12685"", ""13840"", ""529"", ""6407"", ""12115"", ""53"", ""11832"", ""54""]",fe87df19-2f29-4002-a231-bbf6a93873b9
308281,"""1592""","[""331""]","""25053""","[""56"", ""4681"", ""39"", ""4662"", ""3343"", ""3160"", ""682"", ""5618"", ""2503"", ""6"", ""12685"", ""13840"", ""529"", ""6407"", ""12115"", ""53"", ""11832"", ""54""]",5688e9e5-4963-40f8-9bb6-0448ef07b245
308281,"""1592""","[""331""]","""25053""","[""56"", ""4681"", ""39"", ""4662"", ""3343"", ""3160"", ""682"", ""5618"", ""2503"", ""6"", ""12685"", ""13840"", ""529"", ""6407"", ""12115"", ""53"", ""11832"", ""54""]",edfa72a1-1f48-4a5c-a511-803e668abd14
308281,"""1592""","[""331""]","""25053""","[""56"", ""4681"", ""39"", ""4662"", ""3343"", ""3160"", ""682"", ""5618"", ""2503"", ""6"", ""12685"", ""13840"", ""529"", ""6407"", ""12115"", ""53"", ""11832"", ""54""]",087cec1e-73aa-4505-bc74-29d5bd1f16b0
308281,"""1592""","[""331""]","""25053""","[""56"", ""4681"", ""39"", ""4662"", ""3343"", ""3160"", ""682"", ""5618"", ""2503"", ""6"", ""12685"", ""13840"", ""529"", ""6407"", ""12115"", ""53"", ""11832"", ""54""]",2cc4be75-15f9-4aa6-8ae8-2ed94730e5be
308281,"""1592""","[""331""]","""25053""","[""56"", ""4681"", ""39"", ""4662"", ""3343"", ""3160"", ""682"", ""5618"", ""2503"", ""6"", ""12685"", ""13840"", ""529"", ""6407"", ""12115"", ""53"", ""11832"", ""54""]",2115f2e6-23d5-4f9a-9536-94e97a692ef8
308281,"""1592""","[""331""]","""25053""","[""56"", ""4681"", ""39"", ""4662"", ""3343"", ""3160"", ""682"", ""5618"", ""2503"", ""6"", ""12685"", ""13840"", ""529"", ""6407"", ""12115"", ""53"", ""11832"", ""54""]",13f7450f-ab2c-4cc3-884b-c41445fde815
308281,"""1592""","[""331""]","""25053""","[""56"", ""4681"", ""39"", ""4662"", ""3343"", ""3160"", ""682"", ""5618"", ""2503"", ""6"", ""12685"", ""13840"", ""529"", ""6407"", ""12115"", ""53"", ""11832"", ""54""]",2cc4be75-15f9-4aa6-8ae8-2ed94730e5be
308281,"""1592""","[""331""]","""25053""","[""56"", ""4681"", ""39"", ""4662"", ""3343"", ""3160"", ""682"", ""5618"", ""2503"", ""6"", ""12685"", ""13840"", ""529"", ""6407"", ""12115"", ""53"", ""11832"", ""54""]",d298ef05-e795-4a4a-b09e-f1b61fd37cbc
308281,"""1592""","[""331""]","""25053""","[""56"", ""4681"", ""39"", ""4662"", ""3343"", ""3160"", ""682"", ""5618"", ""2503"", ""6"", ""12685"", ""13840"", ""529"", ""6407"", ""12115"", ""53"", ""11832"", ""54""]",82898593-eea5-4032-8506-352a63bef889
308281,"""1592""","[""331""]","""25053""","[""56"", ""4681"", ""39"", ""4662"", ""3343"", ""3160"", ""682"", ""5618"", ""2503"", ""6"", ""12685"", ""13840"", ""529"", ""6407"", ""12115"", ""53"", ""11832"", ""54""]",0abf7b87-8400-4a7a-9ed6-a12e1a46e92b
308281,"""1592""","[""331""]","""25053""","[""56"", ""4681"", ""39"", ""4662"", ""3343"", ""3160"", ""682"", ""5618"", ""2503"", ""6"", ""12685"", ""13840"", ""529"", ""6407"", ""12115"", ""53"", ""11832"", ""54""]",378880e6-74fa-455b-8059-4dff231ce09d
308281,"""1592""","[""331""]","""25053""","[""56"", ""4681"", ""39"", ""4662"", ""3343"", ""3160"", ""682"", ""5618"", ""2503"", ""6"", ""12685"", ""13840"", ""529"", ""6407"", ""12115"", ""53"", ""11832"", ""54""]",ffddbff9-d2cc-45e6-a3db-2a75f2cdd046
308281,"""1592""","[""331""]","""25053""","[""56"", ""4681"", ""39"", ""4662"", ""3343"", ""3160"", ""682"", ""5618"", ""2503"", ""6"", ""12685"", ""13840"", ""529"", ""6407"", ""12115"", ""53"", ""11832"", ""54""]",483f1a82-cec4-4b86-af89-c89f1151148f
308281,"""1592""","[""331""]","""25053""","[""56"", ""4681"", ""39"", ""4662"", ""3343"", ""3160"", ""682"", ""5618"", ""2503"", ""6"", ""12685"", ""13840"", ""529"", ""6407"", ""12115"", ""53"", ""11832"", ""54""]",3d998dcd-2226-4b04-9c97-b39f7b6fe997
308281,"""1592""","[""331""]","""25053""","[""56"", ""4681"", ""39"", ""4662"", ""3343"", ""3160"", ""682"", ""5618"", ""2503"", ""6"", ""12685"", ""13840"", ""529"", ""6407"", ""12115"", ""53"", ""11832"", ""54""]",4359c46b-cd69-4054-bb36-01b19acc5240
308281,"""1592""","[""331""]","""25053""","[""56"", ""4681"", ""39"", ""4662"", ""3343"", ""3160"", ""682"", ""5618"", ""2503"", ""6"", ""12685"", ""13840"", ""529"", ""6407"", ""12115"", ""53"", ""11832"", ""54""]",5688e9e5-4963-40f8-9bb6-0448ef07b245
308281,"""1592""","[""331""]","""25053""","[""56"", ""4681"", ""39"", ""4662"", ""3343"", ""3160"", ""682"", ""5618"", ""2503"", ""6"", ""12685"", ""13840"", ""529"", ""6407"", ""12115"", ""53"", ""11832"", ""54""]",4e1e6db7-607b-4670-8984-5ff43bd6b2e9
308281,"""1592""","[""331""]","""25053""","[""56"", ""4681"", ""39"", ""4662"", ""3343"", ""3160"", ""682"", ""5618"", ""2503"", ""6"", ""12685"", ""13840"", ""529"", ""6407"", ""12115"", ""53"", ""11832"", ""54""]",5688e9e5-4963-40f8-9bb6-0448ef07b245
308281,"""1592""","[""331""]","""25053""","[""56"", ""4681"", ""39"", ""4662"", ""3343"", ""3160"", ""682"", ""5618"", ""2503"", ""6"", ""12685"", ""13840"", ""529"", ""6407"", ""12115"", ""53"", ""11832"", ""54""]",81728e42-63e8-41a2-bc66-3e971052b421
308281,"""1592""","[""331""]","""25053""","[""56"", ""4681"", ""39"", ""4662"", ""3343"", ""3160"", ""682"", ""5618"", ""2503"", ""6"", ""12685"", ""13840"", ""529"", ""6407"", ""12115"", ""53"", ""11832"", ""54""]",82898593-eea5-4032-8506-352a63bef889
308281,"""1592""","[""331""]","""25053""","[""56"", ""4681"", ""39"", ""4662"", ""3343"", ""3160"", ""682"", ""5618"", ""2503"", ""6"", ""12685"", ""13840"", ""529"", ""6407"", ""12115"", ""53"", ""11832"", ""54""]",871405ac-1681-4fe3-ad84-3dbd306c2693
308281,"""1592""","[""331""]","""25053""","[""56"", ""4681"", ""39"", ""4662"", ""3343"", ""3160"", ""682"", ""5618"", ""2503"", ""6"", ""12685"", ""13840"", ""529"", ""6407"", ""12115"", ""53"", ""11832"", ""54""]",a90da674-eba6-4cdd-a864-c86f4970d0bf
308281,"""1592""","[""331""]","""25053""","[""56"", ""4681"", ""39"", ""4662"", ""3343"", ""3160"", ""682"", ""5618"", ""2503"", ""6"", ""12685"", ""13840"", ""529"", ""6407"", ""12115"", ""53"", ""11832"", ""54""]",378880e6-74fa-455b-8059-4dff231ce09d
308281,"""1592""","[""331""]","""25053""","[""56"", ""4681"", ""39"", ""4662"", ""3343"", ""3160"", ""682"", ""5618"", ""2503"", ""6"", ""12685"", ""13840"", ""529"", ""6407"", ""12115"", ""53"", ""11832"", ""54""]",affc346d-bc56-4228-8c65-9a86f0ecc1f6
308281,"""1592""","[""331""]","""25053""","[""56"", ""4681"", ""39"", ""4662"", ""3343"", ""3160"", ""682"", ""5618"", ""2503"", ""6"", ""12685"", ""13840"", ""529"", ""6407"", ""12115"", ""53"", ""11832"", ""54""]",76a35bb9-d42d-49c0-b118-3d92b973338f
308281,"""1592""","[""331""]","""25053""","[""56"", ""4681"", ""39"", ""4662"", ""3343"", ""3160"", ""682"", ""5618"", ""2503"", ""6"", ""12685"", ""13840"", ""529"", ""6407"", ""12115"", ""53"", ""11832"", ""54""]",5f7eda43-5232-4b5f-991f-e0472df5dbf0
308281,"""1592""","[""331""]","""25053""","[""56"", ""4681"", ""39"", ""4662"", ""3343"", ""3160"", ""682"", ""5618"", ""2503"", ""6"", ""12685"", ""13840"", ""529"", ""6407"", ""12115"", ""53"", ""11832"", ""54""]",3ff7b03d-96c6-4364-b906-fcba0198b9f5
308281,"""1592""","[""331""]","""25053""","[""56"", ""4681"", ""39"", ""4662"", ""3343"", ""3160"", ""682"", ""5618"", ""2503"", ""6"", ""12685"", ""13840"", ""529"", ""6407"", ""12115"", ""53"", ""11832"", ""54""]",6a4296db-0931-42a0-93a1-774b1c7a5f93
308281,"""1592""","[""331""]","""25053""","[""56"", ""4681"", ""39"", ""4662"", ""3343"", ""3160"", ""682"", ""5618"", ""2503"", ""6"", ""12685"", ""13840"", ""529"", ""6407"", ""12115"", ""53"", ""11832"", ""54""]",db985777-6523-40bd-97c9-41aaeca814a0
308281,"""1592""","[""331""]","""25053""","[""56"", ""4681"", ""39"", ""4662"", ""3343"", ""3160"", ""682"", ""5618"", ""2503"", ""6"", ""12685"", ""13840"", ""529"", ""6407"", ""12115"", ""53"", ""11832"", ""54""]",e2ba911b-dc39-4dbe-95bd-2a631da143e9
308281,"""1592""","[""331""]","""25053""","[""56"", ""4681"", ""39"", ""4662"", ""3343"", ""3160"", ""682"", ""5618"", ""2503"", ""6"", ""12685"", ""13840"", ""529"", ""6407"", ""12115"", ""53"", ""11832"", ""54""]",f61ec3b1-ea29-4638-853d-fc1ca28342a5
308281,"""1592""","[""331""]","""25053""","[""56"", ""4681"", ""39"", ""4662"", ""3343"", ""3160"", ""682"", ""5618"", ""2503"", ""6"", ""12685"", ""13840"", ""529"", ""6407"", ""12115"", ""53"", ""11832"", ""54""]",06b6b0bd-5e8d-4033-a4d3-c9c6efc7a8a9
308281,"""1592""","[""331""]","""25053""","[""56"", ""4681"", ""39"", ""4662"", ""3343"", ""3160"", ""682"", ""5618"", ""2503"", ""6"", ""12685"", ""13840"", ""529"", ""6407"", ""12115"", ""53"", ""11832"", ""54""]",fe87df19-2f29-4002-a231-bbf6a93873b9
308281,"""1592""","[""331""]","""25053""","[""56"", ""4681"", ""39"", ""4662"", ""3343"", ""3160"", ""682"", ""5618"", ""2503"", ""6"", ""12685"", ""13840"", ""529"", ""6407"", ""12115"", ""53"", ""11832"", ""54""]",378880e6-74fa-455b-8059-4dff231ce09d
308281,"""1592""","[""331""]","""25053""","[""56"", ""4681"", ""39"", ""4662"", ""3343"", ""3160"", ""682"", ""5618"", ""2503"", ""6"", ""12685"", ""13840"", ""529"", ""6407"", ""12115"", ""53"", ""11832"", ""54""]",5be9c692-3bea-429d-b0a8-d2f16d97912f
308281,"""1592""","[""331""]","""25053""","[""56"", ""4681"", ""39"", ""4662"", ""3343"", ""3160"", ""682"", ""5618"", ""2503"", ""6"", ""12685"", ""13840"", ""529"", ""6407"", ""12115"", ""53"", ""11832"", ""54""]",5c7ecf03-e0ec-4ff1-87b9-88ab58b724d9
308281,"""1592""","[""331""]","""25053""","[""56"", ""4681"", ""39"", ""4662"", ""3343"", ""3160"", ""682"", ""5618"", ""2503"", ""6"", ""12685"", ""13840"", ""529"", ""6407"", ""12115"", ""53"", ""11832"", ""54""]",6b838b33-a7ad-4cc5-9df1-9d4bbf90a0a5
308281,"""1592""","[""331""]","""25053""","[""56"", ""4681"", ""39"", ""4662"", ""3343"", ""3160"", ""682"", ""5618"", ""2503"", ""6"", ""12685"", ""13840"", ""529"", ""6407"", ""12115"", ""53"", ""11832"", ""54""]",82898593-eea5-4032-8506-352a63bef889
308281,"""1592""","[""331""]","""25053""","[""56"", ""4681"", ""39"", ""4662"", ""3343"", ""3160"", ""682"", ""5618"", ""2503"", ""6"", ""12685"", ""13840"", ""529"", ""6407"", ""12115"", ""53"", ""11832"", ""54""]",affc346d-bc56-4228-8c65-9a86f0ecc1f6
308281,"""1592""","[""331""]","""25053""","[""56"", ""4681"", ""39"", ""4662"", ""3343"", ""3160"", ""682"", ""5618"", ""2503"", ""6"", ""12685"", ""13840"", ""529"", ""6407"", ""12115"", ""53"", ""11832"", ""54""]",fe87df19-2f29-4002-a231-bbf6a93873b9
308281,"""1592""","[""331""]","""25053""","[""56"", ""4681"", ""39"", ""4662"", ""3343"", ""3160"", ""682"", ""5618"", ""2503"", ""6"", ""12685"", ""13840"", ""529"", ""6407"", ""12115"", ""53"", ""11832"", ""54""]",8e12df5d-634b-46a0-a7ba-b1fbd7639783
308281,"""1592""","[""331""]","""25053""","[""56"", ""4681"", ""39"", ""4662"", ""3343"", ""3160"", ""682"", ""5618"", ""2503"", ""6"", ""12685"", ""13840"", ""529"", ""6407"", ""12115"", ""53"", ""11832"", ""54""]",13f7450f-ab2c-4cc3-884b-c41445fde815
308281,"""1592""","[""331""]","""25053""","[""56"", ""4681"", ""39"", ""4662"", ""3343"", ""3160"", ""682"", ""5618"", ""2503"", ""6"", ""12685"", ""13840"", ""529"", ""6407"", ""12115"", ""53"", ""11832"", ""54""]",a150e79a-98be-43d7-ad38-9c2ede6f5026
308281,"""1592""","[""331""]","""25053""","[""56"", ""4681"", ""39"", ""4662"", ""3343"", ""3160"", ""682"", ""5618"", ""2503"", ""6"", ""12685"", ""13840"", ""529"", ""6407"", ""12115"", ""53"", ""11832"", ""54""]",f59bd5a3-7c38-444b-a5df-f35fbebf70f5
308281,"""1592""","[""331""]","""25053""","[""56"", ""4681"", ""39"", ""4662"", ""3343"", ""3160"", ""682"", ""5618"", ""2503"", ""6"", ""12685"", ""13840"", ""529"", ""6407"", ""12115"", ""53"", ""11832"", ""54""]",88c75aab-0b2e-4f8b-9c2b-6c4fb8bcca28
308281,"""1592""","[""331""]","""25053""","[""56"", ""4681"", ""39"", ""4662"", ""3343"", ""3160"", ""682"", ""5618"", ""2503"", ""6"", ""12685"", ""13840"", ""529"", ""6407"", ""12115"", ""53"", ""11832"", ""54""]",36742b0b-5547-46a6-88d4-95a8cf4bb214
308281,"""1592""","[""331""]","""25053""","[""56"", ""4681"", ""39"", ""4662"", ""3343"", ""3160"", ""682"", ""5618"", ""2503"", ""6"", ""12685"", ""13840"", ""529"", ""6407"", ""12115"", ""53"", ""11832"", ""54""]",4bd05783-676f-42ca-8e4a-2e414d8a1579
308281,"""1592""","[""331""]","""25053""","[""56"", ""4681"", ""39"", ""4662"", ""3343"", ""3160"", ""682"", ""5618"", ""2503"", ""6"", ""12685"", ""13840"", ""529"", ""6407"", ""12115"", ""53"", ""11832"", ""54""]",cf0388c2-9a1f-43ed-a1dc-354c8d9c2bda
308281,"""1592""","[""331""]","""25053""","[""56"", ""4681"", ""39"", ""4662"", ""3343"", ""3160"", ""682"", ""5618"", ""2503"", ""6"", ""12685"", ""13840"", ""529"", ""6407"", ""12115"", ""53"", ""11832"", ""54""]",3ff7b03d-96c6-4364-b906-fcba0198b9f5
308281,"""1592""","[""331""]","""25053""","[""56"", ""4681"", ""39"", ""4662"", ""3343"", ""3160"", ""682"", ""5618"", ""2503"", ""6"", ""12685"", ""13840"", ""529"", ""6407"", ""12115"", ""53"", ""11832"", ""54""]",087cec1e-73aa-4505-bc74-29d5bd1f16b0
308281,"""1592""","[""331""]","""25053""","[""56"", ""4681"", ""39"", ""4662"", ""3343"", ""3160"", ""682"", ""5618"", ""2503"", ""6"", ""12685"", ""13840"", ""529"", ""6407"", ""12115"", ""53"", ""11832"", ""54""]",2115f2e6-23d5-4f9a-9536-94e97a692ef8
308281,"""1592""","[""331""]","""25053""","[""56"", ""4681"", ""39"", ""4662"", ""3343"", ""3160"", ""682"", ""5618"", ""2503"", ""6"", ""12685"", ""13840"", ""529"", ""6407"", ""12115"", ""53"", ""11832"", ""54""]",2cc4be75-15f9-4aa6-8ae8-2ed94730e5be
308281,"""1592""","[""331""]","""25053""","[""56"", ""4681"", ""39"", ""4662"", ""3343"", ""3160"", ""682"", ""5618"", ""2503"", ""6"", ""12685"", ""13840"", ""529"", ""6407"", ""12115"", ""53"", ""11832"", ""54""]",57068c9c-d605-46ea-84de-5f2eef36db0c
308281,"""1592""","[""331""]","""25053""","[""56"", ""4681"", ""39"", ""4662"", ""3343"", ""3160"", ""682"", ""5618"", ""2503"", ""6"", ""12685"", ""13840"", ""529"", ""6407"", ""12115"", ""53"", ""11832"", ""54""]",4bd05783-676f-42ca-8e4a-2e414d8a1579
308281,"""1592""","[""331""]","""25053""","[""56"", ""4681"", ""39"", ""4662"", ""3343"", ""3160"", ""682"", ""5618"", ""2503"", ""6"", ""12685"", ""13840"", ""529"", ""6407"", ""12115"", ""53"", ""11832"", ""54""]",d1d4e44a-7742-4217-bcca-614261a45707
308281,"""1592""","[""331""]","""25053""","[""56"", ""4681"", ""39"", ""4662"", ""3343"", ""3160"", ""682"", ""5618"", ""2503"", ""6"", ""12685"", ""13840"", ""529"", ""6407"", ""12115"", ""53"", ""11832"", ""54""]",db985777-6523-40bd-97c9-41aaeca814a0
308281,"""1592""","[""331""]","""25053""","[""56"", ""4681"", ""39"", ""4662"", ""3343"", ""3160"", ""682"", ""5618"", ""2503"", ""6"", ""12685"", ""13840"", ""529"", ""6407"", ""12115"", ""53"", ""11832"", ""54""]",080292f9-8170-47f6-9b0f-2e8406a2b118
308281,"""1592""","[""331""]","""25053""","[""56"", ""4681"", ""39"", ""4662"", ""3343"", ""3160"", ""682"", ""5618"", ""2503"", ""6"", ""12685"", ""13840"", ""529"", ""6407"", ""12115"", ""53"", ""11832"", ""54""]",18632f9c-da9c-4c33-96db-7b2ed2cebfd9
308281,"""1592""","[""331""]","""25053""","[""56"", ""4681"", ""39"", ""4662"", ""3343"", ""3160"", ""682"", ""5618"", ""2503"", ""6"", ""12685"", ""13840"", ""529"", ""6407"", ""12115"", ""53"", ""11832"", ""54""]",554421e6-35be-4cf4-962c-f69fab5731bb
308281,"""1592""","[""331""]","""25053""","[""56"", ""4681"", ""39"", ""4662"", ""3343"", ""3160"", ""682"", ""5618"", ""2503"", ""6"", ""12685"", ""13840"", ""529"", ""6407"", ""12115"", ""53"", ""11832"", ""54""]",a9cb2c55-9caf-48ac-a62f-4a26bff3871e
308281,"""1592""","[""331""]","""25053""","[""56"", ""4681"", ""39"", ""4662"", ""3343"", ""3160"", ""682"", ""5618"", ""2503"", ""6"", ""12685"", ""13840"", ""529"", ""6407"", ""12115"", ""53"", ""11832"", ""54""]",affc346d-bc56-4228-8c65-9a86f0ecc1f6
121754,"""484""","[""78"", ""266"", ""261""]","""25015""",[],9b2d421e-c9e0-4427-aa01-d16094007cff
121754,"""484""","[""78"", ""266"", ""261""]","""25015""",[],e7f08a41-75a0-408b-a433-04cdd5984dbd
121754,"""484""","[""78"", ""266"", ""261""]","""25015""",[],cfb51ed6-6fc2-47ea-90dd-2abe8d223f23
121754,"""484""","[""78"", ""266"", ""261""]","""25015""",[],0ef8ba89-e679-4f58-a597-9b1c6fe1b3a0
121754,"""484""","[""78"", ""266"", ""261""]","""25015""",[],95d57536-8355-4b0a-9a41-4fe40c81322c
121754,"""484""","[""78"", ""266"", ""261""]","""25015""",[],a44d49b0-c2fb-4d8c-a32e-4267897351c3
121754,"""484""","[""78"", ""266"", ""261""]","""25015""",[],c5e47cb1-f3ec-468d-91ef-cbfd250b2716
121754,"""484""","[""78"", ""266"", ""261""]","""25015""",[],146d55d1-b849-419e-a417-0382f4b8f9f6
121754,"""484""","[""78"", ""266"", ""261""]","""25015""",[],471a190b-e67c-41b8-b789-257bc5a11782
121754,"""484""","[""78"", ""266"", ""261""]","""25015""",[],514612bf-0b54-4f8f-a9c5-172f9d014f52
121754,"""484""","[""78"", ""266"", ""261""]","""25015""",[],5e86ae0b-25c3-47db-ac32-45ff15c92486
121754,"""484""","[""78"", ""266"", ""261""]","""25015""",[],2898757d-0df0-4f98-983c-e96e1b8554a0
121754,"""484""","[""78"", ""266"", ""261""]","""25015""",[],7d17d877-0e9d-4633-b9a8-9762e07e081f
121754,"""484""","[""78"", ""266"", ""261""]","""25015""",[],876a2dbc-5e09-4336-ba0f-708a44788433
121754,"""484""","[""78"", ""266"", ""261""]","""25015""",[],927510f9-80d0-4faa-bdfe-b47b2eb386f4
121754,"""484""","[""78"", ""266"", ""261""]","""25015""",[],9b2d421e-c9e0-4427-aa01-d16094007cff
121754,"""484""","[""78"", ""266"", ""261""]","""25015""",[],9f38a4ba-94de-469c-987a-383254841c7b
121754,"""484""","[""78"", ""266"", ""261""]","""25015""",[],68116f5c-f37f-43cd-8d2c-c1001f0b93ff
121754,"""484""","[""78"", ""266"", ""261""]","""25015""",[],a8d69a63-f7b9-4915-b172-6ca7a0d5db41
121754,"""484""","[""78"", ""266"", ""261""]","""25015""",[],cdfcb8c8-cb2e-4298-a94d-c35e55770444
121754,"""484""","[""78"", ""266"", ""261""]","""25015""",[],d08b62aa-40e6-4f3b-b2c0-64620437c401
121754,"""484""","[""78"", ""266"", ""261""]","""25015""",[],dae3e3ab-7511-4632-a1c6-ed6f29b9321f
121754,"""484""","[""78"", ""266"", ""261""]","""25015""",[],e6c3f98b-16d6-4dd2-a0b0-bdf36ff12a3e
121754,"""484""","[""78"", ""266"", ""261""]","""25015""",[],a8d69a63-f7b9-4915-b172-6ca7a0d5db41
121754,"""484""","[""78"", ""266"", ""261""]","""25015""",[],146d55d1-b849-419e-a417-0382f4b8f9f6
121754,"""484""","[""78"", ""266"", ""261""]","""25015""",[],4311c2c0-71e9-4a53-a182-fb0fedf39c04
121754,"""484""","[""78"", ""266"", ""261""]","""25015""",[],5e86ae0b-25c3-47db-ac32-45ff15c92486
121754,"""484""","[""78"", ""266"", ""261""]","""25015""",[],764a12db-0fbd-40d3-b29f-52e3ef923433
121754,"""484""","[""78"", ""266"", ""261""]","""25015""",[],876a2dbc-5e09-4336-ba0f-708a44788433
121754,"""484""","[""78"", ""266"", ""261""]","""25015""",[],8c803c85-7365-4e26-9ba9-51793b650a65
121754,"""484""","[""78"", ""266"", ""261""]","""25015""",[],927510f9-80d0-4faa-bdfe-b47b2eb386f4
121754,"""484""","[""78"", ""266"", ""261""]","""25015""",[],989abf99-cac4-4bd8-a04c-6d9b495bf5cb
121754,"""484""","[""78"", ""266"", ""261""]","""25015""",[],b09fa6fc-86f7-4f3f-b244-8ccc6d49c86b
121754,"""484""","[""78"", ""266"", ""261""]","""25015""",[],d08b62aa-40e6-4f3b-b2c0-64620437c401
301658,"""1592""","[""331""]","""25053""","[""4662"", ""3343"", ""195"", ""680"", ""3160"", ""3527"", ""3526"", ""3569"", ""3525"", ""7"", ""3344"", ""1959"", ""75"", ""54""]",3ff7b03d-96c6-4364-b906-fcba0198b9f5
301658,"""1592""","[""331""]","""25053""","[""4662"", ""3343"", ""195"", ""680"", ""3160"", ""3527"", ""3526"", ""3569"", ""3525"", ""7"", ""3344"", ""1959"", ""75"", ""54""]",2115f2e6-23d5-4f9a-9536-94e97a692ef8
301658,"""1592""","[""331""]","""25053""","[""4662"", ""3343"", ""195"", ""680"", ""3160"", ""3527"", ""3526"", ""3569"", ""3525"", ""7"", ""3344"", ""1959"", ""75"", ""54""]",3d998dcd-2226-4b04-9c97-b39f7b6fe997
301658,"""1592""","[""331""]","""25053""","[""4662"", ""3343"", ""195"", ""680"", ""3160"", ""3527"", ""3526"", ""3569"", ""3525"", ""7"", ""3344"", ""1959"", ""75"", ""54""]",0159369c-d747-4ac2-a6c2-9065c3330d2a
301658,"""1592""","[""331""]","""25053""","[""4662"", ""3343"", ""195"", ""680"", ""3160"", ""3527"", ""3526"", ""3569"", ""3525"", ""7"", ""3344"", ""1959"", ""75"", ""54""]",50f197ac-d858-44d4-aa3c-d2bbfb3e286b
301658,"""1592""","[""331""]","""25053""","[""4662"", ""3343"", ""195"", ""680"", ""3160"", ""3527"", ""3526"", ""3569"", ""3525"", ""7"", ""3344"", ""1959"", ""75"", ""54""]",5688e9e5-4963-40f8-9bb6-0448ef07b245
301658,"""1592""","[""331""]","""25053""","[""4662"", ""3343"", ""195"", ""680"", ""3160"", ""3527"", ""3526"", ""3569"", ""3525"", ""7"", ""3344"", ""1959"", ""75"", ""54""]",465c8da8-ea0e-47c6-9377-3396834d4bc6
301658,"""1592""","[""331""]","""25053""","[""4662"", ""3343"", ""195"", ""680"", ""3160"", ""3527"", ""3526"", ""3569"", ""3525"", ""7"", ""3344"", ""1959"", ""75"", ""54""]",6a4296db-0931-42a0-93a1-774b1c7a5f93
301658,"""1592""","[""331""]","""25053""","[""4662"", ""3343"", ""195"", ""680"", ""3160"", ""3527"", ""3526"", ""3569"", ""3525"", ""7"", ""3344"", ""1959"", ""75"", ""54""]",72099228-1fb5-4fbf-ac30-4dd906b26186
301658,"""1592""","[""331""]","""25053""","[""4662"", ""3343"", ""195"", ""680"", ""3160"", ""3527"", ""3526"", ""3569"", ""3525"", ""7"", ""3344"", ""1959"", ""75"", ""54""]",871405ac-1681-4fe3-ad84-3dbd306c2693
301658,"""1592""","[""331""]","""25053""","[""4662"", ""3343"", ""195"", ""680"", ""3160"", ""3527"", ""3526"", ""3569"", ""3525"", ""7"", ""3344"", ""1959"", ""75"", ""54""]",e026c0b9-034c-475a-bba5-cd3290eef9ee
301658,"""1592""","[""331""]","""25053""","[""4662"", ""3343"", ""195"", ""680"", ""3160"", ""3527"", ""3526"", ""3569"", ""3525"", ""7"", ""3344"", ""1959"", ""75"", ""54""]",8c42352c-d0fa-47bc-a04e-4b73f58ae0ec
301658,"""1592""","[""331""]","""25053""","[""4662"", ""3343"", ""195"", ""680"", ""3160"", ""3527"", ""3526"", ""3569"", ""3525"", ""7"", ""3344"", ""1959"", ""75"", ""54""]",75e1b380-48f0-4622-9fdc-9d17ac059759
301658,"""1592""","[""331""]","""25053""","[""4662"", ""3343"", ""195"", ""680"", ""3160"", ""3527"", ""3526"", ""3569"", ""3525"", ""7"", ""3344"", ""1959"", ""75"", ""54""]",0abf7b87-8400-4a7a-9ed6-a12e1a46e92b
301658,"""1592""","[""331""]","""25053""","[""4662"", ""3343"", ""195"", ""680"", ""3160"", ""3527"", ""3526"", ""3569"", ""3525"", ""7"", ""3344"", ""1959"", ""75"", ""54""]",a70672d0-0232-43bd-8e0b-bbe69b908125
301658,"""1592""","[""331""]","""25053""","[""4662"", ""3343"", ""195"", ""680"", ""3160"", ""3527"", ""3526"", ""3569"", ""3525"", ""7"", ""3344"", ""1959"", ""75"", ""54""]",db985777-6523-40bd-97c9-41aaeca814a0
301658,"""1592""","[""331""]","""25053""","[""4662"", ""3343"", ""195"", ""680"", ""3160"", ""3527"", ""3526"", ""3569"", ""3525"", ""7"", ""3344"", ""1959"", ""75"", ""54""]",c16314f6-89d6-431c-baca-3c0da68815d5
301658,"""1592""","[""331""]","""25053""","[""4662"", ""3343"", ""195"", ""680"", ""3160"", ""3527"", ""3526"", ""3569"", ""3525"", ""7"", ""3344"", ""1959"", ""75"", ""54""]",dfcf2eb6-f8dc-4ebc-91b8-db0d1025cd51
301658,"""1592""","[""331""]","""25053""","[""4662"", ""3343"", ""195"", ""680"", ""3160"", ""3527"", ""3526"", ""3569"", ""3525"", ""7"", ""3344"", ""1959"", ""75"", ""54""]",cd457ed4-f843-4c09-b3a8-a5e7d4da63da
301658,"""1592""","[""331""]","""25053""","[""4662"", ""3343"", ""195"", ""680"", ""3160"", ""3527"", ""3526"", ""3569"", ""3525"", ""7"", ""3344"", ""1959"", ""75"", ""54""]",087cec1e-73aa-4505-bc74-29d5bd1f16b0
301658,"""1592""","[""331""]","""25053""","[""4662"", ""3343"", ""195"", ""680"", ""3160"", ""3527"", ""3526"", ""3569"", ""3525"", ""7"", ""3344"", ""1959"", ""75"", ""54""]",3ff7b03d-96c6-4364-b906-fcba0198b9f5
301658,"""1592""","[""331""]","""25053""","[""4662"", ""3343"", ""195"", ""680"", ""3160"", ""3527"", ""3526"", ""3569"", ""3525"", ""7"", ""3344"", ""1959"", ""75"", ""54""]",d119a992-3498-4514-89bf-3307232f3d80
301658,"""1592""","[""331""]","""25053""","[""4662"", ""3343"", ""195"", ""680"", ""3160"", ""3527"", ""3526"", ""3569"", ""3525"", ""7"", ""3344"", ""1959"", ""75"", ""54""]",6a4296db-0931-42a0-93a1-774b1c7a5f93
301658,"""1592""","[""331""]","""25053""","[""4662"", ""3343"", ""195"", ""680"", ""3160"", ""3527"", ""3526"", ""3569"", ""3525"", ""7"", ""3344"", ""1959"", ""75"", ""54""]",70254e14-2608-405d-9f87-cb92f8a3dcfe
301658,"""1592""","[""331""]","""25053""","[""4662"", ""3343"", ""195"", ""680"", ""3160"", ""3527"", ""3526"", ""3569"", ""3525"", ""7"", ""3344"", ""1959"", ""75"", ""54""]",8c42352c-d0fa-47bc-a04e-4b73f58ae0ec
301658,"""1592""","[""331""]","""25053""","[""4662"", ""3343"", ""195"", ""680"", ""3160"", ""3527"", ""3526"", ""3569"", ""3525"", ""7"", ""3344"", ""1959"", ""75"", ""54""]",eba86dce-0da2-4b2c-8939-aedc23504dd5
301658,"""1592""","[""331""]","""25053""","[""4662"", ""3343"", ""195"", ""680"", ""3160"", ""3527"", ""3526"", ""3569"", ""3525"", ""7"", ""3344"", ""1959"", ""75"", ""54""]",06d0e3c6-7dfa-4460-bec9-c0d0e6f29956
301658,"""1592""","[""331""]","""25053""","[""4662"", ""3343"", ""195"", ""680"", ""3160"", ""3527"", ""3526"", ""3569"", ""3525"", ""7"", ""3344"", ""1959"", ""75"", ""54""]",8c42352c-d0fa-47bc-a04e-4b73f58ae0ec
301658,"""1592""","[""331""]","""25053""","[""4662"", ""3343"", ""195"", ""680"", ""3160"", ""3527"", ""3526"", ""3569"", ""3525"", ""7"", ""3344"", ""1959"", ""75"", ""54""]",06d0e3c6-7dfa-4460-bec9-c0d0e6f29956
301658,"""1592""","[""331""]","""25053""","[""4662"", ""3343"", ""195"", ""680"", ""3160"", ""3527"", ""3526"", ""3569"", ""3525"", ""7"", ""3344"", ""1959"", ""75"", ""54""]",8c42352c-d0fa-47bc-a04e-4b73f58ae0ec
301658,"""1592""","[""331""]","""25053""","[""4662"", ""3343"", ""195"", ""680"", ""3160"", ""3527"", ""3526"", ""3569"", ""3525"", ""7"", ""3344"", ""1959"", ""75"", ""54""]",70254e14-2608-405d-9f87-cb92f8a3dcfe
301658,"""1592""","[""331""]","""25053""","[""4662"", ""3343"", ""195"", ""680"", ""3160"", ""3527"", ""3526"", ""3569"", ""3525"", ""7"", ""3344"", ""1959"", ""75"", ""54""]",7a221361-b2c2-40d5-a978-9861a713a307
301658,"""1592""","[""331""]","""25053""","[""4662"", ""3343"", ""195"", ""680"", ""3160"", ""3527"", ""3526"", ""3569"", ""3525"", ""7"", ""3344"", ""1959"", ""75"", ""54""]",c207fee3-c997-4462-86bf-3f179df81580
301658,"""1592""","[""331""]","""25053""","[""4662"", ""3343"", ""195"", ""680"", ""3160"", ""3527"", ""3526"", ""3569"", ""3525"", ""7"", ""3344"", ""1959"", ""75"", ""54""]",3ff7b03d-96c6-4364-b906-fcba0198b9f5
301658,"""1592""","[""331""]","""25053""","[""4662"", ""3343"", ""195"", ""680"", ""3160"", ""3527"", ""3526"", ""3569"", ""3525"", ""7"", ""3344"", ""1959"", ""75"", ""54""]",bb85aaa5-0b02-44f8-9117-73a2c94dfef5
301658,"""1592""","[""331""]","""25053""","[""4662"", ""3343"", ""195"", ""680"", ""3160"", ""3527"", ""3526"", ""3569"", ""3525"", ""7"", ""3344"", ""1959"", ""75"", ""54""]",d02b045a-1844-475c-8c61-ad3d08217704
301658,"""1592""","[""331""]","""25053""","[""4662"", ""3343"", ""195"", ""680"", ""3160"", ""3527"", ""3526"", ""3569"", ""3525"", ""7"", ""3344"", ""1959"", ""75"", ""54""]",c16314f6-89d6-431c-baca-3c0da68815d5
301658,"""1592""","[""331""]","""25053""","[""4662"", ""3343"", ""195"", ""680"", ""3160"", ""3527"", ""3526"", ""3569"", ""3525"", ""7"", ""3344"", ""1959"", ""75"", ""54""]",dfcf2eb6-f8dc-4ebc-91b8-db0d1025cd51
301658,"""1592""","[""331""]","""25053""","[""4662"", ""3343"", ""195"", ""680"", ""3160"", ""3527"", ""3526"", ""3569"", ""3525"", ""7"", ""3344"", ""1959"", ""75"", ""54""]",3d998dcd-2226-4b04-9c97-b39f7b6fe997
301658,"""1592""","[""331""]","""25053""","[""4662"", ""3343"", ""195"", ""680"", ""3160"", ""3527"", ""3526"", ""3569"", ""3525"", ""7"", ""3344"", ""1959"", ""75"", ""54""]",c350541b-885d-4cf5-8242-d016bff267de
301658,"""1592""","[""331""]","""25053""","[""4662"", ""3343"", ""195"", ""680"", ""3160"", ""3527"", ""3526"", ""3569"", ""3525"", ""7"", ""3344"", ""1959"", ""75"", ""54""]",2b1ca4a1-2b90-4e1c-bb9f-fcd20134d262
301658,"""1592""","[""331""]","""25053""","[""4662"", ""3343"", ""195"", ""680"", ""3160"", ""3527"", ""3526"", ""3569"", ""3525"", ""7"", ""3344"", ""1959"", ""75"", ""54""]",3d73aa88-810e-43b8-ae5b-1637fa1eb0dd
301658,"""1592""","[""331""]","""25053""","[""4662"", ""3343"", ""195"", ""680"", ""3160"", ""3527"", ""3526"", ""3569"", ""3525"", ""7"", ""3344"", ""1959"", ""75"", ""54""]",a10a0d3b-ed0b-4494-b746-9c682d694ef6
301658,"""1592""","[""331""]","""25053""","[""4662"", ""3343"", ""195"", ""680"", ""3160"", ""3527"", ""3526"", ""3569"", ""3525"", ""7"", ""3344"", ""1959"", ""75"", ""54""]",026ddf21-3246-4b22-83b0-d0e8d3ae10ef
142610,"""834""","[""171""]","""25021""","[""1"", ""486"", ""3"", ""4"", ""5"", ""54""]",a44d49b0-c2fb-4d8c-a32e-4267897351c3
142610,"""834""","[""171""]","""25021""","[""1"", ""486"", ""3"", ""4"", ""5"", ""54""]",f5886c7d-d4b0-4f79-9622-0450bb358aa5
142610,"""834""","[""171""]","""25021""","[""1"", ""486"", ""3"", ""4"", ""5"", ""54""]",6d3e2db1-b7ea-4fb1-986b-d2f6e39b2f3a
142610,"""834""","[""171""]","""25021""","[""1"", ""486"", ""3"", ""4"", ""5"", ""54""]",f5886c7d-d4b0-4f79-9622-0450bb358aa5
142610,"""834""","[""171""]","""25021""","[""1"", ""486"", ""3"", ""4"", ""5"", ""54""]",f5886c7d-d4b0-4f79-9622-0450bb358aa5
142610,"""834""","[""171""]","""25021""","[""1"", ""486"", ""3"", ""4"", ""5"", ""54""]",7e7ae268-7ccf-46ce-b1f8-37e1894b4a7a
142610,"""834""","[""171""]","""25021""","[""1"", ""486"", ""3"", ""4"", ""5"", ""54""]",c84f15c0-312d-44d8-980a-a90e8782871b
142610,"""834""","[""171""]","""25021""","[""1"", ""486"", ""3"", ""4"", ""5"", ""54""]",7110b148-ff8f-4790-8cd6-a32b6fe83aa8
142610,"""834""","[""171""]","""25021""","[""1"", ""486"", ""3"", ""4"", ""5"", ""54""]",a8047d6e-7f19-4e3d-845c-e98ebdcd5961
142610,"""834""","[""171""]","""25021""","[""1"", ""486"", ""3"", ""4"", ""5"", ""54""]",e2ef075e-25b3-4fc4-94c4-a1b786d37473
142610,"""834""","[""171""]","""25021""","[""1"", ""486"", ""3"", ""4"", ""5"", ""54""]",95a308f0-23f5-4f7f-9d82-c59c59d21cbc
142610,"""834""","[""171""]","""25021""","[""1"", ""486"", ""3"", ""4"", ""5"", ""54""]",0db3275d-e956-4181-9a60-a4b7ac3b9e35
142610,"""834""","[""171""]","""25021""","[""1"", ""486"", ""3"", ""4"", ""5"", ""54""]",a8047d6e-7f19-4e3d-845c-e98ebdcd5961
142610,"""834""","[""171""]","""25021""","[""1"", ""486"", ""3"", ""4"", ""5"", ""54""]",e2ef075e-25b3-4fc4-94c4-a1b786d37473
142610,"""834""","[""171""]","""25021""","[""1"", ""486"", ""3"", ""4"", ""5"", ""54""]",14ed7a3c-0280-42e1-9644-9f43edd54c78
142610,"""834""","[""171""]","""25021""","[""1"", ""486"", ""3"", ""4"", ""5"", ""54""]",c84f15c0-312d-44d8-980a-a90e8782871b
142610,"""834""","[""171""]","""25021""","[""1"", ""486"", ""3"", ""4"", ""5"", ""54""]",8950006c-5c49-4a71-ab43-edeb67c3d36a
142610,"""834""","[""171""]","""25021""","[""1"", ""486"", ""3"", ""4"", ""5"", ""54""]",8c0b97a5-b85d-478c-8b5b-dddb0b74b295
142610,"""834""","[""171""]","""25021""","[""1"", ""486"", ""3"", ""4"", ""5"", ""54""]",46c95f94-f31c-4e01-8437-de6734acea47
142610,"""834""","[""171""]","""25021""","[""1"", ""486"", ""3"", ""4"", ""5"", ""54""]",278d3889-23e4-4806-abbc-623e54dcf718
142610,"""834""","[""171""]","""25021""","[""1"", ""486"", ""3"", ""4"", ""5"", ""54""]",f5886c7d-d4b0-4f79-9622-0450bb358aa5
142610,"""834""","[""171""]","""25021""","[""1"", ""486"", ""3"", ""4"", ""5"", ""54""]",24518dd2-da26-4816-80f1-00860d971973
142610,"""834""","[""171""]","""25021""","[""1"", ""486"", ""3"", ""4"", ""5"", ""54""]",a154f818-b58c-4d82-a9cf-988eedb683ba
142610,"""834""","[""171""]","""25021""","[""1"", ""486"", ""3"", ""4"", ""5"", ""54""]",1578c98e-bf33-4c47-8b98-df8adec7c661
142610,"""834""","[""171""]","""25021""","[""1"", ""486"", ""3"", ""4"", ""5"", ""54""]",26204057-f21e-4308-a762-7f9bef66761d
142610,"""834""","[""171""]","""25021""","[""1"", ""486"", ""3"", ""4"", ""5"", ""54""]",320e8ba0-d64b-4952-ba9e-704e3952fb27
142610,"""834""","[""171""]","""25021""","[""1"", ""486"", ""3"", ""4"", ""5"", ""54""]",ba2843df-ba86-4a53-8010-635362f8d976
142610,"""834""","[""171""]","""25021""","[""1"", ""486"", ""3"", ""4"", ""5"", ""54""]",95a308f0-23f5-4f7f-9d82-c59c59d21cbc
142610,"""834""","[""171""]","""25021""","[""1"", ""486"", ""3"", ""4"", ""5"", ""54""]",320e8ba0-d64b-4952-ba9e-704e3952fb27
142610,"""834""","[""171""]","""25021""","[""1"", ""486"", ""3"", ""4"", ""5"", ""54""]",f5886c7d-d4b0-4f79-9622-0450bb358aa5
142610,"""834""","[""171""]","""25021""","[""1"", ""486"", ""3"", ""4"", ""5"", ""54""]",85086afc-7165-4425-bd55-550749300772
142610,"""834""","[""171""]","""25021""","[""1"", ""486"", ""3"", ""4"", ""5"", ""54""]",31bd741f-c772-419b-bbee-e38879d09316
142610,"""834""","[""171""]","""25021""","[""1"", ""486"", ""3"", ""4"", ""5"", ""54""]",b310bcb8-9d56-4a5f-a50c-884e28ea7268
142610,"""834""","[""171""]","""25021""","[""1"", ""486"", ""3"", ""4"", ""5"", ""54""]",46faa5d7-bbc0-4d44-82de-a3d5e019de85
142610,"""834""","[""171""]","""25021""","[""1"", ""486"", ""3"", ""4"", ""5"", ""54""]",2a5b03cc-4c9a-4112-b312-c00fe01b17e9
142610,"""834""","[""171""]","""25021""","[""1"", ""486"", ""3"", ""4"", ""5"", ""54""]",969e3a70-f1bf-456a-a2e4-6812a6be2dde
142610,"""834""","[""171""]","""25021""","[""1"", ""486"", ""3"", ""4"", ""5"", ""54""]",752f7c89-a61d-4e1c-852b-b91912cc5a5b
142610,"""834""","[""171""]","""25021""","[""1"", ""486"", ""3"", ""4"", ""5"", ""54""]",af26995b-147b-4b58-9b8a-2afd68cbce74
142610,"""834""","[""171""]","""25021""","[""1"", ""486"", ""3"", ""4"", ""5"", ""54""]",217753d1-dd1e-48c9-943d-e1045c29d2c0
142610,"""834""","[""171""]","""25021""","[""1"", ""486"", ""3"", ""4"", ""5"", ""54""]",271b6447-9e5b-4fd9-a1e6-49680c5d7bba
142610,"""834""","[""171""]","""25021""","[""1"", ""486"", ""3"", ""4"", ""5"", ""54""]",87ab40b4-4390-4ea7-b06c-2f95c92f36d2
142610,"""834""","[""171""]","""25021""","[""1"", ""486"", ""3"", ""4"", ""5"", ""54""]",dbee6910-9c52-4afe-9dc4-0231a88b5966
142610,"""834""","[""171""]","""25021""","[""1"", ""486"", ""3"", ""4"", ""5"", ""54""]",f5886c7d-d4b0-4f79-9622-0450bb358aa5
142610,"""834""","[""171""]","""25021""","[""1"", ""486"", ""3"", ""4"", ""5"", ""54""]",36bedf72-1645-4da0-ae3d-5dbc08b28142
142610,"""834""","[""171""]","""25021""","[""1"", ""486"", ""3"", ""4"", ""5"", ""54""]",73b70c8b-ca2f-4c71-b412-3997fd1f1484
142610,"""834""","[""171""]","""25021""","[""1"", ""486"", ""3"", ""4"", ""5"", ""54""]",9ec5e499-01a1-4adf-bfc3-f2de07fb6b92
142610,"""834""","[""171""]","""25021""","[""1"", ""486"", ""3"", ""4"", ""5"", ""54""]",a75f18ef-d364-4c5d-9d0b-33abe928c2df
142610,"""834""","[""171""]","""25021""","[""1"", ""486"", ""3"", ""4"", ""5"", ""54""]",24518dd2-da26-4816-80f1-00860d971973
142610,"""834""","[""171""]","""25021""","[""1"", ""486"", ""3"", ""4"", ""5"", ""54""]",7cc00e37-dfc6-4dcf-b64f-26fb0469b2d4
142610,"""834""","[""171""]","""25021""","[""1"", ""486"", ""3"", ""4"", ""5"", ""54""]",320e8ba0-d64b-4952-ba9e-704e3952fb27
142610,"""834""","[""171""]","""25021""","[""1"", ""486"", ""3"", ""4"", ""5"", ""54""]",752f7c89-a61d-4e1c-852b-b91912cc5a5b
142610,"""834""","[""171""]","""25021""","[""1"", ""486"", ""3"", ""4"", ""5"", ""54""]",a8047d6e-7f19-4e3d-845c-e98ebdcd5961
142610,"""834""","[""171""]","""25021""","[""1"", ""486"", ""3"", ""4"", ""5"", ""54""]",aef1be22-b706-46b1-a04b-696ff684e27c
142610,"""834""","[""171""]","""25021""","[""1"", ""486"", ""3"", ""4"", ""5"", ""54""]",85086afc-7165-4425-bd55-550749300772
142610,"""834""","[""171""]","""25021""","[""1"", ""486"", ""3"", ""4"", ""5"", ""54""]",f5886c7d-d4b0-4f79-9622-0450bb358aa5
142610,"""834""","[""171""]","""25021""","[""1"", ""486"", ""3"", ""4"", ""5"", ""54""]",6cb35530-4690-47b9-8b04-2b80876fbb9d
142610,"""834""","[""171""]","""25021""","[""1"", ""486"", ""3"", ""4"", ""5"", ""54""]",87ab40b4-4390-4ea7-b06c-2f95c92f36d2
142610,"""834""","[""171""]","""25021""","[""1"", ""486"", ""3"", ""4"", ""5"", ""54""]",46c95f94-f31c-4e01-8437-de6734acea47
142610,"""834""","[""171""]","""25021""","[""1"", ""486"", ""3"", ""4"", ""5"", ""54""]",55cb3788-69df-4434-bc51-0de836790345
142610,"""834""","[""171""]","""25021""","[""1"", ""486"", ""3"", ""4"", ""5"", ""54""]",24518dd2-da26-4816-80f1-00860d971973
142610,"""834""","[""171""]","""25021""","[""1"", ""486"", ""3"", ""4"", ""5"", ""54""]",3906e5ea-20c3-40e2-baca-86c086e73494
142610,"""834""","[""171""]","""25021""","[""1"", ""486"", ""3"", ""4"", ""5"", ""54""]",a8047d6e-7f19-4e3d-845c-e98ebdcd5961
142610,"""834""","[""171""]","""25021""","[""1"", ""486"", ""3"", ""4"", ""5"", ""54""]",a4d39eaf-60a7-438c-803a-61cf5296f3c3
142610,"""834""","[""171""]","""25021""","[""1"", ""486"", ""3"", ""4"", ""5"", ""54""]",01acdb2d-f8b5-4c0b-a9e1-e90beee3e5c7
142610,"""834""","[""171""]","""25021""","[""1"", ""486"", ""3"", ""4"", ""5"", ""54""]",c6add4bc-fb27-499a-96d0-607ae404ed29
142610,"""834""","[""171""]","""25021""","[""1"", ""486"", ""3"", ""4"", ""5"", ""54""]",3af6f4aa-8077-49db-8175-86a34f269b91
142610,"""834""","[""171""]","""25021""","[""1"", ""486"", ""3"", ""4"", ""5"", ""54""]",24518dd2-da26-4816-80f1-00860d971973
142610,"""834""","[""171""]","""25021""","[""1"", ""486"", ""3"", ""4"", ""5"", ""54""]",3af6f4aa-8077-49db-8175-86a34f269b91
142610,"""834""","[""171""]","""25021""","[""1"", ""486"", ""3"", ""4"", ""5"", ""54""]",2ecad407-ccd2-4c28-899f-678cabffcff7
142610,"""834""","[""171""]","""25021""","[""1"", ""486"", ""3"", ""4"", ""5"", ""54""]",f5886c7d-d4b0-4f79-9622-0450bb358aa5
142610,"""834""","[""171""]","""25021""","[""1"", ""486"", ""3"", ""4"", ""5"", ""54""]",b788e8b0-96ab-4a49-981d-abe7fe3911ac
142610,"""834""","[""171""]","""25021""","[""1"", ""486"", ""3"", ""4"", ""5"", ""54""]",78d63b26-e3d0-4b6d-a93c-dc0f54a105db
142610,"""834""","[""171""]","""25021""","[""1"", ""486"", ""3"", ""4"", ""5"", ""54""]",af949b15-7a22-40bd-a995-6112d53b8a9a
142610,"""834""","[""171""]","""25021""","[""1"", ""486"", ""3"", ""4"", ""5"", ""54""]",27609e43-1c88-4527-9966-b8af2fbb8cf5
142610,"""834""","[""171""]","""25021""","[""1"", ""486"", ""3"", ""4"", ""5"", ""54""]",fafa85d7-3911-4a73-bd57-000d5c3898da
142610,"""834""","[""171""]","""25021""","[""1"", ""486"", ""3"", ""4"", ""5"", ""54""]",1457a349-e8b3-4789-9c6a-81bf470f265c
142610,"""834""","[""171""]","""25021""","[""1"", ""486"", ""3"", ""4"", ""5"", ""54""]",514612bf-0b54-4f8f-a9c5-172f9d014f52
142610,"""834""","[""171""]","""25021""","[""1"", ""486"", ""3"", ""4"", ""5"", ""54""]",514612bf-0b54-4f8f-a9c5-172f9d014f52
142610,"""834""","[""171""]","""25021""","[""1"", ""486"", ""3"", ""4"", ""5"", ""54""]",a4d39eaf-60a7-438c-803a-61cf5296f3c3
142610,"""834""","[""171""]","""25021""","[""1"", ""486"", ""3"", ""4"", ""5"", ""54""]",320e8ba0-d64b-4952-ba9e-704e3952fb27
142610,"""834""","[""171""]","""25021""","[""1"", ""486"", ""3"", ""4"", ""5"", ""54""]",c9739723-4cc7-42f9-9449-f86886131334
142610,"""834""","[""171""]","""25021""","[""1"", ""486"", ""3"", ""4"", ""5"", ""54""]",46c95f94-f31c-4e01-8437-de6734acea47
142610,"""834""","[""171""]","""25021""","[""1"", ""486"", ""3"", ""4"", ""5"", ""54""]",85086afc-7165-4425-bd55-550749300772
142610,"""834""","[""171""]","""25021""","[""1"", ""486"", ""3"", ""4"", ""5"", ""54""]",d8e20124-7635-4bed-b84a-2b37d2e89b06
142610,"""834""","[""171""]","""25021""","[""1"", ""486"", ""3"", ""4"", ""5"", ""54""]",514612bf-0b54-4f8f-a9c5-172f9d014f52
142610,"""834""","[""171""]","""25021""","[""1"", ""486"", ""3"", ""4"", ""5"", ""54""]",a8047d6e-7f19-4e3d-845c-e98ebdcd5961
142610,"""834""","[""171""]","""25021""","[""1"", ""486"", ""3"", ""4"", ""5"", ""54""]",24518dd2-da26-4816-80f1-00860d971973
142610,"""834""","[""171""]","""25021""","[""1"", ""486"", ""3"", ""4"", ""5"", ""54""]",e9bb4d36-c5c1-4091-a77d-0fb5b795fab7
142610,"""834""","[""171""]","""25021""","[""1"", ""486"", ""3"", ""4"", ""5"", ""54""]",24518dd2-da26-4816-80f1-00860d971973
142610,"""834""","[""171""]","""25021""","[""1"", ""486"", ""3"", ""4"", ""5"", ""54""]",f78a5bec-a4fd-49a9-ac66-891959eab61f
142610,"""834""","[""171""]","""25021""","[""1"", ""486"", ""3"", ""4"", ""5"", ""54""]",85086afc-7165-4425-bd55-550749300772
142610,"""834""","[""171""]","""25021""","[""1"", ""486"", ""3"", ""4"", ""5"", ""54""]",3af6f4aa-8077-49db-8175-86a34f269b91
142610,"""834""","[""171""]","""25021""","[""1"", ""486"", ""3"", ""4"", ""5"", ""54""]",752f7c89-a61d-4e1c-852b-b91912cc5a5b
142610,"""834""","[""171""]","""25021""","[""1"", ""486"", ""3"", ""4"", ""5"", ""54""]",26204057-f21e-4308-a762-7f9bef66761d
142610,"""834""","[""171""]","""25021""","[""1"", ""486"", ""3"", ""4"", ""5"", ""54""]",3af6f4aa-8077-49db-8175-86a34f269b91
142610,"""834""","[""171""]","""25021""","[""1"", ""486"", ""3"", ""4"", ""5"", ""54""]",6a23ab18-0715-4882-ad13-69711c1cec9f
142610,"""834""","[""171""]","""25021""","[""1"", ""486"", ""3"", ""4"", ""5"", ""54""]",e928358b-b386-41c7-ab04-d23083a6196b
142610,"""834""","[""171""]","""25021""","[""1"", ""486"", ""3"", ""4"", ""5"", ""54""]",e2ef075e-25b3-4fc4-94c4-a1b786d37473
142610,"""834""","[""171""]","""25021""","[""1"", ""486"", ""3"", ""4"", ""5"", ""54""]",217753d1-dd1e-48c9-943d-e1045c29d2c0
142610,"""834""","[""171""]","""25021""","[""1"", ""486"", ""3"", ""4"", ""5"", ""54""]",e2ef075e-25b3-4fc4-94c4-a1b786d37473
142610,"""834""","[""171""]","""25021""","[""1"", ""486"", ""3"", ""4"", ""5"", ""54""]",f5886c7d-d4b0-4f79-9622-0450bb358aa5
142610,"""834""","[""171""]","""25021""","[""1"", ""486"", ""3"", ""4"", ""5"", ""54""]",46c95f94-f31c-4e01-8437-de6734acea47
142610,"""834""","[""171""]","""25021""","[""1"", ""486"", ""3"", ""4"", ""5"", ""54""]",24518dd2-da26-4816-80f1-00860d971973
142610,"""834""","[""171""]","""25021""","[""1"", ""486"", ""3"", ""4"", ""5"", ""54""]",fbb3ad2b-d0b1-4fca-840c-f6634c9f890c
142610,"""834""","[""171""]","""25021""","[""1"", ""486"", ""3"", ""4"", ""5"", ""54""]",e2ef075e-25b3-4fc4-94c4-a1b786d37473
142610,"""834""","[""171""]","""25021""","[""1"", ""486"", ""3"", ""4"", ""5"", ""54""]",87ab40b4-4390-4ea7-b06c-2f95c92f36d2
142610,"""834""","[""171""]","""25021""","[""1"", ""486"", ""3"", ""4"", ""5"", ""54""]",95a308f0-23f5-4f7f-9d82-c59c59d21cbc
142610,"""834""","[""171""]","""25021""","[""1"", ""486"", ""3"", ""4"", ""5"", ""54""]",a8047d6e-7f19-4e3d-845c-e98ebdcd5961
142610,"""834""","[""171""]","""25021""","[""1"", ""486"", ""3"", ""4"", ""5"", ""54""]",320e8ba0-d64b-4952-ba9e-704e3952fb27
142610,"""834""","[""171""]","""25021""","[""1"", ""486"", ""3"", ""4"", ""5"", ""54""]",217753d1-dd1e-48c9-943d-e1045c29d2c0
142610,"""834""","[""171""]","""25021""","[""1"", ""486"", ""3"", ""4"", ""5"", ""54""]",a44d49b0-c2fb-4d8c-a32e-4267897351c3
142610,"""834""","[""171""]","""25021""","[""1"", ""486"", ""3"", ""4"", ""5"", ""54""]",c8172c3a-1f7b-422e-931e-4b00e3913079
142610,"""834""","[""171""]","""25021""","[""1"", ""486"", ""3"", ""4"", ""5"", ""54""]",24518dd2-da26-4816-80f1-00860d971973
142610,"""834""","[""171""]","""25021""","[""1"", ""486"", ""3"", ""4"", ""5"", ""54""]",4b42a330-f8bc-479f-9dab-67d94c46e554
142610,"""834""","[""171""]","""25021""","[""1"", ""486"", ""3"", ""4"", ""5"", ""54""]",87ab40b4-4390-4ea7-b06c-2f95c92f36d2
142610,"""834""","[""171""]","""25021""","[""1"", ""486"", ""3"", ""4"", ""5"", ""54""]",3af6f4aa-8077-49db-8175-86a34f269b91
142610,"""834""","[""171""]","""25021""","[""1"", ""486"", ""3"", ""4"", ""5"", ""54""]",24b1d3c6-98ee-4072-8c03-231698076dc5
142610,"""834""","[""171""]","""25021""","[""1"", ""486"", ""3"", ""4"", ""5"", ""54""]",af526bed-af3a-40cb-92d5-9cd19540c7a3
142610,"""834""","[""171""]","""25021""","[""1"", ""486"", ""3"", ""4"", ""5"", ""54""]",a4d39eaf-60a7-438c-803a-61cf5296f3c3
142610,"""834""","[""171""]","""25021""","[""1"", ""486"", ""3"", ""4"", ""5"", ""54""]",e1074974-6c91-4f05-be2a-68e5af0f658f
142610,"""834""","[""171""]","""25021""","[""1"", ""486"", ""3"", ""4"", ""5"", ""54""]",6a23ab18-0715-4882-ad13-69711c1cec9f
142610,"""834""","[""171""]","""25021""","[""1"", ""486"", ""3"", ""4"", ""5"", ""54""]",217753d1-dd1e-48c9-943d-e1045c29d2c0
142610,"""834""","[""171""]","""25021""","[""1"", ""486"", ""3"", ""4"", ""5"", ""54""]",95a308f0-23f5-4f7f-9d82-c59c59d21cbc
142610,"""834""","[""171""]","""25021""","[""1"", ""486"", ""3"", ""4"", ""5"", ""54""]",3af6f4aa-8077-49db-8175-86a34f269b91
142610,"""834""","[""171""]","""25021""","[""1"", ""486"", ""3"", ""4"", ""5"", ""54""]",d882d781-6a0a-4fcf-8e42-437e369d6dfc
142610,"""834""","[""171""]","""25021""","[""1"", ""486"", ""3"", ""4"", ""5"", ""54""]",320e8ba0-d64b-4952-ba9e-704e3952fb27
142610,"""834""","[""171""]","""25021""","[""1"", ""486"", ""3"", ""4"", ""5"", ""54""]",3af6f4aa-8077-49db-8175-86a34f269b91
142610,"""834""","[""171""]","""25021""","[""1"", ""486"", ""3"", ""4"", ""5"", ""54""]",3af6f4aa-8077-49db-8175-86a34f269b91
301658,"""1592""","[""331""]","""25053""","[""4662"", ""3343"", ""195"", ""680"", ""3160"", ""3527"", ""3526"", ""3569"", ""3525"", ""7"", ""3344"", ""1959"", ""75"", ""54""]",6a4296db-0931-42a0-93a1-774b1c7a5f93
301658,"""1592""","[""331""]","""25053""","[""4662"", ""3343"", ""195"", ""680"", ""3160"", ""3527"", ""3526"", ""3569"", ""3525"", ""7"", ""3344"", ""1959"", ""75"", ""54""]",fbdf28b0-8f55-49a6-a41a-49c82192e0f6
301658,"""1592""","[""331""]","""25053""","[""4662"", ""3343"", ""195"", ""680"", ""3160"", ""3527"", ""3526"", ""3569"", ""3525"", ""7"", ""3344"", ""1959"", ""75"", ""54""]",8c42352c-d0fa-47bc-a04e-4b73f58ae0ec
301658,"""1592""","[""331""]","""25053""","[""4662"", ""3343"", ""195"", ""680"", ""3160"", ""3527"", ""3526"", ""3569"", ""3525"", ""7"", ""3344"", ""1959"", ""75"", ""54""]",47780a2c-30ca-4e76-a95b-5dfbb06d10b6
301658,"""1592""","[""331""]","""25053""","[""4662"", ""3343"", ""195"", ""680"", ""3160"", ""3527"", ""3526"", ""3569"", ""3525"", ""7"", ""3344"", ""1959"", ""75"", ""54""]",0abf7b87-8400-4a7a-9ed6-a12e1a46e92b
301658,"""1592""","[""331""]","""25053""","[""4662"", ""3343"", ""195"", ""680"", ""3160"", ""3527"", ""3526"", ""3569"", ""3525"", ""7"", ""3344"", ""1959"", ""75"", ""54""]",3ff7b03d-96c6-4364-b906-fcba0198b9f5
301658,"""1592""","[""331""]","""25053""","[""4662"", ""3343"", ""195"", ""680"", ""3160"", ""3527"", ""3526"", ""3569"", ""3525"", ""7"", ""3344"", ""1959"", ""75"", ""54""]",13f7450f-ab2c-4cc3-884b-c41445fde815
301658,"""1592""","[""331""]","""25053""","[""4662"", ""3343"", ""195"", ""680"", ""3160"", ""3527"", ""3526"", ""3569"", ""3525"", ""7"", ""3344"", ""1959"", ""75"", ""54""]",9607bbce-243b-4fa3-9342-ab11853f59fb
301658,"""1592""","[""331""]","""25053""","[""4662"", ""3343"", ""195"", ""680"", ""3160"", ""3527"", ""3526"", ""3569"", ""3525"", ""7"", ""3344"", ""1959"", ""75"", ""54""]",7b773582-6146-4bf9-9e52-3cfb720fcc5b
301658,"""1592""","[""331""]","""25053""","[""4662"", ""3343"", ""195"", ""680"", ""3160"", ""3527"", ""3526"", ""3569"", ""3525"", ""7"", ""3344"", ""1959"", ""75"", ""54""]",3ff7b03d-96c6-4364-b906-fcba0198b9f5
301658,"""1592""","[""331""]","""25053""","[""4662"", ""3343"", ""195"", ""680"", ""3160"", ""3527"", ""3526"", ""3569"", ""3525"", ""7"", ""3344"", ""1959"", ""75"", ""54""]",2115f2e6-23d5-4f9a-9536-94e97a692ef8
301658,"""1592""","[""331""]","""25053""","[""4662"", ""3343"", ""195"", ""680"", ""3160"", ""3527"", ""3526"", ""3569"", ""3525"", ""7"", ""3344"", ""1959"", ""75"", ""54""]",4ac9d94f-4e73-4298-b216-2d2cd32989b6
301658,"""1592""","[""331""]","""25053""","[""4662"", ""3343"", ""195"", ""680"", ""3160"", ""3527"", ""3526"", ""3569"", ""3525"", ""7"", ""3344"", ""1959"", ""75"", ""54""]",70254e14-2608-405d-9f87-cb92f8a3dcfe
301658,"""1592""","[""331""]","""25053""","[""4662"", ""3343"", ""195"", ""680"", ""3160"", ""3527"", ""3526"", ""3569"", ""3525"", ""7"", ""3344"", ""1959"", ""75"", ""54""]",100c0497-8689-4ffa-b71f-d143ded787f7
301658,"""1592""","[""331""]","""25053""","[""4662"", ""3343"", ""195"", ""680"", ""3160"", ""3527"", ""3526"", ""3569"", ""3525"", ""7"", ""3344"", ""1959"", ""75"", ""54""]",6a4296db-0931-42a0-93a1-774b1c7a5f93
301658,"""1592""","[""331""]","""25053""","[""4662"", ""3343"", ""195"", ""680"", ""3160"", ""3527"", ""3526"", ""3569"", ""3525"", ""7"", ""3344"", ""1959"", ""75"", ""54""]",13f7450f-ab2c-4cc3-884b-c41445fde815
301658,"""1592""","[""331""]","""25053""","[""4662"", ""3343"", ""195"", ""680"", ""3160"", ""3527"", ""3526"", ""3569"", ""3525"", ""7"", ""3344"", ""1959"", ""75"", ""54""]",50f197ac-d858-44d4-aa3c-d2bbfb3e286b
301658,"""1592""","[""331""]","""25053""","[""4662"", ""3343"", ""195"", ""680"", ""3160"", ""3527"", ""3526"", ""3569"", ""3525"", ""7"", ""3344"", ""1959"", ""75"", ""54""]",d119a992-3498-4514-89bf-3307232f3d80
301658,"""1592""","[""331""]","""25053""","[""4662"", ""3343"", ""195"", ""680"", ""3160"", ""3527"", ""3526"", ""3569"", ""3525"", ""7"", ""3344"", ""1959"", ""75"", ""54""]",0abf7b87-8400-4a7a-9ed6-a12e1a46e92b
301658,"""1592""","[""331""]","""25053""","[""4662"", ""3343"", ""195"", ""680"", ""3160"", ""3527"", ""3526"", ""3569"", ""3525"", ""7"", ""3344"", ""1959"", ""75"", ""54""]",c16314f6-89d6-431c-baca-3c0da68815d5
301658,"""1592""","[""331""]","""25053""","[""4662"", ""3343"", ""195"", ""680"", ""3160"", ""3527"", ""3526"", ""3569"", ""3525"", ""7"", ""3344"", ""1959"", ""75"", ""54""]",50f197ac-d858-44d4-aa3c-d2bbfb3e286b
301658,"""1592""","[""331""]","""25053""","[""4662"", ""3343"", ""195"", ""680"", ""3160"", ""3527"", ""3526"", ""3569"", ""3525"", ""7"", ""3344"", ""1959"", ""75"", ""54""]",bb670ec5-c35f-41fa-94c7-c05c3e302c9d
301658,"""1592""","[""331""]","""25053""","[""4662"", ""3343"", ""195"", ""680"", ""3160"", ""3527"", ""3526"", ""3569"", ""3525"", ""7"", ""3344"", ""1959"", ""75"", ""54""]",864fb3e2-4151-4851-97c3-9c20378de329
301658,"""1592""","[""331""]","""25053""","[""4662"", ""3343"", ""195"", ""680"", ""3160"", ""3527"", ""3526"", ""3569"", ""3525"", ""7"", ""3344"", ""1959"", ""75"", ""54""]",fbdf28b0-8f55-49a6-a41a-49c82192e0f6
301658,"""1592""","[""331""]","""25053""","[""4662"", ""3343"", ""195"", ""680"", ""3160"", ""3527"", ""3526"", ""3569"", ""3525"", ""7"", ""3344"", ""1959"", ""75"", ""54""]",087cec1e-73aa-4505-bc74-29d5bd1f16b0
301658,"""1592""","[""331""]","""25053""","[""4662"", ""3343"", ""195"", ""680"", ""3160"", ""3527"", ""3526"", ""3569"", ""3525"", ""7"", ""3344"", ""1959"", ""75"", ""54""]",2115f2e6-23d5-4f9a-9536-94e97a692ef8
301658,"""1592""","[""331""]","""25053""","[""4662"", ""3343"", ""195"", ""680"", ""3160"", ""3527"", ""3526"", ""3569"", ""3525"", ""7"", ""3344"", ""1959"", ""75"", ""54""]",5f7f92f8-8913-4bc9-aa2b-c4f8298b180e
308281,"""1592""","[""331""]","""25053""","[""56"", ""4681"", ""39"", ""4662"", ""3343"", ""3160"", ""682"", ""5618"", ""2503"", ""6"", ""12685"", ""13840"", ""529"", ""6407"", ""12115"", ""53"", ""11832"", ""54""]",d54e0447-7bba-427e-8b9d-e32c0223c483
308281,"""1592""","[""331""]","""25053""","[""56"", ""4681"", ""39"", ""4662"", ""3343"", ""3160"", ""682"", ""5618"", ""2503"", ""6"", ""12685"", ""13840"", ""529"", ""6407"", ""12115"", ""53"", ""11832"", ""54""]",a9cb2c55-9caf-48ac-a62f-4a26bff3871e
308281,"""1592""","[""331""]","""25053""","[""56"", ""4681"", ""39"", ""4662"", ""3343"", ""3160"", ""682"", ""5618"", ""2503"", ""6"", ""12685"", ""13840"", ""529"", ""6407"", ""12115"", ""53"", ""11832"", ""54""]",0ecb3ac7-7153-4953-a681-098dece48c91
308281,"""1592""","[""331""]","""25053""","[""56"", ""4681"", ""39"", ""4662"", ""3343"", ""3160"", ""682"", ""5618"", ""2503"", ""6"", ""12685"", ""13840"", ""529"", ""6407"", ""12115"", ""53"", ""11832"", ""54""]",4bd05783-676f-42ca-8e4a-2e414d8a1579
308281,"""1592""","[""331""]","""25053""","[""56"", ""4681"", ""39"", ""4662"", ""3343"", ""3160"", ""682"", ""5618"", ""2503"", ""6"", ""12685"", ""13840"", ""529"", ""6407"", ""12115"", ""53"", ""11832"", ""54""]",db9bf5d1-004b-40c4-8fd5-6d3f596fdccd
308281,"""1592""","[""331""]","""25053""","[""56"", ""4681"", ""39"", ""4662"", ""3343"", ""3160"", ""682"", ""5618"", ""2503"", ""6"", ""12685"", ""13840"", ""529"", ""6407"", ""12115"", ""53"", ""11832"", ""54""]",82898593-eea5-4032-8506-352a63bef889
308281,"""1592""","[""331""]","""25053""","[""56"", ""4681"", ""39"", ""4662"", ""3343"", ""3160"", ""682"", ""5618"", ""2503"", ""6"", ""12685"", ""13840"", ""529"", ""6407"", ""12115"", ""53"", ""11832"", ""54""]",7f4bf5cc-bc17-4f18-be48-f13a72c7c71d
308281,"""1592""","[""331""]","""25053""","[""56"", ""4681"", ""39"", ""4662"", ""3343"", ""3160"", ""682"", ""5618"", ""2503"", ""6"", ""12685"", ""13840"", ""529"", ""6407"", ""12115"", ""53"", ""11832"", ""54""]",0e2583fc-235b-47d7-b73c-6abb3b9e8d43
308281,"""1592""","[""331""]","""25053""","[""56"", ""4681"", ""39"", ""4662"", ""3343"", ""3160"", ""682"", ""5618"", ""2503"", ""6"", ""12685"", ""13840"", ""529"", ""6407"", ""12115"", ""53"", ""11832"", ""54""]",0abf7b87-8400-4a7a-9ed6-a12e1a46e92b
308281,"""1592""","[""331""]","""25053""","[""56"", ""4681"", ""39"", ""4662"", ""3343"", ""3160"", ""682"", ""5618"", ""2503"", ""6"", ""12685"", ""13840"", ""529"", ""6407"", ""12115"", ""53"", ""11832"", ""54""]",a9cb2c55-9caf-48ac-a62f-4a26bff3871e
308281,"""1592""","[""331""]","""25053""","[""56"", ""4681"", ""39"", ""4662"", ""3343"", ""3160"", ""682"", ""5618"", ""2503"", ""6"", ""12685"", ""13840"", ""529"", ""6407"", ""12115"", ""53"", ""11832"", ""54""]",06b6b0bd-5e8d-4033-a4d3-c9c6efc7a8a9
308281,"""1592""","[""331""]","""25053""","[""56"", ""4681"", ""39"", ""4662"", ""3343"", ""3160"", ""682"", ""5618"", ""2503"", ""6"", ""12685"", ""13840"", ""529"", ""6407"", ""12115"", ""53"", ""11832"", ""54""]",9a509107-906b-4160-89a8-44bde0958878
308281,"""1592""","[""331""]","""25053""","[""56"", ""4681"", ""39"", ""4662"", ""3343"", ""3160"", ""682"", ""5618"", ""2503"", ""6"", ""12685"", ""13840"", ""529"", ""6407"", ""12115"", ""53"", ""11832"", ""54""]",616b7e75-4f21-4f52-a764-3839ad72b557
308281,"""1592""","[""331""]","""25053""","[""56"", ""4681"", ""39"", ""4662"", ""3343"", ""3160"", ""682"", ""5618"", ""2503"", ""6"", ""12685"", ""13840"", ""529"", ""6407"", ""12115"", ""53"", ""11832"", ""54""]",f9de001e-58d2-450b-a0b8-cd76363a4d13
308281,"""1592""","[""331""]","""25053""","[""56"", ""4681"", ""39"", ""4662"", ""3343"", ""3160"", ""682"", ""5618"", ""2503"", ""6"", ""12685"", ""13840"", ""529"", ""6407"", ""12115"", ""53"", ""11832"", ""54""]",affc346d-bc56-4228-8c65-9a86f0ecc1f6
308281,"""1592""","[""331""]","""25053""","[""56"", ""4681"", ""39"", ""4662"", ""3343"", ""3160"", ""682"", ""5618"", ""2503"", ""6"", ""12685"", ""13840"", ""529"", ""6407"", ""12115"", ""53"", ""11832"", ""54""]",82898593-eea5-4032-8506-352a63bef889
308281,"""1592""","[""331""]","""25053""","[""56"", ""4681"", ""39"", ""4662"", ""3343"", ""3160"", ""682"", ""5618"", ""2503"", ""6"", ""12685"", ""13840"", ""529"", ""6407"", ""12115"", ""53"", ""11832"", ""54""]",9016885a-572a-4ca6-b2ba-dabcc1cd99c2
308281,"""1592""","[""331""]","""25053""","[""56"", ""4681"", ""39"", ""4662"", ""3343"", ""3160"", ""682"", ""5618"", ""2503"", ""6"", ""12685"", ""13840"", ""529"", ""6407"", ""12115"", ""53"", ""11832"", ""54""]",2cc4be75-15f9-4aa6-8ae8-2ed94730e5be
308281,"""1592""","[""331""]","""25053""","[""56"", ""4681"", ""39"", ""4662"", ""3343"", ""3160"", ""682"", ""5618"", ""2503"", ""6"", ""12685"", ""13840"", ""529"", ""6407"", ""12115"", ""53"", ""11832"", ""54""]",e8324ede-a836-405e-be41-ff2c818421fe
308281,"""1592""","[""331""]","""25053""","[""56"", ""4681"", ""39"", ""4662"", ""3343"", ""3160"", ""682"", ""5618"", ""2503"", ""6"", ""12685"", ""13840"", ""529"", ""6407"", ""12115"", ""53"", ""11832"", ""54""]",06b6b0bd-5e8d-4033-a4d3-c9c6efc7a8a9
308281,"""1592""","[""331""]","""25053""","[""56"", ""4681"", ""39"", ""4662"", ""3343"", ""3160"", ""682"", ""5618"", ""2503"", ""6"", ""12685"", ""13840"", ""529"", ""6407"", ""12115"", ""53"", ""11832"", ""54""]",0abf7b87-8400-4a7a-9ed6-a12e1a46e92b
308281,"""1592""","[""331""]","""25053""","[""56"", ""4681"", ""39"", ""4662"", ""3343"", ""3160"", ""682"", ""5618"", ""2503"", ""6"", ""12685"", ""13840"", ""529"", ""6407"", ""12115"", ""53"", ""11832"", ""54""]",4bd05783-676f-42ca-8e4a-2e414d8a1579
308281,"""1592""","[""331""]","""25053""","[""56"", ""4681"", ""39"", ""4662"", ""3343"", ""3160"", ""682"", ""5618"", ""2503"", ""6"", ""12685"", ""13840"", ""529"", ""6407"", ""12115"", ""53"", ""11832"", ""54""]",f394eb6b-5b66-473d-9b25-65f59c3394c7
308281,"""1592""","[""331""]","""25053""","[""56"", ""4681"", ""39"", ""4662"", ""3343"", ""3160"", ""682"", ""5618"", ""2503"", ""6"", ""12685"", ""13840"", ""529"", ""6407"", ""12115"", ""53"", ""11832"", ""54""]",82898593-eea5-4032-8506-352a63bef889
308281,"""1592""","[""331""]","""25053""","[""56"", ""4681"", ""39"", ""4662"", ""3343"", ""3160"", ""682"", ""5618"", ""2503"", ""6"", ""12685"", ""13840"", ""529"", ""6407"", ""12115"", ""53"", ""11832"", ""54""]",c691f8ee-de04-4653-840f-282a8eb70905
308281,"""1592""","[""331""]","""25053""","[""56"", ""4681"", ""39"", ""4662"", ""3343"", ""3160"", ""682"", ""5618"", ""2503"", ""6"", ""12685"", ""13840"", ""529"", ""6407"", ""12115"", ""53"", ""11832"", ""54""]",fe87df19-2f29-4002-a231-bbf6a93873b9
308281,"""1592""","[""331""]","""25053""","[""56"", ""4681"", ""39"", ""4662"", ""3343"", ""3160"", ""682"", ""5618"", ""2503"", ""6"", ""12685"", ""13840"", ""529"", ""6407"", ""12115"", ""53"", ""11832"", ""54""]",ada1923e-bd89-451a-b970-ce786ff5b91b
308281,"""1592""","[""331""]","""25053""","[""56"", ""4681"", ""39"", ""4662"", ""3343"", ""3160"", ""682"", ""5618"", ""2503"", ""6"", ""12685"", ""13840"", ""529"", ""6407"", ""12115"", ""53"", ""11832"", ""54""]",da3ba6f0-7920-4ead-9be9-e51d9ab2efaa
308281,"""1592""","[""331""]","""25053""","[""56"", ""4681"", ""39"", ""4662"", ""3343"", ""3160"", ""682"", ""5618"", ""2503"", ""6"", ""12685"", ""13840"", ""529"", ""6407"", ""12115"", ""53"", ""11832"", ""54""]",7a6fb9d9-391f-463a-b51d-f778e934620b
308281,"""1592""","[""331""]","""25053""","[""56"", ""4681"", ""39"", ""4662"", ""3343"", ""3160"", ""682"", ""5618"", ""2503"", ""6"", ""12685"", ""13840"", ""529"", ""6407"", ""12115"", ""53"", ""11832"", ""54""]",2cc4be75-15f9-4aa6-8ae8-2ed94730e5be
308281,"""1592""","[""331""]","""25053""","[""56"", ""4681"", ""39"", ""4662"", ""3343"", ""3160"", ""682"", ""5618"", ""2503"", ""6"", ""12685"", ""13840"", ""529"", ""6407"", ""12115"", ""53"", ""11832"", ""54""]",82898593-eea5-4032-8506-352a63bef889
308281,"""1592""","[""331""]","""25053""","[""56"", ""4681"", ""39"", ""4662"", ""3343"", ""3160"", ""682"", ""5618"", ""2503"", ""6"", ""12685"", ""13840"", ""529"", ""6407"", ""12115"", ""53"", ""11832"", ""54""]",affc346d-bc56-4228-8c65-9a86f0ecc1f6
308281,"""1592""","[""331""]","""25053""","[""56"", ""4681"", ""39"", ""4662"", ""3343"", ""3160"", ""682"", ""5618"", ""2503"", ""6"", ""12685"", ""13840"", ""529"", ""6407"", ""12115"", ""53"", ""11832"", ""54""]",ef086380-e8f8-47ea-a512-3bf788adf2c2
308281,"""1592""","[""331""]","""25053""","[""56"", ""4681"", ""39"", ""4662"", ""3343"", ""3160"", ""682"", ""5618"", ""2503"", ""6"", ""12685"", ""13840"", ""529"", ""6407"", ""12115"", ""53"", ""11832"", ""54""]",62f4f6ad-4990-4a52-bf2a-d101bc0a0af8
308281,"""1592""","[""331""]","""25053""","[""56"", ""4681"", ""39"", ""4662"", ""3343"", ""3160"", ""682"", ""5618"", ""2503"", ""6"", ""12685"", ""13840"", ""529"", ""6407"", ""12115"", ""53"", ""11832"", ""54""]",4bd05783-676f-42ca-8e4a-2e414d8a1579
308281,"""1592""","[""331""]","""25053""","[""56"", ""4681"", ""39"", ""4662"", ""3343"", ""3160"", ""682"", ""5618"", ""2503"", ""6"", ""12685"", ""13840"", ""529"", ""6407"", ""12115"", ""53"", ""11832"", ""54""]",db985777-6523-40bd-97c9-41aaeca814a0
308281,"""1592""","[""331""]","""25053""","[""56"", ""4681"", ""39"", ""4662"", ""3343"", ""3160"", ""682"", ""5618"", ""2503"", ""6"", ""12685"", ""13840"", ""529"", ""6407"", ""12115"", ""53"", ""11832"", ""54""]",a9cb2c55-9caf-48ac-a62f-4a26bff3871e
308281,"""1592""","[""331""]","""25053""","[""56"", ""4681"", ""39"", ""4662"", ""3343"", ""3160"", ""682"", ""5618"", ""2503"", ""6"", ""12685"", ""13840"", ""529"", ""6407"", ""12115"", ""53"", ""11832"", ""54""]",4bd05783-676f-42ca-8e4a-2e414d8a1579
308281,"""1592""","[""331""]","""25053""","[""56"", ""4681"", ""39"", ""4662"", ""3343"", ""3160"", ""682"", ""5618"", ""2503"", ""6"", ""12685"", ""13840"", ""529"", ""6407"", ""12115"", ""53"", ""11832"", ""54""]",053ebd22-bcc1-4d7f-b510-3a96dffb0689
308281,"""1592""","[""331""]","""25053""","[""56"", ""4681"", ""39"", ""4662"", ""3343"", ""3160"", ""682"", ""5618"", ""2503"", ""6"", ""12685"", ""13840"", ""529"", ""6407"", ""12115"", ""53"", ""11832"", ""54""]",affc346d-bc56-4228-8c65-9a86f0ecc1f6
308281,"""1592""","[""331""]","""25053""","[""56"", ""4681"", ""39"", ""4662"", ""3343"", ""3160"", ""682"", ""5618"", ""2503"", ""6"", ""12685"", ""13840"", ""529"", ""6407"", ""12115"", ""53"", ""11832"", ""54""]",2cc4be75-15f9-4aa6-8ae8-2ed94730e5be
308281,"""1592""","[""331""]","""25053""","[""56"", ""4681"", ""39"", ""4662"", ""3343"", ""3160"", ""682"", ""5618"", ""2503"", ""6"", ""12685"", ""13840"", ""529"", ""6407"", ""12115"", ""53"", ""11832"", ""54""]",c0b6a2da-7320-4192-8380-86ef084ed0ea
308281,"""1592""","[""331""]","""25053""","[""56"", ""4681"", ""39"", ""4662"", ""3343"", ""3160"", ""682"", ""5618"", ""2503"", ""6"", ""12685"", ""13840"", ""529"", ""6407"", ""12115"", ""53"", ""11832"", ""54""]",3ec4b425-4325-403d-aed0-731215e868ef
308281,"""1592""","[""331""]","""25053""","[""56"", ""4681"", ""39"", ""4662"", ""3343"", ""3160"", ""682"", ""5618"", ""2503"", ""6"", ""12685"", ""13840"", ""529"", ""6407"", ""12115"", ""53"", ""11832"", ""54""]",a4453eb4-593d-4aef-8849-919555f125ef
308281,"""1592""","[""331""]","""25053""","[""56"", ""4681"", ""39"", ""4662"", ""3343"", ""3160"", ""682"", ""5618"", ""2503"", ""6"", ""12685"", ""13840"", ""529"", ""6407"", ""12115"", ""53"", ""11832"", ""54""]",9d752f23-442e-4bb6-a948-700b9e35fbcb
308281,"""1592""","[""331""]","""25053""","[""56"", ""4681"", ""39"", ""4662"", ""3343"", ""3160"", ""682"", ""5618"", ""2503"", ""6"", ""12685"", ""13840"", ""529"", ""6407"", ""12115"", ""53"", ""11832"", ""54""]",78ed594c-c1b7-4cd4-b4b8-52963dc0a133
308281,"""1592""","[""331""]","""25053""","[""56"", ""4681"", ""39"", ""4662"", ""3343"", ""3160"", ""682"", ""5618"", ""2503"", ""6"", ""12685"", ""13840"", ""529"", ""6407"", ""12115"", ""53"", ""11832"", ""54""]",2115f2e6-23d5-4f9a-9536-94e97a692ef8
308281,"""1592""","[""331""]","""25053""","[""56"", ""4681"", ""39"", ""4662"", ""3343"", ""3160"", ""682"", ""5618"", ""2503"", ""6"", ""12685"", ""13840"", ""529"", ""6407"", ""12115"", ""53"", ""11832"", ""54""]",30ff9697-fe52-49eb-8a54-7f4051b28afb
308281,"""1592""","[""331""]","""25053""","[""56"", ""4681"", ""39"", ""4662"", ""3343"", ""3160"", ""682"", ""5618"", ""2503"", ""6"", ""12685"", ""13840"", ""529"", ""6407"", ""12115"", ""53"", ""11832"", ""54""]",278d3889-23e4-4806-abbc-623e54dcf718
308281,"""1592""","[""331""]","""25053""","[""56"", ""4681"", ""39"", ""4662"", ""3343"", ""3160"", ""682"", ""5618"", ""2503"", ""6"", ""12685"", ""13840"", ""529"", ""6407"", ""12115"", ""53"", ""11832"", ""54""]",ee00c958-2263-45c2-aba5-c9609053d926
308281,"""1592""","[""331""]","""25053""","[""56"", ""4681"", ""39"", ""4662"", ""3343"", ""3160"", ""682"", ""5618"", ""2503"", ""6"", ""12685"", ""13840"", ""529"", ""6407"", ""12115"", ""53"", ""11832"", ""54""]",13f7450f-ab2c-4cc3-884b-c41445fde815
308281,"""1592""","[""331""]","""25053""","[""56"", ""4681"", ""39"", ""4662"", ""3343"", ""3160"", ""682"", ""5618"", ""2503"", ""6"", ""12685"", ""13840"", ""529"", ""6407"", ""12115"", ""53"", ""11832"", ""54""]",6a4296db-0931-42a0-93a1-774b1c7a5f93
308281,"""1592""","[""331""]","""25053""","[""56"", ""4681"", ""39"", ""4662"", ""3343"", ""3160"", ""682"", ""5618"", ""2503"", ""6"", ""12685"", ""13840"", ""529"", ""6407"", ""12115"", ""53"", ""11832"", ""54""]",fbdf28b0-8f55-49a6-a41a-49c82192e0f6
308281,"""1592""","[""331""]","""25053""","[""56"", ""4681"", ""39"", ""4662"", ""3343"", ""3160"", ""682"", ""5618"", ""2503"", ""6"", ""12685"", ""13840"", ""529"", ""6407"", ""12115"", ""53"", ""11832"", ""54""]",38cabd64-8e4a-4170-a444-1581cd102c75
308281,"""1592""","[""331""]","""25053""","[""56"", ""4681"", ""39"", ""4662"", ""3343"", ""3160"", ""682"", ""5618"", ""2503"", ""6"", ""12685"", ""13840"", ""529"", ""6407"", ""12115"", ""53"", ""11832"", ""54""]",82898593-eea5-4032-8506-352a63bef889
308281,"""1592""","[""331""]","""25053""","[""56"", ""4681"", ""39"", ""4662"", ""3343"", ""3160"", ""682"", ""5618"", ""2503"", ""6"", ""12685"", ""13840"", ""529"", ""6407"", ""12115"", ""53"", ""11832"", ""54""]",7b898fd9-1039-4fe2-b8a4-30f1d348cb0c
308281,"""1592""","[""331""]","""25053""","[""56"", ""4681"", ""39"", ""4662"", ""3343"", ""3160"", ""682"", ""5618"", ""2503"", ""6"", ""12685"", ""13840"", ""529"", ""6407"", ""12115"", ""53"", ""11832"", ""54""]",fc68d352-aa72-431b-8b19-9df357789120
308281,"""1592""","[""331""]","""25053""","[""56"", ""4681"", ""39"", ""4662"", ""3343"", ""3160"", ""682"", ""5618"", ""2503"", ""6"", ""12685"", ""13840"", ""529"", ""6407"", ""12115"", ""53"", ""11832"", ""54""]",1578c98e-bf33-4c47-8b98-df8adec7c661
308281,"""1592""","[""331""]","""25053""","[""56"", ""4681"", ""39"", ""4662"", ""3343"", ""3160"", ""682"", ""5618"", ""2503"", ""6"", ""12685"", ""13840"", ""529"", ""6407"", ""12115"", ""53"", ""11832"", ""54""]",af91e07f-b494-47ab-afb7-74ac19f0916b
308281,"""1592""","[""331""]","""25053""","[""56"", ""4681"", ""39"", ""4662"", ""3343"", ""3160"", ""682"", ""5618"", ""2503"", ""6"", ""12685"", ""13840"", ""529"", ""6407"", ""12115"", ""53"", ""11832"", ""54""]",378880e6-74fa-455b-8059-4dff231ce09d
308281,"""1592""","[""331""]","""25053""","[""56"", ""4681"", ""39"", ""4662"", ""3343"", ""3160"", ""682"", ""5618"", ""2503"", ""6"", ""12685"", ""13840"", ""529"", ""6407"", ""12115"", ""53"", ""11832"", ""54""]",82898593-eea5-4032-8506-352a63bef889
308281,"""1592""","[""331""]","""25053""","[""56"", ""4681"", ""39"", ""4662"", ""3343"", ""3160"", ""682"", ""5618"", ""2503"", ""6"", ""12685"", ""13840"", ""529"", ""6407"", ""12115"", ""53"", ""11832"", ""54""]",4bd05783-676f-42ca-8e4a-2e414d8a1579
308281,"""1592""","[""331""]","""25053""","[""56"", ""4681"", ""39"", ""4662"", ""3343"", ""3160"", ""682"", ""5618"", ""2503"", ""6"", ""12685"", ""13840"", ""529"", ""6407"", ""12115"", ""53"", ""11832"", ""54""]",b310bcb8-9d56-4a5f-a50c-884e28ea7268
308281,"""1592""","[""331""]","""25053""","[""56"", ""4681"", ""39"", ""4662"", ""3343"", ""3160"", ""682"", ""5618"", ""2503"", ""6"", ""12685"", ""13840"", ""529"", ""6407"", ""12115"", ""53"", ""11832"", ""54""]",db985777-6523-40bd-97c9-41aaeca814a0
308281,"""1592""","[""331""]","""25053""","[""56"", ""4681"", ""39"", ""4662"", ""3343"", ""3160"", ""682"", ""5618"", ""2503"", ""6"", ""12685"", ""13840"", ""529"", ""6407"", ""12115"", ""53"", ""11832"", ""54""]",affc346d-bc56-4228-8c65-9a86f0ecc1f6
308281,"""1592""","[""331""]","""25053""","[""56"", ""4681"", ""39"", ""4662"", ""3343"", ""3160"", ""682"", ""5618"", ""2503"", ""6"", ""12685"", ""13840"", ""529"", ""6407"", ""12115"", ""53"", ""11832"", ""54""]",fe87df19-2f29-4002-a231-bbf6a93873b9
308281,"""1592""","[""331""]","""25053""","[""56"", ""4681"", ""39"", ""4662"", ""3343"", ""3160"", ""682"", ""5618"", ""2503"", ""6"", ""12685"", ""13840"", ""529"", ""6407"", ""12115"", ""53"", ""11832"", ""54""]",affc346d-bc56-4228-8c65-9a86f0ecc1f6
308281,"""1592""","[""331""]","""25053""","[""56"", ""4681"", ""39"", ""4662"", ""3343"", ""3160"", ""682"", ""5618"", ""2503"", ""6"", ""12685"", ""13840"", ""529"", ""6407"", ""12115"", ""53"", ""11832"", ""54""]",3453bc32-5bba-47e2-825c-f2cf3eeb650b
308281,"""1592""","[""331""]","""25053""","[""56"", ""4681"", ""39"", ""4662"", ""3343"", ""3160"", ""682"", ""5618"", ""2503"", ""6"", ""12685"", ""13840"", ""529"", ""6407"", ""12115"", ""53"", ""11832"", ""54""]",e81c95b7-08e9-4a33-8a79-5153a2ce4fe8
308281,"""1592""","[""331""]","""25053""","[""56"", ""4681"", ""39"", ""4662"", ""3343"", ""3160"", ""682"", ""5618"", ""2503"", ""6"", ""12685"", ""13840"", ""529"", ""6407"", ""12115"", ""53"", ""11832"", ""54""]",378880e6-74fa-455b-8059-4dff231ce09d
308281,"""1592""","[""331""]","""25053""","[""56"", ""4681"", ""39"", ""4662"", ""3343"", ""3160"", ""682"", ""5618"", ""2503"", ""6"", ""12685"", ""13840"", ""529"", ""6407"", ""12115"", ""53"", ""11832"", ""54""]",dfa80d84-6324-4181-b5b7-37e0e2d991de
301658,"""1592""","[""331""]","""25053""","[""4662"", ""3343"", ""195"", ""680"", ""3160"", ""3527"", ""3526"", ""3569"", ""3525"", ""7"", ""3344"", ""1959"", ""75"", ""54""]",3ff7b03d-96c6-4364-b906-fcba0198b9f5
301658,"""1592""","[""331""]","""25053""","[""4662"", ""3343"", ""195"", ""680"", ""3160"", ""3527"", ""3526"", ""3569"", ""3525"", ""7"", ""3344"", ""1959"", ""75"", ""54""]",25a0cf11-2c64-470e-a7f9-8f3338be28c5
301658,"""1592""","[""331""]","""25053""","[""4662"", ""3343"", ""195"", ""680"", ""3160"", ""3527"", ""3526"", ""3569"", ""3525"", ""7"", ""3344"", ""1959"", ""75"", ""54""]",3e3087e5-40a0-48c7-a30d-6504eca6bf5b
301658,"""1592""","[""331""]","""25053""","[""4662"", ""3343"", ""195"", ""680"", ""3160"", ""3527"", ""3526"", ""3569"", ""3525"", ""7"", ""3344"", ""1959"", ""75"", ""54""]",6bf515de-ec75-46df-a42f-fcbb44149296
301658,"""1592""","[""331""]","""25053""","[""4662"", ""3343"", ""195"", ""680"", ""3160"", ""3527"", ""3526"", ""3569"", ""3525"", ""7"", ""3344"", ""1959"", ""75"", ""54""]",87893f0b-00ca-4477-a639-27474c405083
301658,"""1592""","[""331""]","""25053""","[""4662"", ""3343"", ""195"", ""680"", ""3160"", ""3527"", ""3526"", ""3569"", ""3525"", ""7"", ""3344"", ""1959"", ""75"", ""54""]",d9c54042-2af0-4832-958e-0ae5c28b465d
301658,"""1592""","[""331""]","""25053""","[""4662"", ""3343"", ""195"", ""680"", ""3160"", ""3527"", ""3526"", ""3569"", ""3525"", ""7"", ""3344"", ""1959"", ""75"", ""54""]",674f7ed2-fe36-4490-a21f-6f134cc0ee60
301658,"""1592""","[""331""]","""25053""","[""4662"", ""3343"", ""195"", ""680"", ""3160"", ""3527"", ""3526"", ""3569"", ""3525"", ""7"", ""3344"", ""1959"", ""75"", ""54""]",50f197ac-d858-44d4-aa3c-d2bbfb3e286b
301658,"""1592""","[""331""]","""25053""","[""4662"", ""3343"", ""195"", ""680"", ""3160"", ""3527"", ""3526"", ""3569"", ""3525"", ""7"", ""3344"", ""1959"", ""75"", ""54""]",45422262-4402-4acf-96bb-3291e031f13c
301658,"""1592""","[""331""]","""25053""","[""4662"", ""3343"", ""195"", ""680"", ""3160"", ""3527"", ""3526"", ""3569"", ""3525"", ""7"", ""3344"", ""1959"", ""75"", ""54""]",0e0ed171-451e-45b8-b1e0-0cca12589737
301658,"""1592""","[""331""]","""25053""","[""4662"", ""3343"", ""195"", ""680"", ""3160"", ""3527"", ""3526"", ""3569"", ""3525"", ""7"", ""3344"", ""1959"", ""75"", ""54""]",6a4296db-0931-42a0-93a1-774b1c7a5f93
301658,"""1592""","[""331""]","""25053""","[""4662"", ""3343"", ""195"", ""680"", ""3160"", ""3527"", ""3526"", ""3569"", ""3525"", ""7"", ""3344"", ""1959"", ""75"", ""54""]",70254e14-2608-405d-9f87-cb92f8a3dcfe
301658,"""1592""","[""331""]","""25053""","[""4662"", ""3343"", ""195"", ""680"", ""3160"", ""3527"", ""3526"", ""3569"", ""3525"", ""7"", ""3344"", ""1959"", ""75"", ""54""]",57d0cabe-d2c2-495d-b505-8f1aea36ff39
301658,"""1592""","[""331""]","""25053""","[""4662"", ""3343"", ""195"", ""680"", ""3160"", ""3527"", ""3526"", ""3569"", ""3525"", ""7"", ""3344"", ""1959"", ""75"", ""54""]",7d69dd64-0d80-4d9e-ac64-6bb505585762
301658,"""1592""","[""331""]","""25053""","[""4662"", ""3343"", ""195"", ""680"", ""3160"", ""3527"", ""3526"", ""3569"", ""3525"", ""7"", ""3344"", ""1959"", ""75"", ""54""]",c16314f6-89d6-431c-baca-3c0da68815d5
301658,"""1592""","[""331""]","""25053""","[""4662"", ""3343"", ""195"", ""680"", ""3160"", ""3527"", ""3526"", ""3569"", ""3525"", ""7"", ""3344"", ""1959"", ""75"", ""54""]",b3df484b-3b25-4ac2-a27b-67a2ddf68981
301658,"""1592""","[""331""]","""25053""","[""4662"", ""3343"", ""195"", ""680"", ""3160"", ""3527"", ""3526"", ""3569"", ""3525"", ""7"", ""3344"", ""1959"", ""75"", ""54""]",e026c0b9-034c-475a-bba5-cd3290eef9ee
301658,"""1592""","[""331""]","""25053""","[""4662"", ""3343"", ""195"", ""680"", ""3160"", ""3527"", ""3526"", ""3569"", ""3525"", ""7"", ""3344"", ""1959"", ""75"", ""54""]",dfcf2eb6-f8dc-4ebc-91b8-db0d1025cd51
301658,"""1592""","[""331""]","""25053""","[""4662"", ""3343"", ""195"", ""680"", ""3160"", ""3527"", ""3526"", ""3569"", ""3525"", ""7"", ""3344"", ""1959"", ""75"", ""54""]",762ea9fe-9275-4c1c-8ce7-eb1c93191351
301658,"""1592""","[""331""]","""25053""","[""4662"", ""3343"", ""195"", ""680"", ""3160"", ""3527"", ""3526"", ""3569"", ""3525"", ""7"", ""3344"", ""1959"", ""75"", ""54""]",6a4296db-0931-42a0-93a1-774b1c7a5f93
301658,"""1592""","[""331""]","""25053""","[""4662"", ""3343"", ""195"", ""680"", ""3160"", ""3527"", ""3526"", ""3569"", ""3525"", ""7"", ""3344"", ""1959"", ""75"", ""54""]",db985777-6523-40bd-97c9-41aaeca814a0
301658,"""1592""","[""331""]","""25053""","[""4662"", ""3343"", ""195"", ""680"", ""3160"", ""3527"", ""3526"", ""3569"", ""3525"", ""7"", ""3344"", ""1959"", ""75"", ""54""]",dfcf2eb6-f8dc-4ebc-91b8-db0d1025cd51
301658,"""1592""","[""331""]","""25053""","[""4662"", ""3343"", ""195"", ""680"", ""3160"", ""3527"", ""3526"", ""3569"", ""3525"", ""7"", ""3344"", ""1959"", ""75"", ""54""]",eeeda2a0-8831-4ce8-a0c9-7e39f0fbd68a
301658,"""1592""","[""331""]","""25053""","[""4662"", ""3343"", ""195"", ""680"", ""3160"", ""3527"", ""3526"", ""3569"", ""3525"", ""7"", ""3344"", ""1959"", ""75"", ""54""]",bdd2a6a7-9864-40d9-9662-ee1c1865dbf5
301658,"""1592""","[""331""]","""25053""","[""4662"", ""3343"", ""195"", ""680"", ""3160"", ""3527"", ""3526"", ""3569"", ""3525"", ""7"", ""3344"", ""1959"", ""75"", ""54""]",a7bda70f-fd38-4ad7-8fee-931881b4fb79
301658,"""1592""","[""331""]","""25053""","[""4662"", ""3343"", ""195"", ""680"", ""3160"", ""3527"", ""3526"", ""3569"", ""3525"", ""7"", ""3344"", ""1959"", ""75"", ""54""]",70254e14-2608-405d-9f87-cb92f8a3dcfe
301658,"""1592""","[""331""]","""25053""","[""4662"", ""3343"", ""195"", ""680"", ""3160"", ""3527"", ""3526"", ""3569"", ""3525"", ""7"", ""3344"", ""1959"", ""75"", ""54""]",a3472fe9-deb7-4da1-ae8b-6b50ba3d32d4
301658,"""1592""","[""331""]","""25053""","[""4662"", ""3343"", ""195"", ""680"", ""3160"", ""3527"", ""3526"", ""3569"", ""3525"", ""7"", ""3344"", ""1959"", ""75"", ""54""]",70254e14-2608-405d-9f87-cb92f8a3dcfe
301658,"""1592""","[""331""]","""25053""","[""4662"", ""3343"", ""195"", ""680"", ""3160"", ""3527"", ""3526"", ""3569"", ""3525"", ""7"", ""3344"", ""1959"", ""75"", ""54""]",fbdf28b0-8f55-49a6-a41a-49c82192e0f6
301658,"""1592""","[""331""]","""25053""","[""4662"", ""3343"", ""195"", ""680"", ""3160"", ""3527"", ""3526"", ""3569"", ""3525"", ""7"", ""3344"", ""1959"", ""75"", ""54""]",3af2cef6-e232-4a38-bfe6-18a1339f68a9
301658,"""1592""","[""331""]","""25053""","[""4662"", ""3343"", ""195"", ""680"", ""3160"", ""3527"", ""3526"", ""3569"", ""3525"", ""7"", ""3344"", ""1959"", ""75"", ""54""]",3d998dcd-2226-4b04-9c97-b39f7b6fe997
301658,"""1592""","[""331""]","""25053""","[""4662"", ""3343"", ""195"", ""680"", ""3160"", ""3527"", ""3526"", ""3569"", ""3525"", ""7"", ""3344"", ""1959"", ""75"", ""54""]",72099228-1fb5-4fbf-ac30-4dd906b26186
301658,"""1592""","[""331""]","""25053""","[""4662"", ""3343"", ""195"", ""680"", ""3160"", ""3527"", ""3526"", ""3569"", ""3525"", ""7"", ""3344"", ""1959"", ""75"", ""54""]",5688e9e5-4963-40f8-9bb6-0448ef07b245
301658,"""1592""","[""331""]","""25053""","[""4662"", ""3343"", ""195"", ""680"", ""3160"", ""3527"", ""3526"", ""3569"", ""3525"", ""7"", ""3344"", ""1959"", ""75"", ""54""]",6a4296db-0931-42a0-93a1-774b1c7a5f93
301658,"""1592""","[""331""]","""25053""","[""4662"", ""3343"", ""195"", ""680"", ""3160"", ""3527"", ""3526"", ""3569"", ""3525"", ""7"", ""3344"", ""1959"", ""75"", ""54""]",7c66ea2c-caaa-44a7-ba83-86403a9124a7
301658,"""1592""","[""331""]","""25053""","[""4662"", ""3343"", ""195"", ""680"", ""3160"", ""3527"", ""3526"", ""3569"", ""3525"", ""7"", ""3344"", ""1959"", ""75"", ""54""]",c16314f6-89d6-431c-baca-3c0da68815d5
301658,"""1592""","[""331""]","""25053""","[""4662"", ""3343"", ""195"", ""680"", ""3160"", ""3527"", ""3526"", ""3569"", ""3525"", ""7"", ""3344"", ""1959"", ""75"", ""54""]",bde501f8-6635-43cb-8213-e6cc2fe94e55
301658,"""1592""","[""331""]","""25053""","[""4662"", ""3343"", ""195"", ""680"", ""3160"", ""3527"", ""3526"", ""3569"", ""3525"", ""7"", ""3344"", ""1959"", ""75"", ""54""]",c8c4070a-eac7-4a38-8894-0b454d755a84
301658,"""1592""","[""331""]","""25053""","[""4662"", ""3343"", ""195"", ""680"", ""3160"", ""3527"", ""3526"", ""3569"", ""3525"", ""7"", ""3344"", ""1959"", ""75"", ""54""]",dfcf2eb6-f8dc-4ebc-91b8-db0d1025cd51
301658,"""1592""","[""331""]","""25053""","[""4662"", ""3343"", ""195"", ""680"", ""3160"", ""3527"", ""3526"", ""3569"", ""3525"", ""7"", ""3344"", ""1959"", ""75"", ""54""]",1c32351a-542e-49a1-8d17-48f05c878f1b
301658,"""1592""","[""331""]","""25053""","[""4662"", ""3343"", ""195"", ""680"", ""3160"", ""3527"", ""3526"", ""3569"", ""3525"", ""7"", ""3344"", ""1959"", ""75"", ""54""]",91217cf8-3eb2-4295-8014-33d2fa96914a
301658,"""1592""","[""331""]","""25053""","[""4662"", ""3343"", ""195"", ""680"", ""3160"", ""3527"", ""3526"", ""3569"", ""3525"", ""7"", ""3344"", ""1959"", ""75"", ""54""]",5688e9e5-4963-40f8-9bb6-0448ef07b245
301658,"""1592""","[""331""]","""25053""","[""4662"", ""3343"", ""195"", ""680"", ""3160"", ""3527"", ""3526"", ""3569"", ""3525"", ""7"", ""3344"", ""1959"", ""75"", ""54""]",71aa2b3e-8385-4d23-896a-ec087f6ad740
301658,"""1592""","[""331""]","""25053""","[""4662"", ""3343"", ""195"", ""680"", ""3160"", ""3527"", ""3526"", ""3569"", ""3525"", ""7"", ""3344"", ""1959"", ""75"", ""54""]",b8fa7587-7e10-4331-b7ad-ead6d36da761
301658,"""1592""","[""331""]","""25053""","[""4662"", ""3343"", ""195"", ""680"", ""3160"", ""3527"", ""3526"", ""3569"", ""3525"", ""7"", ""3344"", ""1959"", ""75"", ""54""]",67f7e497-0492-435b-88f3-3adeefca34ee
301658,"""1592""","[""331""]","""25053""","[""4662"", ""3343"", ""195"", ""680"", ""3160"", ""3527"", ""3526"", ""3569"", ""3525"", ""7"", ""3344"", ""1959"", ""75"", ""54""]",c187bce5-e94f-48c3-bdab-75ff75fc8054
301658,"""1592""","[""331""]","""25053""","[""4662"", ""3343"", ""195"", ""680"", ""3160"", ""3527"", ""3526"", ""3569"", ""3525"", ""7"", ""3344"", ""1959"", ""75"", ""54""]",59b9e30b-4c69-4def-8e61-aa61c87566eb
301658,"""1592""","[""331""]","""25053""","[""4662"", ""3343"", ""195"", ""680"", ""3160"", ""3527"", ""3526"", ""3569"", ""3525"", ""7"", ""3344"", ""1959"", ""75"", ""54""]",72b98a5d-6ecc-4558-b2e5-a7f3f515289f
301658,"""1592""","[""331""]","""25053""","[""4662"", ""3343"", ""195"", ""680"", ""3160"", ""3527"", ""3526"", ""3569"", ""3525"", ""7"", ""3344"", ""1959"", ""75"", ""54""]",a01ea6d0-8413-4347-acbb-9f1cd6c4a77c
301658,"""1592""","[""331""]","""25053""","[""4662"", ""3343"", ""195"", ""680"", ""3160"", ""3527"", ""3526"", ""3569"", ""3525"", ""7"", ""3344"", ""1959"", ""75"", ""54""]",bbd027d9-ede7-4641-9ac4-b6159f9fc92c
301658,"""1592""","[""331""]","""25053""","[""4662"", ""3343"", ""195"", ""680"", ""3160"", ""3527"", ""3526"", ""3569"", ""3525"", ""7"", ""3344"", ""1959"", ""75"", ""54""]",3ff7b03d-96c6-4364-b906-fcba0198b9f5
301658,"""1592""","[""331""]","""25053""","[""4662"", ""3343"", ""195"", ""680"", ""3160"", ""3527"", ""3526"", ""3569"", ""3525"", ""7"", ""3344"", ""1959"", ""75"", ""54""]",c16314f6-89d6-431c-baca-3c0da68815d5
301658,"""1592""","[""331""]","""25053""","[""4662"", ""3343"", ""195"", ""680"", ""3160"", ""3527"", ""3526"", ""3569"", ""3525"", ""7"", ""3344"", ""1959"", ""75"", ""54""]",47780a2c-30ca-4e76-a95b-5dfbb06d10b6
301658,"""1592""","[""331""]","""25053""","[""4662"", ""3343"", ""195"", ""680"", ""3160"", ""3527"", ""3526"", ""3569"", ""3525"", ""7"", ""3344"", ""1959"", ""75"", ""54""]",49f7cebd-4870-412a-86d2-50d7419f6a1c
301658,"""1592""","[""331""]","""25053""","[""4662"", ""3343"", ""195"", ""680"", ""3160"", ""3527"", ""3526"", ""3569"", ""3525"", ""7"", ""3344"", ""1959"", ""75"", ""54""]",9607bbce-243b-4fa3-9342-ab11853f59fb
301658,"""1592""","[""331""]","""25053""","[""4662"", ""3343"", ""195"", ""680"", ""3160"", ""3527"", ""3526"", ""3569"", ""3525"", ""7"", ""3344"", ""1959"", ""75"", ""54""]",2b582925-10a9-43bb-a6c4-47353af86a54
301658,"""1592""","[""331""]","""25053""","[""4662"", ""3343"", ""195"", ""680"", ""3160"", ""3527"", ""3526"", ""3569"", ""3525"", ""7"", ""3344"", ""1959"", ""75"", ""54""]",af649bc6-f096-443b-8842-f1673e243faf
301658,"""1592""","[""331""]","""25053""","[""4662"", ""3343"", ""195"", ""680"", ""3160"", ""3527"", ""3526"", ""3569"", ""3525"", ""7"", ""3344"", ""1959"", ""75"", ""54""]",7c85c15f-24e1-4988-b853-2b1adb64542d
301658,"""1592""","[""331""]","""25053""","[""4662"", ""3343"", ""195"", ""680"", ""3160"", ""3527"", ""3526"", ""3569"", ""3525"", ""7"", ""3344"", ""1959"", ""75"", ""54""]",9607bbce-243b-4fa3-9342-ab11853f59fb
301658,"""1592""","[""331""]","""25053""","[""4662"", ""3343"", ""195"", ""680"", ""3160"", ""3527"", ""3526"", ""3569"", ""3525"", ""7"", ""3344"", ""1959"", ""75"", ""54""]",70254e14-2608-405d-9f87-cb92f8a3dcfe
301658,"""1592""","[""331""]","""25053""","[""4662"", ""3343"", ""195"", ""680"", ""3160"", ""3527"", ""3526"", ""3569"", ""3525"", ""7"", ""3344"", ""1959"", ""75"", ""54""]",328f9a64-b122-43a1-b5b5-d19bc2ebc097
301658,"""1592""","[""331""]","""25053""","[""4662"", ""3343"", ""195"", ""680"", ""3160"", ""3527"", ""3526"", ""3569"", ""3525"", ""7"", ""3344"", ""1959"", ""75"", ""54""]",56f2c046-7985-41b1-bc41-f7ee0271cfea
301658,"""1592""","[""331""]","""25053""","[""4662"", ""3343"", ""195"", ""680"", ""3160"", ""3527"", ""3526"", ""3569"", ""3525"", ""7"", ""3344"", ""1959"", ""75"", ""54""]",2d99c8f3-93d3-4735-bb1b-38887eda0df7
301658,"""1592""","[""331""]","""25053""","[""4662"", ""3343"", ""195"", ""680"", ""3160"", ""3527"", ""3526"", ""3569"", ""3525"", ""7"", ""3344"", ""1959"", ""75"", ""54""]",dfcf2eb6-f8dc-4ebc-91b8-db0d1025cd51
301658,"""1592""","[""331""]","""25053""","[""4662"", ""3343"", ""195"", ""680"", ""3160"", ""3527"", ""3526"", ""3569"", ""3525"", ""7"", ""3344"", ""1959"", ""75"", ""54""]",72099228-1fb5-4fbf-ac30-4dd906b26186
301658,"""1592""","[""331""]","""25053""","[""4662"", ""3343"", ""195"", ""680"", ""3160"", ""3527"", ""3526"", ""3569"", ""3525"", ""7"", ""3344"", ""1959"", ""75"", ""54""]",d0e386b7-8471-4750-be20-7f4c7298df24
301658,"""1592""","[""331""]","""25053""","[""4662"", ""3343"", ""195"", ""680"", ""3160"", ""3527"", ""3526"", ""3569"", ""3525"", ""7"", ""3344"", ""1959"", ""75"", ""54""]",e026c0b9-034c-475a-bba5-cd3290eef9ee
301658,"""1592""","[""331""]","""25053""","[""4662"", ""3343"", ""195"", ""680"", ""3160"", ""3527"", ""3526"", ""3569"", ""3525"", ""7"", ""3344"", ""1959"", ""75"", ""54""]",dfcf2eb6-f8dc-4ebc-91b8-db0d1025cd51
301658,"""1592""","[""331""]","""25053""","[""4662"", ""3343"", ""195"", ""680"", ""3160"", ""3527"", ""3526"", ""3569"", ""3525"", ""7"", ""3344"", ""1959"", ""75"", ""54""]",55d7b2c3-2db0-49d8-ae05-ca8ed6047c1f
308281,"""1592""","[""331""]","""25053""","[""56"", ""4681"", ""39"", ""4662"", ""3343"", ""3160"", ""682"", ""5618"", ""2503"", ""6"", ""12685"", ""13840"", ""529"", ""6407"", ""12115"", ""53"", ""11832"", ""54""]",378880e6-74fa-455b-8059-4dff231ce09d
308281,"""1592""","[""331""]","""25053""","[""56"", ""4681"", ""39"", ""4662"", ""3343"", ""3160"", ""682"", ""5618"", ""2503"", ""6"", ""12685"", ""13840"", ""529"", ""6407"", ""12115"", ""53"", ""11832"", ""54""]",3889551d-b1b2-4408-a51b-a2c887c981de
308281,"""1592""","[""331""]","""25053""","[""56"", ""4681"", ""39"", ""4662"", ""3343"", ""3160"", ""682"", ""5618"", ""2503"", ""6"", ""12685"", ""13840"", ""529"", ""6407"", ""12115"", ""53"", ""11832"", ""54""]",a9cb2c55-9caf-48ac-a62f-4a26bff3871e
308281,"""1592""","[""331""]","""25053""","[""56"", ""4681"", ""39"", ""4662"", ""3343"", ""3160"", ""682"", ""5618"", ""2503"", ""6"", ""12685"", ""13840"", ""529"", ""6407"", ""12115"", ""53"", ""11832"", ""54""]",06b6b0bd-5e8d-4033-a4d3-c9c6efc7a8a9
308281,"""1592""","[""331""]","""25053""","[""56"", ""4681"", ""39"", ""4662"", ""3343"", ""3160"", ""682"", ""5618"", ""2503"", ""6"", ""12685"", ""13840"", ""529"", ""6407"", ""12115"", ""53"", ""11832"", ""54""]",82898593-eea5-4032-8506-352a63bef889
308281,"""1592""","[""331""]","""25053""","[""56"", ""4681"", ""39"", ""4662"", ""3343"", ""3160"", ""682"", ""5618"", ""2503"", ""6"", ""12685"", ""13840"", ""529"", ""6407"", ""12115"", ""53"", ""11832"", ""54""]",7ec4624e-8bfa-4287-b057-72092641a9c8
308281,"""1592""","[""331""]","""25053""","[""56"", ""4681"", ""39"", ""4662"", ""3343"", ""3160"", ""682"", ""5618"", ""2503"", ""6"", ""12685"", ""13840"", ""529"", ""6407"", ""12115"", ""53"", ""11832"", ""54""]",82898593-eea5-4032-8506-352a63bef889
308281,"""1592""","[""331""]","""25053""","[""56"", ""4681"", ""39"", ""4662"", ""3343"", ""3160"", ""682"", ""5618"", ""2503"", ""6"", ""12685"", ""13840"", ""529"", ""6407"", ""12115"", ""53"", ""11832"", ""54""]",9a411048-1777-4e3d-bc83-f07ae491fca7
308281,"""1592""","[""331""]","""25053""","[""56"", ""4681"", ""39"", ""4662"", ""3343"", ""3160"", ""682"", ""5618"", ""2503"", ""6"", ""12685"", ""13840"", ""529"", ""6407"", ""12115"", ""53"", ""11832"", ""54""]",fe87df19-2f29-4002-a231-bbf6a93873b9
308281,"""1592""","[""331""]","""25053""","[""56"", ""4681"", ""39"", ""4662"", ""3343"", ""3160"", ""682"", ""5618"", ""2503"", ""6"", ""12685"", ""13840"", ""529"", ""6407"", ""12115"", ""53"", ""11832"", ""54""]",378880e6-74fa-455b-8059-4dff231ce09d
308281,"""1592""","[""331""]","""25053""","[""56"", ""4681"", ""39"", ""4662"", ""3343"", ""3160"", ""682"", ""5618"", ""2503"", ""6"", ""12685"", ""13840"", ""529"", ""6407"", ""12115"", ""53"", ""11832"", ""54""]",37ae8847-0961-482d-88e5-000ca92349e0
308281,"""1592""","[""331""]","""25053""","[""56"", ""4681"", ""39"", ""4662"", ""3343"", ""3160"", ""682"", ""5618"", ""2503"", ""6"", ""12685"", ""13840"", ""529"", ""6407"", ""12115"", ""53"", ""11832"", ""54""]",6e5be94f-8e4f-4024-88cf-41bf6dac7b0b
308281,"""1592""","[""331""]","""25053""","[""56"", ""4681"", ""39"", ""4662"", ""3343"", ""3160"", ""682"", ""5618"", ""2503"", ""6"", ""12685"", ""13840"", ""529"", ""6407"", ""12115"", ""53"", ""11832"", ""54""]",e28f0cf9-848d-404b-a01c-172caae9b48a
308281,"""1592""","[""331""]","""25053""","[""56"", ""4681"", ""39"", ""4662"", ""3343"", ""3160"", ""682"", ""5618"", ""2503"", ""6"", ""12685"", ""13840"", ""529"", ""6407"", ""12115"", ""53"", ""11832"", ""54""]",3b6012a3-4166-4352-96dd-26295090f28f
308281,"""1592""","[""331""]","""25053""","[""56"", ""4681"", ""39"", ""4662"", ""3343"", ""3160"", ""682"", ""5618"", ""2503"", ""6"", ""12685"", ""13840"", ""529"", ""6407"", ""12115"", ""53"", ""11832"", ""54""]",54d86f0f-3b97-4687-bfe6-5ec161741183
308281,"""1592""","[""331""]","""25053""","[""56"", ""4681"", ""39"", ""4662"", ""3343"", ""3160"", ""682"", ""5618"", ""2503"", ""6"", ""12685"", ""13840"", ""529"", ""6407"", ""12115"", ""53"", ""11832"", ""54""]",770fac60-11b8-47f7-936b-2d4c219e0f2c
308281,"""1592""","[""331""]","""25053""","[""56"", ""4681"", ""39"", ""4662"", ""3343"", ""3160"", ""682"", ""5618"", ""2503"", ""6"", ""12685"", ""13840"", ""529"", ""6407"", ""12115"", ""53"", ""11832"", ""54""]",06b6b0bd-5e8d-4033-a4d3-c9c6efc7a8a9
308281,"""1592""","[""331""]","""25053""","[""56"", ""4681"", ""39"", ""4662"", ""3343"", ""3160"", ""682"", ""5618"", ""2503"", ""6"", ""12685"", ""13840"", ""529"", ""6407"", ""12115"", ""53"", ""11832"", ""54""]",bf6d835a-4d69-4a29-8869-6380bfa09693
308281,"""1592""","[""331""]","""25053""","[""56"", ""4681"", ""39"", ""4662"", ""3343"", ""3160"", ""682"", ""5618"", ""2503"", ""6"", ""12685"", ""13840"", ""529"", ""6407"", ""12115"", ""53"", ""11832"", ""54""]",1658fd7a-f6a2-4f0d-9407-5da3919a4c40
308281,"""1592""","[""331""]","""25053""","[""56"", ""4681"", ""39"", ""4662"", ""3343"", ""3160"", ""682"", ""5618"", ""2503"", ""6"", ""12685"", ""13840"", ""529"", ""6407"", ""12115"", ""53"", ""11832"", ""54""]",a244c9c6-3cec-40a1-b6f8-558267c5a2c5
308281,"""1592""","[""331""]","""25053""","[""56"", ""4681"", ""39"", ""4662"", ""3343"", ""3160"", ""682"", ""5618"", ""2503"", ""6"", ""12685"", ""13840"", ""529"", ""6407"", ""12115"", ""53"", ""11832"", ""54""]",fbc2b139-6d3c-44b8-ae0e-027378d35179
308281,"""1592""","[""331""]","""25053""","[""56"", ""4681"", ""39"", ""4662"", ""3343"", ""3160"", ""682"", ""5618"", ""2503"", ""6"", ""12685"", ""13840"", ""529"", ""6407"", ""12115"", ""53"", ""11832"", ""54""]",169b4a65-19dc-44cf-917b-a6a22bcfaa21
308281,"""1592""","[""331""]","""25053""","[""56"", ""4681"", ""39"", ""4662"", ""3343"", ""3160"", ""682"", ""5618"", ""2503"", ""6"", ""12685"", ""13840"", ""529"", ""6407"", ""12115"", ""53"", ""11832"", ""54""]",4ecdb943-5954-4e29-b5fe-4d2800b9ff37
308281,"""1592""","[""331""]","""25053""","[""56"", ""4681"", ""39"", ""4662"", ""3343"", ""3160"", ""682"", ""5618"", ""2503"", ""6"", ""12685"", ""13840"", ""529"", ""6407"", ""12115"", ""53"", ""11832"", ""54""]",a03518cd-67cd-44bd-974b-2842879f1ab5
308281,"""1592""","[""331""]","""25053""","[""56"", ""4681"", ""39"", ""4662"", ""3343"", ""3160"", ""682"", ""5618"", ""2503"", ""6"", ""12685"", ""13840"", ""529"", ""6407"", ""12115"", ""53"", ""11832"", ""54""]",cccd4b2d-2076-466c-bd1f-3cee970d4d5f
308281,"""1592""","[""331""]","""25053""","[""56"", ""4681"", ""39"", ""4662"", ""3343"", ""3160"", ""682"", ""5618"", ""2503"", ""6"", ""12685"", ""13840"", ""529"", ""6407"", ""12115"", ""53"", ""11832"", ""54""]",8a4da422-709c-4a63-8fb0-4618d9ba5d94
308281,"""1592""","[""331""]","""25053""","[""56"", ""4681"", ""39"", ""4662"", ""3343"", ""3160"", ""682"", ""5618"", ""2503"", ""6"", ""12685"", ""13840"", ""529"", ""6407"", ""12115"", ""53"", ""11832"", ""54""]",4bd05783-676f-42ca-8e4a-2e414d8a1579
308281,"""1592""","[""331""]","""25053""","[""56"", ""4681"", ""39"", ""4662"", ""3343"", ""3160"", ""682"", ""5618"", ""2503"", ""6"", ""12685"", ""13840"", ""529"", ""6407"", ""12115"", ""53"", ""11832"", ""54""]",7656b7c2-9f70-42e6-bc07-04395256ab47
308281,"""1592""","[""331""]","""25053""","[""56"", ""4681"", ""39"", ""4662"", ""3343"", ""3160"", ""682"", ""5618"", ""2503"", ""6"", ""12685"", ""13840"", ""529"", ""6407"", ""12115"", ""53"", ""11832"", ""54""]",4bd05783-676f-42ca-8e4a-2e414d8a1579
308281,"""1592""","[""331""]","""25053""","[""56"", ""4681"", ""39"", ""4662"", ""3343"", ""3160"", ""682"", ""5618"", ""2503"", ""6"", ""12685"", ""13840"", ""529"", ""6407"", ""12115"", ""53"", ""11832"", ""54""]",c6add4bc-fb27-499a-96d0-607ae404ed29
308281,"""1592""","[""331""]","""25053""","[""56"", ""4681"", ""39"", ""4662"", ""3343"", ""3160"", ""682"", ""5618"", ""2503"", ""6"", ""12685"", ""13840"", ""529"", ""6407"", ""12115"", ""53"", ""11832"", ""54""]",acff0bee-2bd3-4c6f-8bd3-d3f75387fe15
308281,"""1592""","[""331""]","""25053""","[""56"", ""4681"", ""39"", ""4662"", ""3343"", ""3160"", ""682"", ""5618"", ""2503"", ""6"", ""12685"", ""13840"", ""529"", ""6407"", ""12115"", ""53"", ""11832"", ""54""]",ce4793d2-9928-4f43-a73d-090fe2cfefdb
308281,"""1592""","[""331""]","""25053""","[""56"", ""4681"", ""39"", ""4662"", ""3343"", ""3160"", ""682"", ""5618"", ""2503"", ""6"", ""12685"", ""13840"", ""529"", ""6407"", ""12115"", ""53"", ""11832"", ""54""]",82316c8f-cdb6-45b0-bbb7-47ed17704062
308281,"""1592""","[""331""]","""25053""","[""56"", ""4681"", ""39"", ""4662"", ""3343"", ""3160"", ""682"", ""5618"", ""2503"", ""6"", ""12685"", ""13840"", ""529"", ""6407"", ""12115"", ""53"", ""11832"", ""54""]",13f7450f-ab2c-4cc3-884b-c41445fde815
308281,"""1592""","[""331""]","""25053""","[""56"", ""4681"", ""39"", ""4662"", ""3343"", ""3160"", ""682"", ""5618"", ""2503"", ""6"", ""12685"", ""13840"", ""529"", ""6407"", ""12115"", ""53"", ""11832"", ""54""]",affc346d-bc56-4228-8c65-9a86f0ecc1f6
308281,"""1592""","[""331""]","""25053""","[""56"", ""4681"", ""39"", ""4662"", ""3343"", ""3160"", ""682"", ""5618"", ""2503"", ""6"", ""12685"", ""13840"", ""529"", ""6407"", ""12115"", ""53"", ""11832"", ""54""]",974965ea-4d45-4959-b739-cf10ff8aab6e
308281,"""1592""","[""331""]","""25053""","[""56"", ""4681"", ""39"", ""4662"", ""3343"", ""3160"", ""682"", ""5618"", ""2503"", ""6"", ""12685"", ""13840"", ""529"", ""6407"", ""12115"", ""53"", ""11832"", ""54""]",601b9bc9-f9d9-42f6-ba75-6865487f07cb
308281,"""1592""","[""331""]","""25053""","[""56"", ""4681"", ""39"", ""4662"", ""3343"", ""3160"", ""682"", ""5618"", ""2503"", ""6"", ""12685"", ""13840"", ""529"", ""6407"", ""12115"", ""53"", ""11832"", ""54""]",0abf7b87-8400-4a7a-9ed6-a12e1a46e92b
308281,"""1592""","[""331""]","""25053""","[""56"", ""4681"", ""39"", ""4662"", ""3343"", ""3160"", ""682"", ""5618"", ""2503"", ""6"", ""12685"", ""13840"", ""529"", ""6407"", ""12115"", ""53"", ""11832"", ""54""]",78d63b26-e3d0-4b6d-a93c-dc0f54a105db
308281,"""1592""","[""331""]","""25053""","[""56"", ""4681"", ""39"", ""4662"", ""3343"", ""3160"", ""682"", ""5618"", ""2503"", ""6"", ""12685"", ""13840"", ""529"", ""6407"", ""12115"", ""53"", ""11832"", ""54""]",af949b15-7a22-40bd-a995-6112d53b8a9a
308281,"""1592""","[""331""]","""25053""","[""56"", ""4681"", ""39"", ""4662"", ""3343"", ""3160"", ""682"", ""5618"", ""2503"", ""6"", ""12685"", ""13840"", ""529"", ""6407"", ""12115"", ""53"", ""11832"", ""54""]",346d86ab-d810-405a-9d2d-9e7efe513430
308281,"""1592""","[""331""]","""25053""","[""56"", ""4681"", ""39"", ""4662"", ""3343"", ""3160"", ""682"", ""5618"", ""2503"", ""6"", ""12685"", ""13840"", ""529"", ""6407"", ""12115"", ""53"", ""11832"", ""54""]",a9cb2c55-9caf-48ac-a62f-4a26bff3871e
308281,"""1592""","[""331""]","""25053""","[""56"", ""4681"", ""39"", ""4662"", ""3343"", ""3160"", ""682"", ""5618"", ""2503"", ""6"", ""12685"", ""13840"", ""529"", ""6407"", ""12115"", ""53"", ""11832"", ""54""]",9dba3429-0e02-4262-8b79-f6d4138b9dfa
308281,"""1592""","[""331""]","""25053""","[""56"", ""4681"", ""39"", ""4662"", ""3343"", ""3160"", ""682"", ""5618"", ""2503"", ""6"", ""12685"", ""13840"", ""529"", ""6407"", ""12115"", ""53"", ""11832"", ""54""]",96d3b3f1-12fa-489a-9c30-777e4e143310
308281,"""1592""","[""331""]","""25053""","[""56"", ""4681"", ""39"", ""4662"", ""3343"", ""3160"", ""682"", ""5618"", ""2503"", ""6"", ""12685"", ""13840"", ""529"", ""6407"", ""12115"", ""53"", ""11832"", ""54""]",046117ea-0646-4de6-b6c4-89047708e182
308281,"""1592""","[""331""]","""25053""","[""56"", ""4681"", ""39"", ""4662"", ""3343"", ""3160"", ""682"", ""5618"", ""2503"", ""6"", ""12685"", ""13840"", ""529"", ""6407"", ""12115"", ""53"", ""11832"", ""54""]",5688e9e5-4963-40f8-9bb6-0448ef07b245
308281,"""1592""","[""331""]","""25053""","[""56"", ""4681"", ""39"", ""4662"", ""3343"", ""3160"", ""682"", ""5618"", ""2503"", ""6"", ""12685"", ""13840"", ""529"", ""6407"", ""12115"", ""53"", ""11832"", ""54""]",3458884f-afbd-4049-83b8-22b0ea6eebdf
308281,"""1592""","[""331""]","""25053""","[""56"", ""4681"", ""39"", ""4662"", ""3343"", ""3160"", ""682"", ""5618"", ""2503"", ""6"", ""12685"", ""13840"", ""529"", ""6407"", ""12115"", ""53"", ""11832"", ""54""]",63a218b7-e3fa-4802-a99f-21d07793d903
308281,"""1592""","[""331""]","""25053""","[""56"", ""4681"", ""39"", ""4662"", ""3343"", ""3160"", ""682"", ""5618"", ""2503"", ""6"", ""12685"", ""13840"", ""529"", ""6407"", ""12115"", ""53"", ""11832"", ""54""]",b6056248-1b76-45cf-a510-454d91b90d51
308281,"""1592""","[""331""]","""25053""","[""56"", ""4681"", ""39"", ""4662"", ""3343"", ""3160"", ""682"", ""5618"", ""2503"", ""6"", ""12685"", ""13840"", ""529"", ""6407"", ""12115"", ""53"", ""11832"", ""54""]",06b6b0bd-5e8d-4033-a4d3-c9c6efc7a8a9
308281,"""1592""","[""331""]","""25053""","[""56"", ""4681"", ""39"", ""4662"", ""3343"", ""3160"", ""682"", ""5618"", ""2503"", ""6"", ""12685"", ""13840"", ""529"", ""6407"", ""12115"", ""53"", ""11832"", ""54""]",4bd05783-676f-42ca-8e4a-2e414d8a1579
308281,"""1592""","[""331""]","""25053""","[""56"", ""4681"", ""39"", ""4662"", ""3343"", ""3160"", ""682"", ""5618"", ""2503"", ""6"", ""12685"", ""13840"", ""529"", ""6407"", ""12115"", ""53"", ""11832"", ""54""]",a9cb2c55-9caf-48ac-a62f-4a26bff3871e
308281,"""1592""","[""331""]","""25053""","[""56"", ""4681"", ""39"", ""4662"", ""3343"", ""3160"", ""682"", ""5618"", ""2503"", ""6"", ""12685"", ""13840"", ""529"", ""6407"", ""12115"", ""53"", ""11832"", ""54""]",e573f700-48f7-4b88-a0fd-ac7200beb7ba
308281,"""1592""","[""331""]","""25053""","[""56"", ""4681"", ""39"", ""4662"", ""3343"", ""3160"", ""682"", ""5618"", ""2503"", ""6"", ""12685"", ""13840"", ""529"", ""6407"", ""12115"", ""53"", ""11832"", ""54""]",4c9f8daf-30c4-4a43-98ac-4c6996edc50d
308281,"""1592""","[""331""]","""25053""","[""56"", ""4681"", ""39"", ""4662"", ""3343"", ""3160"", ""682"", ""5618"", ""2503"", ""6"", ""12685"", ""13840"", ""529"", ""6407"", ""12115"", ""53"", ""11832"", ""54""]",f78a5bec-a4fd-49a9-ac66-891959eab61f
308281,"""1592""","[""331""]","""25053""","[""56"", ""4681"", ""39"", ""4662"", ""3343"", ""3160"", ""682"", ""5618"", ""2503"", ""6"", ""12685"", ""13840"", ""529"", ""6407"", ""12115"", ""53"", ""11832"", ""54""]",06b6b0bd-5e8d-4033-a4d3-c9c6efc7a8a9
308281,"""1592""","[""331""]","""25053""","[""56"", ""4681"", ""39"", ""4662"", ""3343"", ""3160"", ""682"", ""5618"", ""2503"", ""6"", ""12685"", ""13840"", ""529"", ""6407"", ""12115"", ""53"", ""11832"", ""54""]",4bd05783-676f-42ca-8e4a-2e414d8a1579
308281,"""1592""","[""331""]","""25053""","[""56"", ""4681"", ""39"", ""4662"", ""3343"", ""3160"", ""682"", ""5618"", ""2503"", ""6"", ""12685"", ""13840"", ""529"", ""6407"", ""12115"", ""53"", ""11832"", ""54""]",fe87df19-2f29-4002-a231-bbf6a93873b9
308281,"""1592""","[""331""]","""25053""","[""56"", ""4681"", ""39"", ""4662"", ""3343"", ""3160"", ""682"", ""5618"", ""2503"", ""6"", ""12685"", ""13840"", ""529"", ""6407"", ""12115"", ""53"", ""11832"", ""54""]",fc9debc4-b749-40e9-a0c7-6fcf4ecef7c7
308281,"""1592""","[""331""]","""25053""","[""56"", ""4681"", ""39"", ""4662"", ""3343"", ""3160"", ""682"", ""5618"", ""2503"", ""6"", ""12685"", ""13840"", ""529"", ""6407"", ""12115"", ""53"", ""11832"", ""54""]",652cd646-547a-41e7-bf00-36d7a3f2c5a2
308281,"""1592""","[""331""]","""25053""","[""56"", ""4681"", ""39"", ""4662"", ""3343"", ""3160"", ""682"", ""5618"", ""2503"", ""6"", ""12685"", ""13840"", ""529"", ""6407"", ""12115"", ""53"", ""11832"", ""54""]",fe87df19-2f29-4002-a231-bbf6a93873b9
308281,"""1592""","[""331""]","""25053""","[""56"", ""4681"", ""39"", ""4662"", ""3343"", ""3160"", ""682"", ""5618"", ""2503"", ""6"", ""12685"", ""13840"", ""529"", ""6407"", ""12115"", ""53"", ""11832"", ""54""]",13f7450f-ab2c-4cc3-884b-c41445fde815
308281,"""1592""","[""331""]","""25053""","[""56"", ""4681"", ""39"", ""4662"", ""3343"", ""3160"", ""682"", ""5618"", ""2503"", ""6"", ""12685"", ""13840"", ""529"", ""6407"", ""12115"", ""53"", ""11832"", ""54""]",82898593-eea5-4032-8506-352a63bef889
308281,"""1592""","[""331""]","""25053""","[""56"", ""4681"", ""39"", ""4662"", ""3343"", ""3160"", ""682"", ""5618"", ""2503"", ""6"", ""12685"", ""13840"", ""529"", ""6407"", ""12115"", ""53"", ""11832"", ""54""]",8fcce1e2-d1ac-4d02-9a20-bdc5c6660eaf
308281,"""1592""","[""331""]","""25053""","[""56"", ""4681"", ""39"", ""4662"", ""3343"", ""3160"", ""682"", ""5618"", ""2503"", ""6"", ""12685"", ""13840"", ""529"", ""6407"", ""12115"", ""53"", ""11832"", ""54""]",68fa31b3-40da-417c-8bfd-14bec94657e2
308281,"""1592""","[""331""]","""25053""","[""56"", ""4681"", ""39"", ""4662"", ""3343"", ""3160"", ""682"", ""5618"", ""2503"", ""6"", ""12685"", ""13840"", ""529"", ""6407"", ""12115"", ""53"", ""11832"", ""54""]",d9914770-6313-4738-bf71-605d215f0cc2
308281,"""1592""","[""331""]","""25053""","[""56"", ""4681"", ""39"", ""4662"", ""3343"", ""3160"", ""682"", ""5618"", ""2503"", ""6"", ""12685"", ""13840"", ""529"", ""6407"", ""12115"", ""53"", ""11832"", ""54""]",1ef6f2e7-c777-4f2d-b799-399f8807ba1e
308281,"""1592""","[""331""]","""25053""","[""56"", ""4681"", ""39"", ""4662"", ""3343"", ""3160"", ""682"", ""5618"", ""2503"", ""6"", ""12685"", ""13840"", ""529"", ""6407"", ""12115"", ""53"", ""11832"", ""54""]",48f90c2c-3d77-4696-ab11-92e0996dd14c
308281,"""1592""","[""331""]","""25053""","[""56"", ""4681"", ""39"", ""4662"", ""3343"", ""3160"", ""682"", ""5618"", ""2503"", ""6"", ""12685"", ""13840"", ""529"", ""6407"", ""12115"", ""53"", ""11832"", ""54""]",f48662a4-144b-4f71-9660-7cc7fd4c808a
308281,"""1592""","[""331""]","""25053""","[""56"", ""4681"", ""39"", ""4662"", ""3343"", ""3160"", ""682"", ""5618"", ""2503"", ""6"", ""12685"", ""13840"", ""529"", ""6407"", ""12115"", ""53"", ""11832"", ""54""]",076a5e1b-d1ea-4ffb-ab87-6b4527cb617e
308281,"""1592""","[""331""]","""25053""","[""56"", ""4681"", ""39"", ""4662"", ""3343"", ""3160"", ""682"", ""5618"", ""2503"", ""6"", ""12685"", ""13840"", ""529"", ""6407"", ""12115"", ""53"", ""11832"", ""54""]",2115f2e6-23d5-4f9a-9536-94e97a692ef8
301658,"""1592""","[""331""]","""25053""","[""4662"", ""3343"", ""195"", ""680"", ""3160"", ""3527"", ""3526"", ""3569"", ""3525"", ""7"", ""3344"", ""1959"", ""75"", ""54""]",7a4550e6-b192-4b92-8c49-74176d9d01a1
301658,"""1592""","[""331""]","""25053""","[""4662"", ""3343"", ""195"", ""680"", ""3160"", ""3527"", ""3526"", ""3569"", ""3525"", ""7"", ""3344"", ""1959"", ""75"", ""54""]",50f197ac-d858-44d4-aa3c-d2bbfb3e286b
301658,"""1592""","[""331""]","""25053""","[""4662"", ""3343"", ""195"", ""680"", ""3160"", ""3527"", ""3526"", ""3569"", ""3525"", ""7"", ""3344"", ""1959"", ""75"", ""54""]",6a4296db-0931-42a0-93a1-774b1c7a5f93
301658,"""1592""","[""331""]","""25053""","[""4662"", ""3343"", ""195"", ""680"", ""3160"", ""3527"", ""3526"", ""3569"", ""3525"", ""7"", ""3344"", ""1959"", ""75"", ""54""]",ccf1ca5a-544b-4335-b3b2-6b552a65b3e5
301658,"""1592""","[""331""]","""25053""","[""4662"", ""3343"", ""195"", ""680"", ""3160"", ""3527"", ""3526"", ""3569"", ""3525"", ""7"", ""3344"", ""1959"", ""75"", ""54""]",f78d9664-c6b7-4b84-982e-1e0d36494dff
301658,"""1592""","[""331""]","""25053""","[""4662"", ""3343"", ""195"", ""680"", ""3160"", ""3527"", ""3526"", ""3569"", ""3525"", ""7"", ""3344"", ""1959"", ""75"", ""54""]",5cb85d4b-1fe1-44ec-99d8-6dc0d88999d9
301658,"""1592""","[""331""]","""25053""","[""4662"", ""3343"", ""195"", ""680"", ""3160"", ""3527"", ""3526"", ""3569"", ""3525"", ""7"", ""3344"", ""1959"", ""75"", ""54""]",c4a1a7c1-0ed0-4e91-972c-48cb86993c3e
301658,"""1592""","[""331""]","""25053""","[""4662"", ""3343"", ""195"", ""680"", ""3160"", ""3527"", ""3526"", ""3569"", ""3525"", ""7"", ""3344"", ""1959"", ""75"", ""54""]",5f027b87-2c97-4bfd-be5c-7433f2d7d7b5
301658,"""1592""","[""331""]","""25053""","[""4662"", ""3343"", ""195"", ""680"", ""3160"", ""3527"", ""3526"", ""3569"", ""3525"", ""7"", ""3344"", ""1959"", ""75"", ""54""]",70254e14-2608-405d-9f87-cb92f8a3dcfe
301658,"""1592""","[""331""]","""25053""","[""4662"", ""3343"", ""195"", ""680"", ""3160"", ""3527"", ""3526"", ""3569"", ""3525"", ""7"", ""3344"", ""1959"", ""75"", ""54""]",7d69dd64-0d80-4d9e-ac64-6bb505585762
301658,"""1592""","[""331""]","""25053""","[""4662"", ""3343"", ""195"", ""680"", ""3160"", ""3527"", ""3526"", ""3569"", ""3525"", ""7"", ""3344"", ""1959"", ""75"", ""54""]",64b3054e-980b-4a3d-b2e0-135f9fdbe249
301658,"""1592""","[""331""]","""25053""","[""4662"", ""3343"", ""195"", ""680"", ""3160"", ""3527"", ""3526"", ""3569"", ""3525"", ""7"", ""3344"", ""1959"", ""75"", ""54""]",b81b72a8-28ee-447a-a895-adbf7477487d
301658,"""1592""","[""331""]","""25053""","[""4662"", ""3343"", ""195"", ""680"", ""3160"", ""3527"", ""3526"", ""3569"", ""3525"", ""7"", ""3344"", ""1959"", ""75"", ""54""]",6e52ae82-ef70-4f9f-9fca-c9a17b50f978
301658,"""1592""","[""331""]","""25053""","[""4662"", ""3343"", ""195"", ""680"", ""3160"", ""3527"", ""3526"", ""3569"", ""3525"", ""7"", ""3344"", ""1959"", ""75"", ""54""]",0abf7b87-8400-4a7a-9ed6-a12e1a46e92b
301658,"""1592""","[""331""]","""25053""","[""4662"", ""3343"", ""195"", ""680"", ""3160"", ""3527"", ""3526"", ""3569"", ""3525"", ""7"", ""3344"", ""1959"", ""75"", ""54""]",aeddd414-2077-4d30-a553-1490d49ad548
301658,"""1592""","[""331""]","""25053""","[""4662"", ""3343"", ""195"", ""680"", ""3160"", ""3527"", ""3526"", ""3569"", ""3525"", ""7"", ""3344"", ""1959"", ""75"", ""54""]",06d0e3c6-7dfa-4460-bec9-c0d0e6f29956
301658,"""1592""","[""331""]","""25053""","[""4662"", ""3343"", ""195"", ""680"", ""3160"", ""3527"", ""3526"", ""3569"", ""3525"", ""7"", ""3344"", ""1959"", ""75"", ""54""]",fbdf28b0-8f55-49a6-a41a-49c82192e0f6
301658,"""1592""","[""331""]","""25053""","[""4662"", ""3343"", ""195"", ""680"", ""3160"", ""3527"", ""3526"", ""3569"", ""3525"", ""7"", ""3344"", ""1959"", ""75"", ""54""]",7dc9ad95-516e-485e-ba31-0469be624b0c
301658,"""1592""","[""331""]","""25053""","[""4662"", ""3343"", ""195"", ""680"", ""3160"", ""3527"", ""3526"", ""3569"", ""3525"", ""7"", ""3344"", ""1959"", ""75"", ""54""]",47780a2c-30ca-4e76-a95b-5dfbb06d10b6
301658,"""1592""","[""331""]","""25053""","[""4662"", ""3343"", ""195"", ""680"", ""3160"", ""3527"", ""3526"", ""3569"", ""3525"", ""7"", ""3344"", ""1959"", ""75"", ""54""]",22327e74-c04a-4ab4-ac51-91a64b9a7746
301658,"""1592""","[""331""]","""25053""","[""4662"", ""3343"", ""195"", ""680"", ""3160"", ""3527"", ""3526"", ""3569"", ""3525"", ""7"", ""3344"", ""1959"", ""75"", ""54""]",3ff7b03d-96c6-4364-b906-fcba0198b9f5
301658,"""1592""","[""331""]","""25053""","[""4662"", ""3343"", ""195"", ""680"", ""3160"", ""3527"", ""3526"", ""3569"", ""3525"", ""7"", ""3344"", ""1959"", ""75"", ""54""]",50f197ac-d858-44d4-aa3c-d2bbfb3e286b
301658,"""1592""","[""331""]","""25053""","[""4662"", ""3343"", ""195"", ""680"", ""3160"", ""3527"", ""3526"", ""3569"", ""3525"", ""7"", ""3344"", ""1959"", ""75"", ""54""]",7d69dd64-0d80-4d9e-ac64-6bb505585762
301658,"""1592""","[""331""]","""25053""","[""4662"", ""3343"", ""195"", ""680"", ""3160"", ""3527"", ""3526"", ""3569"", ""3525"", ""7"", ""3344"", ""1959"", ""75"", ""54""]",6a4296db-0931-42a0-93a1-774b1c7a5f93
301658,"""1592""","[""331""]","""25053""","[""4662"", ""3343"", ""195"", ""680"", ""3160"", ""3527"", ""3526"", ""3569"", ""3525"", ""7"", ""3344"", ""1959"", ""75"", ""54""]",06d0e3c6-7dfa-4460-bec9-c0d0e6f29956
301658,"""1592""","[""331""]","""25053""","[""4662"", ""3343"", ""195"", ""680"", ""3160"", ""3527"", ""3526"", ""3569"", ""3525"", ""7"", ""3344"", ""1959"", ""75"", ""54""]",7d69dd64-0d80-4d9e-ac64-6bb505585762
301658,"""1592""","[""331""]","""25053""","[""4662"", ""3343"", ""195"", ""680"", ""3160"", ""3527"", ""3526"", ""3569"", ""3525"", ""7"", ""3344"", ""1959"", ""75"", ""54""]",d119a992-3498-4514-89bf-3307232f3d80
301658,"""1592""","[""331""]","""25053""","[""4662"", ""3343"", ""195"", ""680"", ""3160"", ""3527"", ""3526"", ""3569"", ""3525"", ""7"", ""3344"", ""1959"", ""75"", ""54""]",70254e14-2608-405d-9f87-cb92f8a3dcfe
301658,"""1592""","[""331""]","""25053""","[""4662"", ""3343"", ""195"", ""680"", ""3160"", ""3527"", ""3526"", ""3569"", ""3525"", ""7"", ""3344"", ""1959"", ""75"", ""54""]",d119a992-3498-4514-89bf-3307232f3d80
301658,"""1592""","[""331""]","""25053""","[""4662"", ""3343"", ""195"", ""680"", ""3160"", ""3527"", ""3526"", ""3569"", ""3525"", ""7"", ""3344"", ""1959"", ""75"", ""54""]",5f52587d-870d-4a6c-aed0-654b4f289c57
301658,"""1592""","[""331""]","""25053""","[""4662"", ""3343"", ""195"", ""680"", ""3160"", ""3527"", ""3526"", ""3569"", ""3525"", ""7"", ""3344"", ""1959"", ""75"", ""54""]",51f1cb0f-e1da-45fe-962a-37aae139b13b
301658,"""1592""","[""331""]","""25053""","[""4662"", ""3343"", ""195"", ""680"", ""3160"", ""3527"", ""3526"", ""3569"", ""3525"", ""7"", ""3344"", ""1959"", ""75"", ""54""]",14125874-f9cd-4cdd-b0ec-ccdb578e5824
301658,"""1592""","[""331""]","""25053""","[""4662"", ""3343"", ""195"", ""680"", ""3160"", ""3527"", ""3526"", ""3569"", ""3525"", ""7"", ""3344"", ""1959"", ""75"", ""54""]",3ff7b03d-96c6-4364-b906-fcba0198b9f5
301658,"""1592""","[""331""]","""25053""","[""4662"", ""3343"", ""195"", ""680"", ""3160"", ""3527"", ""3526"", ""3569"", ""3525"", ""7"", ""3344"", ""1959"", ""75"", ""54""]",50f197ac-d858-44d4-aa3c-d2bbfb3e286b
301658,"""1592""","[""331""]","""25053""","[""4662"", ""3343"", ""195"", ""680"", ""3160"", ""3527"", ""3526"", ""3569"", ""3525"", ""7"", ""3344"", ""1959"", ""75"", ""54""]",7eb709b2-65e7-43e4-8b37-69969af2af17
301658,"""1592""","[""331""]","""25053""","[""4662"", ""3343"", ""195"", ""680"", ""3160"", ""3527"", ""3526"", ""3569"", ""3525"", ""7"", ""3344"", ""1959"", ""75"", ""54""]",8d7cc2ba-25b6-4add-b5c7-297c5b7dfedc
301658,"""1592""","[""331""]","""25053""","[""4662"", ""3343"", ""195"", ""680"", ""3160"", ""3527"", ""3526"", ""3569"", ""3525"", ""7"", ""3344"", ""1959"", ""75"", ""54""]",9af83e1b-e139-45aa-8efa-a6346b712665
301658,"""1592""","[""331""]","""25053""","[""4662"", ""3343"", ""195"", ""680"", ""3160"", ""3527"", ""3526"", ""3569"", ""3525"", ""7"", ""3344"", ""1959"", ""75"", ""54""]",a7029ed8-8d79-4672-85fa-4e45408ce087
301658,"""1592""","[""331""]","""25053""","[""4662"", ""3343"", ""195"", ""680"", ""3160"", ""3527"", ""3526"", ""3569"", ""3525"", ""7"", ""3344"", ""1959"", ""75"", ""54""]",8c42352c-d0fa-47bc-a04e-4b73f58ae0ec
301658,"""1592""","[""331""]","""25053""","[""4662"", ""3343"", ""195"", ""680"", ""3160"", ""3527"", ""3526"", ""3569"", ""3525"", ""7"", ""3344"", ""1959"", ""75"", ""54""]",28384464-f338-4cac-84bc-19707f01545d
301658,"""1592""","[""331""]","""25053""","[""4662"", ""3343"", ""195"", ""680"", ""3160"", ""3527"", ""3526"", ""3569"", ""3525"", ""7"", ""3344"", ""1959"", ""75"", ""54""]",d04c7545-89f4-4fd6-a7af-19bb0bf852bd
301658,"""1592""","[""331""]","""25053""","[""4662"", ""3343"", ""195"", ""680"", ""3160"", ""3527"", ""3526"", ""3569"", ""3525"", ""7"", ""3344"", ""1959"", ""75"", ""54""]",52b3103d-d03c-45a9-ad66-fb82afe0c0b1
301658,"""1592""","[""331""]","""25053""","[""4662"", ""3343"", ""195"", ""680"", ""3160"", ""3527"", ""3526"", ""3569"", ""3525"", ""7"", ""3344"", ""1959"", ""75"", ""54""]",0abf7b87-8400-4a7a-9ed6-a12e1a46e92b
301658,"""1592""","[""331""]","""25053""","[""4662"", ""3343"", ""195"", ""680"", ""3160"", ""3527"", ""3526"", ""3569"", ""3525"", ""7"", ""3344"", ""1959"", ""75"", ""54""]",fbdf28b0-8f55-49a6-a41a-49c82192e0f6
301658,"""1592""","[""331""]","""25053""","[""4662"", ""3343"", ""195"", ""680"", ""3160"", ""3527"", ""3526"", ""3569"", ""3525"", ""7"", ""3344"", ""1959"", ""75"", ""54""]",2115f2e6-23d5-4f9a-9536-94e97a692ef8
301658,"""1592""","[""331""]","""25053""","[""4662"", ""3343"", ""195"", ""680"", ""3160"", ""3527"", ""3526"", ""3569"", ""3525"", ""7"", ""3344"", ""1959"", ""75"", ""54""]",23850211-fe35-48f3-bac0-c0d05c5ebf7a
301658,"""1592""","[""331""]","""25053""","[""4662"", ""3343"", ""195"", ""680"", ""3160"", ""3527"", ""3526"", ""3569"", ""3525"", ""7"", ""3344"", ""1959"", ""75"", ""54""]",50f197ac-d858-44d4-aa3c-d2bbfb3e286b
301658,"""1592""","[""331""]","""25053""","[""4662"", ""3343"", ""195"", ""680"", ""3160"", ""3527"", ""3526"", ""3569"", ""3525"", ""7"", ""3344"", ""1959"", ""75"", ""54""]",6a4296db-0931-42a0-93a1-774b1c7a5f93
301658,"""1592""","[""331""]","""25053""","[""4662"", ""3343"", ""195"", ""680"", ""3160"", ""3527"", ""3526"", ""3569"", ""3525"", ""7"", ""3344"", ""1959"", ""75"", ""54""]",72099228-1fb5-4fbf-ac30-4dd906b26186
301658,"""1592""","[""331""]","""25053""","[""4662"", ""3343"", ""195"", ""680"", ""3160"", ""3527"", ""3526"", ""3569"", ""3525"", ""7"", ""3344"", ""1959"", ""75"", ""54""]",871405ac-1681-4fe3-ad84-3dbd306c2693
301658,"""1592""","[""331""]","""25053""","[""4662"", ""3343"", ""195"", ""680"", ""3160"", ""3527"", ""3526"", ""3569"", ""3525"", ""7"", ""3344"", ""1959"", ""75"", ""54""]",9607bbce-243b-4fa3-9342-ab11853f59fb
301658,"""1592""","[""331""]","""25053""","[""4662"", ""3343"", ""195"", ""680"", ""3160"", ""3527"", ""3526"", ""3569"", ""3525"", ""7"", ""3344"", ""1959"", ""75"", ""54""]",50f197ac-d858-44d4-aa3c-d2bbfb3e286b
301658,"""1592""","[""331""]","""25053""","[""4662"", ""3343"", ""195"", ""680"", ""3160"", ""3527"", ""3526"", ""3569"", ""3525"", ""7"", ""3344"", ""1959"", ""75"", ""54""]",fbdf28b0-8f55-49a6-a41a-49c82192e0f6
301658,"""1592""","[""331""]","""25053""","[""4662"", ""3343"", ""195"", ""680"", ""3160"", ""3527"", ""3526"", ""3569"", ""3525"", ""7"", ""3344"", ""1959"", ""75"", ""54""]",026c7fd1-8cd2-4db9-86b7-41dac7443da5
301658,"""1592""","[""331""]","""25053""","[""4662"", ""3343"", ""195"", ""680"", ""3160"", ""3527"", ""3526"", ""3569"", ""3525"", ""7"", ""3344"", ""1959"", ""75"", ""54""]",9d081bcd-5994-4cfe-81cf-bd7b4a069429
301658,"""1592""","[""331""]","""25053""","[""4662"", ""3343"", ""195"", ""680"", ""3160"", ""3527"", ""3526"", ""3569"", ""3525"", ""7"", ""3344"", ""1959"", ""75"", ""54""]",e43e06a8-48db-420e-a7a2-bb1bc9dfc7f2
301658,"""1592""","[""331""]","""25053""","[""4662"", ""3343"", ""195"", ""680"", ""3160"", ""3527"", ""3526"", ""3569"", ""3525"", ""7"", ""3344"", ""1959"", ""75"", ""54""]",06d0e3c6-7dfa-4460-bec9-c0d0e6f29956
301658,"""1592""","[""331""]","""25053""","[""4662"", ""3343"", ""195"", ""680"", ""3160"", ""3527"", ""3526"", ""3569"", ""3525"", ""7"", ""3344"", ""1959"", ""75"", ""54""]",3dc9c7e6-d4b8-46ff-bf5c-663cb3c813ab
301658,"""1592""","[""331""]","""25053""","[""4662"", ""3343"", ""195"", ""680"", ""3160"", ""3527"", ""3526"", ""3569"", ""3525"", ""7"", ""3344"", ""1959"", ""75"", ""54""]",3ff7b03d-96c6-4364-b906-fcba0198b9f5
301658,"""1592""","[""331""]","""25053""","[""4662"", ""3343"", ""195"", ""680"", ""3160"", ""3527"", ""3526"", ""3569"", ""3525"", ""7"", ""3344"", ""1959"", ""75"", ""54""]",427b5e9d-0900-4425-95da-83a88360f9a0
301658,"""1592""","[""331""]","""25053""","[""4662"", ""3343"", ""195"", ""680"", ""3160"", ""3527"", ""3526"", ""3569"", ""3525"", ""7"", ""3344"", ""1959"", ""75"", ""54""]",72099228-1fb5-4fbf-ac30-4dd906b26186
301658,"""1592""","[""331""]","""25053""","[""4662"", ""3343"", ""195"", ""680"", ""3160"", ""3527"", ""3526"", ""3569"", ""3525"", ""7"", ""3344"", ""1959"", ""75"", ""54""]",13f7450f-ab2c-4cc3-884b-c41445fde815
301658,"""1592""","[""331""]","""25053""","[""4662"", ""3343"", ""195"", ""680"", ""3160"", ""3527"", ""3526"", ""3569"", ""3525"", ""7"", ""3344"", ""1959"", ""75"", ""54""]",7d69dd64-0d80-4d9e-ac64-6bb505585762
301658,"""1592""","[""331""]","""25053""","[""4662"", ""3343"", ""195"", ""680"", ""3160"", ""3527"", ""3526"", ""3569"", ""3525"", ""7"", ""3344"", ""1959"", ""75"", ""54""]",e026c0b9-034c-475a-bba5-cd3290eef9ee
301658,"""1592""","[""331""]","""25053""","[""4662"", ""3343"", ""195"", ""680"", ""3160"", ""3527"", ""3526"", ""3569"", ""3525"", ""7"", ""3344"", ""1959"", ""75"", ""54""]",72099228-1fb5-4fbf-ac30-4dd906b26186
301658,"""1592""","[""331""]","""25053""","[""4662"", ""3343"", ""195"", ""680"", ""3160"", ""3527"", ""3526"", ""3569"", ""3525"", ""7"", ""3344"", ""1959"", ""75"", ""54""]",bedf465d-54e5-4045-9afe-6788050ea0f2
301658,"""1592""","[""331""]","""25053""","[""4662"", ""3343"", ""195"", ""680"", ""3160"", ""3527"", ""3526"", ""3569"", ""3525"", ""7"", ""3344"", ""1959"", ""75"", ""54""]",4ca2746e-db71-460a-b5cd-4b781ec9351f
301658,"""1592""","[""331""]","""25053""","[""4662"", ""3343"", ""195"", ""680"", ""3160"", ""3527"", ""3526"", ""3569"", ""3525"", ""7"", ""3344"", ""1959"", ""75"", ""54""]",6a4296db-0931-42a0-93a1-774b1c7a5f93
301658,"""1592""","[""331""]","""25053""","[""4662"", ""3343"", ""195"", ""680"", ""3160"", ""3527"", ""3526"", ""3569"", ""3525"", ""7"", ""3344"", ""1959"", ""75"", ""54""]",70254e14-2608-405d-9f87-cb92f8a3dcfe
301658,"""1592""","[""331""]","""25053""","[""4662"", ""3343"", ""195"", ""680"", ""3160"", ""3527"", ""3526"", ""3569"", ""3525"", ""7"", ""3344"", ""1959"", ""75"", ""54""]",174cb419-f6f5-403b-9ddc-9c71cf97e76c
301658,"""1592""","[""331""]","""25053""","[""4662"", ""3343"", ""195"", ""680"", ""3160"", ""3527"", ""3526"", ""3569"", ""3525"", ""7"", ""3344"", ""1959"", ""75"", ""54""]",8479fa4a-2bbf-473e-8ced-299e95b1b776
301658,"""1592""","[""331""]","""25053""","[""4662"", ""3343"", ""195"", ""680"", ""3160"", ""3527"", ""3526"", ""3569"", ""3525"", ""7"", ""3344"", ""1959"", ""75"", ""54""]",c16314f6-89d6-431c-baca-3c0da68815d5
301658,"""1592""","[""331""]","""25053""","[""4662"", ""3343"", ""195"", ""680"", ""3160"", ""3527"", ""3526"", ""3569"", ""3525"", ""7"", ""3344"", ""1959"", ""75"", ""54""]",c7934f26-576a-49ae-a5dd-b54407996d2a
301658,"""1592""","[""331""]","""25053""","[""4662"", ""3343"", ""195"", ""680"", ""3160"", ""3527"", ""3526"", ""3569"", ""3525"", ""7"", ""3344"", ""1959"", ""75"", ""54""]",153f69f4-438b-4ce4-a78c-6e8708d88c11
301658,"""1592""","[""331""]","""25053""","[""4662"", ""3343"", ""195"", ""680"", ""3160"", ""3527"", ""3526"", ""3569"", ""3525"", ""7"", ""3344"", ""1959"", ""75"", ""54""]",92cba589-518d-43c8-b890-ee5a41e85ccf
301658,"""1592""","[""331""]","""25053""","[""4662"", ""3343"", ""195"", ""680"", ""3160"", ""3527"", ""3526"", ""3569"", ""3525"", ""7"", ""3344"", ""1959"", ""75"", ""54""]",3ff7b03d-96c6-4364-b906-fcba0198b9f5
301658,"""1592""","[""331""]","""25053""","[""4662"", ""3343"", ""195"", ""680"", ""3160"", ""3527"", ""3526"", ""3569"", ""3525"", ""7"", ""3344"", ""1959"", ""75"", ""54""]",0f39b9a5-5eac-47ec-ae61-e91fce917980
301658,"""1592""","[""331""]","""25053""","[""4662"", ""3343"", ""195"", ""680"", ""3160"", ""3527"", ""3526"", ""3569"", ""3525"", ""7"", ""3344"", ""1959"", ""75"", ""54""]",e4907c75-6379-4a52-8381-f165d66613d8
301658,"""1592""","[""331""]","""25053""","[""4662"", ""3343"", ""195"", ""680"", ""3160"", ""3527"", ""3526"", ""3569"", ""3525"", ""7"", ""3344"", ""1959"", ""75"", ""54""]",47780a2c-30ca-4e76-a95b-5dfbb06d10b6
301658,"""1592""","[""331""]","""25053""","[""4662"", ""3343"", ""195"", ""680"", ""3160"", ""3527"", ""3526"", ""3569"", ""3525"", ""7"", ""3344"", ""1959"", ""75"", ""54""]",6a4296db-0931-42a0-93a1-774b1c7a5f93
301658,"""1592""","[""331""]","""25053""","[""4662"", ""3343"", ""195"", ""680"", ""3160"", ""3527"", ""3526"", ""3569"", ""3525"", ""7"", ""3344"", ""1959"", ""75"", ""54""]",06d0e3c6-7dfa-4460-bec9-c0d0e6f29956
301658,"""1592""","[""331""]","""25053""","[""4662"", ""3343"", ""195"", ""680"", ""3160"", ""3527"", ""3526"", ""3569"", ""3525"", ""7"", ""3344"", ""1959"", ""75"", ""54""]",0cac9d98-56af-46ee-816c-289e9949d15b
301658,"""1592""","[""331""]","""25053""","[""4662"", ""3343"", ""195"", ""680"", ""3160"", ""3527"", ""3526"", ""3569"", ""3525"", ""7"", ""3344"", ""1959"", ""75"", ""54""]",f3751969-b820-4ded-b161-8393e59cccad
301658,"""1592""","[""331""]","""25053""","[""4662"", ""3343"", ""195"", ""680"", ""3160"", ""3527"", ""3526"", ""3569"", ""3525"", ""7"", ""3344"", ""1959"", ""75"", ""54""]",47780a2c-30ca-4e76-a95b-5dfbb06d10b6
301658,"""1592""","[""331""]","""25053""","[""4662"", ""3343"", ""195"", ""680"", ""3160"", ""3527"", ""3526"", ""3569"", ""3525"", ""7"", ""3344"", ""1959"", ""75"", ""54""]",9607bbce-243b-4fa3-9342-ab11853f59fb
301658,"""1592""","[""331""]","""25053""","[""4662"", ""3343"", ""195"", ""680"", ""3160"", ""3527"", ""3526"", ""3569"", ""3525"", ""7"", ""3344"", ""1959"", ""75"", ""54""]",70254e14-2608-405d-9f87-cb92f8a3dcfe
301658,"""1592""","[""331""]","""25053""","[""4662"", ""3343"", ""195"", ""680"", ""3160"", ""3527"", ""3526"", ""3569"", ""3525"", ""7"", ""3344"", ""1959"", ""75"", ""54""]",3d998dcd-2226-4b04-9c97-b39f7b6fe997
301658,"""1592""","[""331""]","""25053""","[""4662"", ""3343"", ""195"", ""680"", ""3160"", ""3527"", ""3526"", ""3569"", ""3525"", ""7"", ""3344"", ""1959"", ""75"", ""54""]",3a733b87-26e1-4956-823c-591f948dca54
301658,"""1592""","[""331""]","""25053""","[""4662"", ""3343"", ""195"", ""680"", ""3160"", ""3527"", ""3526"", ""3569"", ""3525"", ""7"", ""3344"", ""1959"", ""75"", ""54""]",3ff7b03d-96c6-4364-b906-fcba0198b9f5
301658,"""1592""","[""331""]","""25053""","[""4662"", ""3343"", ""195"", ""680"", ""3160"", ""3527"", ""3526"", ""3569"", ""3525"", ""7"", ""3344"", ""1959"", ""75"", ""54""]",70254e14-2608-405d-9f87-cb92f8a3dcfe
301658,"""1592""","[""331""]","""25053""","[""4662"", ""3343"", ""195"", ""680"", ""3160"", ""3527"", ""3526"", ""3569"", ""3525"", ""7"", ""3344"", ""1959"", ""75"", ""54""]",8d342a12-02da-4d87-995e-8b790f7259d7
301658,"""1592""","[""331""]","""25053""","[""4662"", ""3343"", ""195"", ""680"", ""3160"", ""3527"", ""3526"", ""3569"", ""3525"", ""7"", ""3344"", ""1959"", ""75"", ""54""]",70254e14-2608-405d-9f87-cb92f8a3dcfe
301658,"""1592""","[""331""]","""25053""","[""4662"", ""3343"", ""195"", ""680"", ""3160"", ""3527"", ""3526"", ""3569"", ""3525"", ""7"", ""3344"", ""1959"", ""75"", ""54""]",6a4296db-0931-42a0-93a1-774b1c7a5f93
301658,"""1592""","[""331""]","""25053""","[""4662"", ""3343"", ""195"", ""680"", ""3160"", ""3527"", ""3526"", ""3569"", ""3525"", ""7"", ""3344"", ""1959"", ""75"", ""54""]",06d0e3c6-7dfa-4460-bec9-c0d0e6f29956
301658,"""1592""","[""331""]","""25053""","[""4662"", ""3343"", ""195"", ""680"", ""3160"", ""3527"", ""3526"", ""3569"", ""3525"", ""7"", ""3344"", ""1959"", ""75"", ""54""]",70254e14-2608-405d-9f87-cb92f8a3dcfe
301658,"""1592""","[""331""]","""25053""","[""4662"", ""3343"", ""195"", ""680"", ""3160"", ""3527"", ""3526"", ""3569"", ""3525"", ""7"", ""3344"", ""1959"", ""75"", ""54""]",50f197ac-d858-44d4-aa3c-d2bbfb3e286b
301658,"""1592""","[""331""]","""25053""","[""4662"", ""3343"", ""195"", ""680"", ""3160"", ""3527"", ""3526"", ""3569"", ""3525"", ""7"", ""3344"", ""1959"", ""75"", ""54""]",2a509b9c-8185-4722-b547-17fdaf5f8340
301658,"""1592""","[""331""]","""25053""","[""4662"", ""3343"", ""195"", ""680"", ""3160"", ""3527"", ""3526"", ""3569"", ""3525"", ""7"", ""3344"", ""1959"", ""75"", ""54""]",70254e14-2608-405d-9f87-cb92f8a3dcfe
301658,"""1592""","[""331""]","""25053""","[""4662"", ""3343"", ""195"", ""680"", ""3160"", ""3527"", ""3526"", ""3569"", ""3525"", ""7"", ""3344"", ""1959"", ""75"", ""54""]",7d69dd64-0d80-4d9e-ac64-6bb505585762
301658,"""1592""","[""331""]","""25053""","[""4662"", ""3343"", ""195"", ""680"", ""3160"", ""3527"", ""3526"", ""3569"", ""3525"", ""7"", ""3344"", ""1959"", ""75"", ""54""]",8c42352c-d0fa-47bc-a04e-4b73f58ae0ec
301658,"""1592""","[""331""]","""25053""","[""4662"", ""3343"", ""195"", ""680"", ""3160"", ""3527"", ""3526"", ""3569"", ""3525"", ""7"", ""3344"", ""1959"", ""75"", ""54""]",8c42352c-d0fa-47bc-a04e-4b73f58ae0ec
301658,"""1592""","[""331""]","""25053""","[""4662"", ""3343"", ""195"", ""680"", ""3160"", ""3527"", ""3526"", ""3569"", ""3525"", ""7"", ""3344"", ""1959"", ""75"", ""54""]",3ff7b03d-96c6-4364-b906-fcba0198b9f5
301658,"""1592""","[""331""]","""25053""","[""4662"", ""3343"", ""195"", ""680"", ""3160"", ""3527"", ""3526"", ""3569"", ""3525"", ""7"", ""3344"", ""1959"", ""75"", ""54""]",7063e475-698a-46df-88a8-593fcf7141aa
301658,"""1592""","[""331""]","""25053""","[""4662"", ""3343"", ""195"", ""680"", ""3160"", ""3527"", ""3526"", ""3569"", ""3525"", ""7"", ""3344"", ""1959"", ""75"", ""54""]",4ef5bb3f-6460-4b00-a8af-38b676c98082
301658,"""1592""","[""331""]","""25053""","[""4662"", ""3343"", ""195"", ""680"", ""3160"", ""3527"", ""3526"", ""3569"", ""3525"", ""7"", ""3344"", ""1959"", ""75"", ""54""]",74d1dbe8-6b54-4f59-b87b-e3d8bae64e45
301658,"""1592""","[""331""]","""25053""","[""4662"", ""3343"", ""195"", ""680"", ""3160"", ""3527"", ""3526"", ""3569"", ""3525"", ""7"", ""3344"", ""1959"", ""75"", ""54""]",88a7d789-43ca-4d53-9aed-732d13da5d8b
301658,"""1592""","[""331""]","""25053""","[""4662"", ""3343"", ""195"", ""680"", ""3160"", ""3527"", ""3526"", ""3569"", ""3525"", ""7"", ""3344"", ""1959"", ""75"", ""54""]",6a4296db-0931-42a0-93a1-774b1c7a5f93
301658,"""1592""","[""331""]","""25053""","[""4662"", ""3343"", ""195"", ""680"", ""3160"", ""3527"", ""3526"", ""3569"", ""3525"", ""7"", ""3344"", ""1959"", ""75"", ""54""]",70254e14-2608-405d-9f87-cb92f8a3dcfe
301658,"""1592""","[""331""]","""25053""","[""4662"", ""3343"", ""195"", ""680"", ""3160"", ""3527"", ""3526"", ""3569"", ""3525"", ""7"", ""3344"", ""1959"", ""75"", ""54""]",a4530db9-2c48-44eb-931a-5357006a56ff
301658,"""1592""","[""331""]","""25053""","[""4662"", ""3343"", ""195"", ""680"", ""3160"", ""3527"", ""3526"", ""3569"", ""3525"", ""7"", ""3344"", ""1959"", ""75"", ""54""]",5805402b-40cf-450c-aec2-17965d30755b
301658,"""1592""","[""331""]","""25053""","[""4662"", ""3343"", ""195"", ""680"", ""3160"", ""3527"", ""3526"", ""3569"", ""3525"", ""7"", ""3344"", ""1959"", ""75"", ""54""]",9d89921e-dc0a-4e32-ad2c-9a4416dcfee9
301658,"""1592""","[""331""]","""25053""","[""4662"", ""3343"", ""195"", ""680"", ""3160"", ""3527"", ""3526"", ""3569"", ""3525"", ""7"", ""3344"", ""1959"", ""75"", ""54""]",c16314f6-89d6-431c-baca-3c0da68815d5
301658,"""1592""","[""331""]","""25053""","[""4662"", ""3343"", ""195"", ""680"", ""3160"", ""3527"", ""3526"", ""3569"", ""3525"", ""7"", ""3344"", ""1959"", ""75"", ""54""]",00f95cf8-42d7-4e8a-a556-a02f4f4a892e
301658,"""1592""","[""331""]","""25053""","[""4662"", ""3343"", ""195"", ""680"", ""3160"", ""3527"", ""3526"", ""3569"", ""3525"", ""7"", ""3344"", ""1959"", ""75"", ""54""]",47780a2c-30ca-4e76-a95b-5dfbb06d10b6
301658,"""1592""","[""331""]","""25053""","[""4662"", ""3343"", ""195"", ""680"", ""3160"", ""3527"", ""3526"", ""3569"", ""3525"", ""7"", ""3344"", ""1959"", ""75"", ""54""]",dfcf2eb6-f8dc-4ebc-91b8-db0d1025cd51
301658,"""1592""","[""331""]","""25053""","[""4662"", ""3343"", ""195"", ""680"", ""3160"", ""3527"", ""3526"", ""3569"", ""3525"", ""7"", ""3344"", ""1959"", ""75"", ""54""]",3ff7b03d-96c6-4364-b906-fcba0198b9f5
301658,"""1592""","[""331""]","""25053""","[""4662"", ""3343"", ""195"", ""680"", ""3160"", ""3527"", ""3526"", ""3569"", ""3525"", ""7"", ""3344"", ""1959"", ""75"", ""54""]",4965130d-54aa-4638-be67-daa8365d446d
301658,"""1592""","[""331""]","""25053""","[""4662"", ""3343"", ""195"", ""680"", ""3160"", ""3527"", ""3526"", ""3569"", ""3525"", ""7"", ""3344"", ""1959"", ""75"", ""54""]",9c00f9d1-5769-4814-91ba-b40ec5fbcaba
301658,"""1592""","[""331""]","""25053""","[""4662"", ""3343"", ""195"", ""680"", ""3160"", ""3527"", ""3526"", ""3569"", ""3525"", ""7"", ""3344"", ""1959"", ""75"", ""54""]",70254e14-2608-405d-9f87-cb92f8a3dcfe
301658,"""1592""","[""331""]","""25053""","[""4662"", ""3343"", ""195"", ""680"", ""3160"", ""3527"", ""3526"", ""3569"", ""3525"", ""7"", ""3344"", ""1959"", ""75"", ""54""]",116bb5cd-5e13-4f0e-9903-558138077943
301658,"""1592""","[""331""]","""25053""","[""4662"", ""3343"", ""195"", ""680"", ""3160"", ""3527"", ""3526"", ""3569"", ""3525"", ""7"", ""3344"", ""1959"", ""75"", ""54""]",b720ed86-de9a-43e4-b7ed-7d5bed459679
301658,"""1592""","[""331""]","""25053""","[""4662"", ""3343"", ""195"", ""680"", ""3160"", ""3527"", ""3526"", ""3569"", ""3525"", ""7"", ""3344"", ""1959"", ""75"", ""54""]",468ea3d4-9358-4e0e-bccc-67e991b62772
301658,"""1592""","[""331""]","""25053""","[""4662"", ""3343"", ""195"", ""680"", ""3160"", ""3527"", ""3526"", ""3569"", ""3525"", ""7"", ""3344"", ""1959"", ""75"", ""54""]",72099228-1fb5-4fbf-ac30-4dd906b26186
301658,"""1592""","[""331""]","""25053""","[""4662"", ""3343"", ""195"", ""680"", ""3160"", ""3527"", ""3526"", ""3569"", ""3525"", ""7"", ""3344"", ""1959"", ""75"", ""54""]",2fd23738-13d3-48d2-a0b8-49fcfbb84376
301658,"""1592""","[""331""]","""25053""","[""4662"", ""3343"", ""195"", ""680"", ""3160"", ""3527"", ""3526"", ""3569"", ""3525"", ""7"", ""3344"", ""1959"", ""75"", ""54""]",e026c0b9-034c-475a-bba5-cd3290eef9ee
301658,"""1592""","[""331""]","""25053""","[""4662"", ""3343"", ""195"", ""680"", ""3160"", ""3527"", ""3526"", ""3569"", ""3525"", ""7"", ""3344"", ""1959"", ""75"", ""54""]",43870e72-e1cc-494a-a602-5e6fde1ecd3e
301658,"""1592""","[""331""]","""25053""","[""4662"", ""3343"", ""195"", ""680"", ""3160"", ""3527"", ""3526"", ""3569"", ""3525"", ""7"", ""3344"", ""1959"", ""75"", ""54""]",71841406-e341-4ee6-89bf-2edfe3733ec5
301658,"""1592""","[""331""]","""25053""","[""4662"", ""3343"", ""195"", ""680"", ""3160"", ""3527"", ""3526"", ""3569"", ""3525"", ""7"", ""3344"", ""1959"", ""75"", ""54""]",da00c539-5875-4aa4-9b82-07c17e861d9f
301658,"""1592""","[""331""]","""25053""","[""4662"", ""3343"", ""195"", ""680"", ""3160"", ""3527"", ""3526"", ""3569"", ""3525"", ""7"", ""3344"", ""1959"", ""75"", ""54""]",6a4296db-0931-42a0-93a1-774b1c7a5f93
301658,"""1592""","[""331""]","""25053""","[""4662"", ""3343"", ""195"", ""680"", ""3160"", ""3527"", ""3526"", ""3569"", ""3525"", ""7"", ""3344"", ""1959"", ""75"", ""54""]",70254e14-2608-405d-9f87-cb92f8a3dcfe
301658,"""1592""","[""331""]","""25053""","[""4662"", ""3343"", ""195"", ""680"", ""3160"", ""3527"", ""3526"", ""3569"", ""3525"", ""7"", ""3344"", ""1959"", ""75"", ""54""]",4b7d2e50-4da7-4b85-ae2b-f118f5de9049
301658,"""1592""","[""331""]","""25053""","[""4662"", ""3343"", ""195"", ""680"", ""3160"", ""3527"", ""3526"", ""3569"", ""3525"", ""7"", ""3344"", ""1959"", ""75"", ""54""]",d69aff2f-7303-489b-85d8-a146078c6893
301658,"""1592""","[""331""]","""25053""","[""4662"", ""3343"", ""195"", ""680"", ""3160"", ""3527"", ""3526"", ""3569"", ""3525"", ""7"", ""3344"", ""1959"", ""75"", ""54""]",db985777-6523-40bd-97c9-41aaeca814a0
301658,"""1592""","[""331""]","""25053""","[""4662"", ""3343"", ""195"", ""680"", ""3160"", ""3527"", ""3526"", ""3569"", ""3525"", ""7"", ""3344"", ""1959"", ""75"", ""54""]",7d69dd64-0d80-4d9e-ac64-6bb505585762
301658,"""1592""","[""331""]","""25053""","[""4662"", ""3343"", ""195"", ""680"", ""3160"", ""3527"", ""3526"", ""3569"", ""3525"", ""7"", ""3344"", ""1959"", ""75"", ""54""]",7a156175-dec8-479a-a586-e275923430f9
301658,"""1592""","[""331""]","""25053""","[""4662"", ""3343"", ""195"", ""680"", ""3160"", ""3527"", ""3526"", ""3569"", ""3525"", ""7"", ""3344"", ""1959"", ""75"", ""54""]",95a54f8a-4f89-496e-9096-c08c6a0169e2
301658,"""1592""","[""331""]","""25053""","[""4662"", ""3343"", ""195"", ""680"", ""3160"", ""3527"", ""3526"", ""3569"", ""3525"", ""7"", ""3344"", ""1959"", ""75"", ""54""]",70254e14-2608-405d-9f87-cb92f8a3dcfe
301658,"""1592""","[""331""]","""25053""","[""4662"", ""3343"", ""195"", ""680"", ""3160"", ""3527"", ""3526"", ""3569"", ""3525"", ""7"", ""3344"", ""1959"", ""75"", ""54""]",bc09ce8f-5ccf-4d2e-80ff-28761c439f2b
301658,"""1592""","[""331""]","""25053""","[""4662"", ""3343"", ""195"", ""680"", ""3160"", ""3527"", ""3526"", ""3569"", ""3525"", ""7"", ""3344"", ""1959"", ""75"", ""54""]",e026c0b9-034c-475a-bba5-cd3290eef9ee
301658,"""1592""","[""331""]","""25053""","[""4662"", ""3343"", ""195"", ""680"", ""3160"", ""3527"", ""3526"", ""3569"", ""3525"", ""7"", ""3344"", ""1959"", ""75"", ""54""]",d119a992-3498-4514-89bf-3307232f3d80
301658,"""1592""","[""331""]","""25053""","[""4662"", ""3343"", ""195"", ""680"", ""3160"", ""3527"", ""3526"", ""3569"", ""3525"", ""7"", ""3344"", ""1959"", ""75"", ""54""]",d119a992-3498-4514-89bf-3307232f3d80
301658,"""1592""","[""331""]","""25053""","[""4662"", ""3343"", ""195"", ""680"", ""3160"", ""3527"", ""3526"", ""3569"", ""3525"", ""7"", ""3344"", ""1959"", ""75"", ""54""]",f9f04525-ee62-464f-afd0-d9ec12c6fd18
301658,"""1592""","[""331""]","""25053""","[""4662"", ""3343"", ""195"", ""680"", ""3160"", ""3527"", ""3526"", ""3569"", ""3525"", ""7"", ""3344"", ""1959"", ""75"", ""54""]",47780a2c-30ca-4e76-a95b-5dfbb06d10b6
301658,"""1592""","[""331""]","""25053""","[""4662"", ""3343"", ""195"", ""680"", ""3160"", ""3527"", ""3526"", ""3569"", ""3525"", ""7"", ""3344"", ""1959"", ""75"", ""54""]",cb2b8229-e03a-4c88-8249-efbbd6c9ec0a
301658,"""1592""","[""331""]","""25053""","[""4662"", ""3343"", ""195"", ""680"", ""3160"", ""3527"", ""3526"", ""3569"", ""3525"", ""7"", ""3344"", ""1959"", ""75"", ""54""]",d119a992-3498-4514-89bf-3307232f3d80
301658,"""1592""","[""331""]","""25053""","[""4662"", ""3343"", ""195"", ""680"", ""3160"", ""3527"", ""3526"", ""3569"", ""3525"", ""7"", ""3344"", ""1959"", ""75"", ""54""]",7d69dd64-0d80-4d9e-ac64-6bb505585762
301658,"""1592""","[""331""]","""25053""","[""4662"", ""3343"", ""195"", ""680"", ""3160"", ""3527"", ""3526"", ""3569"", ""3525"", ""7"", ""3344"", ""1959"", ""75"", ""54""]",cc070232-4fad-4898-a679-9e0d7af66966
301658,"""1592""","[""331""]","""25053""","[""4662"", ""3343"", ""195"", ""680"", ""3160"", ""3527"", ""3526"", ""3569"", ""3525"", ""7"", ""3344"", ""1959"", ""75"", ""54""]",3c2b038c-8f9b-458a-b14a-2483b4ecea2b
301658,"""1592""","[""331""]","""25053""","[""4662"", ""3343"", ""195"", ""680"", ""3160"", ""3527"", ""3526"", ""3569"", ""3525"", ""7"", ""3344"", ""1959"", ""75"", ""54""]",7d69dd64-0d80-4d9e-ac64-6bb505585762
301658,"""1592""","[""331""]","""25053""","[""4662"", ""3343"", ""195"", ""680"", ""3160"", ""3527"", ""3526"", ""3569"", ""3525"", ""7"", ""3344"", ""1959"", ""75"", ""54""]",f0b42e31-017a-4c84-a23a-ee0962bef98e
301658,"""1592""","[""331""]","""25053""","[""4662"", ""3343"", ""195"", ""680"", ""3160"", ""3527"", ""3526"", ""3569"", ""3525"", ""7"", ""3344"", ""1959"", ""75"", ""54""]",f20a5116-8b11-4bc2-8bc2-8cd30782a6a9
301658,"""1592""","[""331""]","""25053""","[""4662"", ""3343"", ""195"", ""680"", ""3160"", ""3527"", ""3526"", ""3569"", ""3525"", ""7"", ""3344"", ""1959"", ""75"", ""54""]",f8b4fe3d-eab8-4355-ad61-7bd7a4831cc6
301658,"""1592""","[""331""]","""25053""","[""4662"", ""3343"", ""195"", ""680"", ""3160"", ""3527"", ""3526"", ""3569"", ""3525"", ""7"", ""3344"", ""1959"", ""75"", ""54""]",70254e14-2608-405d-9f87-cb92f8a3dcfe
301658,"""1592""","[""331""]","""25053""","[""4662"", ""3343"", ""195"", ""680"", ""3160"", ""3527"", ""3526"", ""3569"", ""3525"", ""7"", ""3344"", ""1959"", ""75"", ""54""]",14b52d03-d6bf-430f-b4d0-26bca1446f1a
301658,"""1592""","[""331""]","""25053""","[""4662"", ""3343"", ""195"", ""680"", ""3160"", ""3527"", ""3526"", ""3569"", ""3525"", ""7"", ""3344"", ""1959"", ""75"", ""54""]",3ff7b03d-96c6-4364-b906-fcba0198b9f5
301658,"""1592""","[""331""]","""25053""","[""4662"", ""3343"", ""195"", ""680"", ""3160"", ""3527"", ""3526"", ""3569"", ""3525"", ""7"", ""3344"", ""1959"", ""75"", ""54""]",89109552-35a0-42d3-a407-774008118557
301658,"""1592""","[""331""]","""25053""","[""4662"", ""3343"", ""195"", ""680"", ""3160"", ""3527"", ""3526"", ""3569"", ""3525"", ""7"", ""3344"", ""1959"", ""75"", ""54""]",dfcf2eb6-f8dc-4ebc-91b8-db0d1025cd51
301658,"""1592""","[""331""]","""25053""","[""4662"", ""3343"", ""195"", ""680"", ""3160"", ""3527"", ""3526"", ""3569"", ""3525"", ""7"", ""3344"", ""1959"", ""75"", ""54""]",5688e9e5-4963-40f8-9bb6-0448ef07b245
301658,"""1592""","[""331""]","""25053""","[""4662"", ""3343"", ""195"", ""680"", ""3160"", ""3527"", ""3526"", ""3569"", ""3525"", ""7"", ""3344"", ""1959"", ""75"", ""54""]",716609ac-2bf1-4b92-aff4-080f746cfb0e
301658,"""1592""","[""331""]","""25053""","[""4662"", ""3343"", ""195"", ""680"", ""3160"", ""3527"", ""3526"", ""3569"", ""3525"", ""7"", ""3344"", ""1959"", ""75"", ""54""]",7d69dd64-0d80-4d9e-ac64-6bb505585762
301658,"""1592""","[""331""]","""25053""","[""4662"", ""3343"", ""195"", ""680"", ""3160"", ""3527"", ""3526"", ""3569"", ""3525"", ""7"", ""3344"", ""1959"", ""75"", ""54""]",59bcdd9b-4887-4c9a-8d14-98a5bce52c42
301658,"""1592""","[""331""]","""25053""","[""4662"", ""3343"", ""195"", ""680"", ""3160"", ""3527"", ""3526"", ""3569"", ""3525"", ""7"", ""3344"", ""1959"", ""75"", ""54""]",50f197ac-d858-44d4-aa3c-d2bbfb3e286b
301658,"""1592""","[""331""]","""25053""","[""4662"", ""3343"", ""195"", ""680"", ""3160"", ""3527"", ""3526"", ""3569"", ""3525"", ""7"", ""3344"", ""1959"", ""75"", ""54""]",843a6901-ebdc-4d47-8722-8cc9365eb51a
301658,"""1592""","[""331""]","""25053""","[""4662"", ""3343"", ""195"", ""680"", ""3160"", ""3527"", ""3526"", ""3569"", ""3525"", ""7"", ""3344"", ""1959"", ""75"", ""54""]",3ff7b03d-96c6-4364-b906-fcba0198b9f5
301658,"""1592""","[""331""]","""25053""","[""4662"", ""3343"", ""195"", ""680"", ""3160"", ""3527"", ""3526"", ""3569"", ""3525"", ""7"", ""3344"", ""1959"", ""75"", ""54""]",f14c8292-c067-428c-ae8d-3be45abd3ecb
301658,"""1592""","[""331""]","""25053""","[""4662"", ""3343"", ""195"", ""680"", ""3160"", ""3527"", ""3526"", ""3569"", ""3525"", ""7"", ""3344"", ""1959"", ""75"", ""54""]",9607bbce-243b-4fa3-9342-ab11853f59fb
301658,"""1592""","[""331""]","""25053""","[""4662"", ""3343"", ""195"", ""680"", ""3160"", ""3527"", ""3526"", ""3569"", ""3525"", ""7"", ""3344"", ""1959"", ""75"", ""54""]",6a4296db-0931-42a0-93a1-774b1c7a5f93
301658,"""1592""","[""331""]","""25053""","[""4662"", ""3343"", ""195"", ""680"", ""3160"", ""3527"", ""3526"", ""3569"", ""3525"", ""7"", ""3344"", ""1959"", ""75"", ""54""]",6a4296db-0931-42a0-93a1-774b1c7a5f93
301658,"""1592""","[""331""]","""25053""","[""4662"", ""3343"", ""195"", ""680"", ""3160"", ""3527"", ""3526"", ""3569"", ""3525"", ""7"", ""3344"", ""1959"", ""75"", ""54""]",31892b6e-b28f-4248-88e2-00f3a3b79931
301658,"""1592""","[""331""]","""25053""","[""4662"", ""3343"", ""195"", ""680"", ""3160"", ""3527"", ""3526"", ""3569"", ""3525"", ""7"", ""3344"", ""1959"", ""75"", ""54""]",b7718366-72f6-4a2e-9e88-783ba37b7973
301658,"""1592""","[""331""]","""25053""","[""4662"", ""3343"", ""195"", ""680"", ""3160"", ""3527"", ""3526"", ""3569"", ""3525"", ""7"", ""3344"", ""1959"", ""75"", ""54""]",0abf7b87-8400-4a7a-9ed6-a12e1a46e92b
301658,"""1592""","[""331""]","""25053""","[""4662"", ""3343"", ""195"", ""680"", ""3160"", ""3527"", ""3526"", ""3569"", ""3525"", ""7"", ""3344"", ""1959"", ""75"", ""54""]",6a4296db-0931-42a0-93a1-774b1c7a5f93
301658,"""1592""","[""331""]","""25053""","[""4662"", ""3343"", ""195"", ""680"", ""3160"", ""3527"", ""3526"", ""3569"", ""3525"", ""7"", ""3344"", ""1959"", ""75"", ""54""]",70254e14-2608-405d-9f87-cb92f8a3dcfe
301658,"""1592""","[""331""]","""25053""","[""4662"", ""3343"", ""195"", ""680"", ""3160"", ""3527"", ""3526"", ""3569"", ""3525"", ""7"", ""3344"", ""1959"", ""75"", ""54""]",9fd1a1d4-9189-4df5-8333-11b18be1213e
301658,"""1592""","[""331""]","""25053""","[""4662"", ""3343"", ""195"", ""680"", ""3160"", ""3527"", ""3526"", ""3569"", ""3525"", ""7"", ""3344"", ""1959"", ""75"", ""54""]",9ce678d0-9143-4c69-92fe-1d55622ce17f
301658,"""1592""","[""331""]","""25053""","[""4662"", ""3343"", ""195"", ""680"", ""3160"", ""3527"", ""3526"", ""3569"", ""3525"", ""7"", ""3344"", ""1959"", ""75"", ""54""]",68aeb229-8838-4bd7-91b8-17d4784da4d2
301658,"""1592""","[""331""]","""25053""","[""4662"", ""3343"", ""195"", ""680"", ""3160"", ""3527"", ""3526"", ""3569"", ""3525"", ""7"", ""3344"", ""1959"", ""75"", ""54""]",50f197ac-d858-44d4-aa3c-d2bbfb3e286b
301658,"""1592""","[""331""]","""25053""","[""4662"", ""3343"", ""195"", ""680"", ""3160"", ""3527"", ""3526"", ""3569"", ""3525"", ""7"", ""3344"", ""1959"", ""75"", ""54""]",e2fc7d19-d316-4dc2-955a-fbccc3061221
301658,"""1592""","[""331""]","""25053""","[""4662"", ""3343"", ""195"", ""680"", ""3160"", ""3527"", ""3526"", ""3569"", ""3525"", ""7"", ""3344"", ""1959"", ""75"", ""54""]",85872cbf-3748-46b6-8605-83a216744134
308281,"""1592""","[""331""]","""25053""","[""56"", ""4681"", ""39"", ""4662"", ""3343"", ""3160"", ""682"", ""5618"", ""2503"", ""6"", ""12685"", ""13840"", ""529"", ""6407"", ""12115"", ""53"", ""11832"", ""54""]",8b2f858b-3c0f-43ab-90e8-ebf4fc1fe17d
308281,"""1592""","[""331""]","""25053""","[""56"", ""4681"", ""39"", ""4662"", ""3343"", ""3160"", ""682"", ""5618"", ""2503"", ""6"", ""12685"", ""13840"", ""529"", ""6407"", ""12115"", ""53"", ""11832"", ""54""]",c8172c3a-1f7b-422e-931e-4b00e3913079
308281,"""1592""","[""331""]","""25053""","[""56"", ""4681"", ""39"", ""4662"", ""3343"", ""3160"", ""682"", ""5618"", ""2503"", ""6"", ""12685"", ""13840"", ""529"", ""6407"", ""12115"", ""53"", ""11832"", ""54""]",0abf7b87-8400-4a7a-9ed6-a12e1a46e92b
308281,"""1592""","[""331""]","""25053""","[""56"", ""4681"", ""39"", ""4662"", ""3343"", ""3160"", ""682"", ""5618"", ""2503"", ""6"", ""12685"", ""13840"", ""529"", ""6407"", ""12115"", ""53"", ""11832"", ""54""]",24b1d3c6-98ee-4072-8c03-231698076dc5
308281,"""1592""","[""331""]","""25053""","[""56"", ""4681"", ""39"", ""4662"", ""3343"", ""3160"", ""682"", ""5618"", ""2503"", ""6"", ""12685"", ""13840"", ""529"", ""6407"", ""12115"", ""53"", ""11832"", ""54""]",af526bed-af3a-40cb-92d5-9cd19540c7a3
308281,"""1592""","[""331""]","""25053""","[""56"", ""4681"", ""39"", ""4662"", ""3343"", ""3160"", ""682"", ""5618"", ""2503"", ""6"", ""12685"", ""13840"", ""529"", ""6407"", ""12115"", ""53"", ""11832"", ""54""]",e1074974-6c91-4f05-be2a-68e5af0f658f
308281,"""1592""","[""331""]","""25053""","[""56"", ""4681"", ""39"", ""4662"", ""3343"", ""3160"", ""682"", ""5618"", ""2503"", ""6"", ""12685"", ""13840"", ""529"", ""6407"", ""12115"", ""53"", ""11832"", ""54""]",affc346d-bc56-4228-8c65-9a86f0ecc1f6
308281,"""1592""","[""331""]","""25053""","[""56"", ""4681"", ""39"", ""4662"", ""3343"", ""3160"", ""682"", ""5618"", ""2503"", ""6"", ""12685"", ""13840"", ""529"", ""6407"", ""12115"", ""53"", ""11832"", ""54""]",d882d781-6a0a-4fcf-8e42-437e369d6dfc
308281,"""1592""","[""331""]","""25053""","[""56"", ""4681"", ""39"", ""4662"", ""3343"", ""3160"", ""682"", ""5618"", ""2503"", ""6"", ""12685"", ""13840"", ""529"", ""6407"", ""12115"", ""53"", ""11832"", ""54""]",fbdf28b0-8f55-49a6-a41a-49c82192e0f6
308281,"""1592""","[""331""]","""25053""","[""56"", ""4681"", ""39"", ""4662"", ""3343"", ""3160"", ""682"", ""5618"", ""2503"", ""6"", ""12685"", ""13840"", ""529"", ""6407"", ""12115"", ""53"", ""11832"", ""54""]",c7cb7476-f4cd-4596-8ff4-ca2fab1bab81
308281,"""1592""","[""331""]","""25053""","[""56"", ""4681"", ""39"", ""4662"", ""3343"", ""3160"", ""682"", ""5618"", ""2503"", ""6"", ""12685"", ""13840"", ""529"", ""6407"", ""12115"", ""53"", ""11832"", ""54""]",06b6b0bd-5e8d-4033-a4d3-c9c6efc7a8a9
308281,"""1592""","[""331""]","""25053""","[""56"", ""4681"", ""39"", ""4662"", ""3343"", ""3160"", ""682"", ""5618"", ""2503"", ""6"", ""12685"", ""13840"", ""529"", ""6407"", ""12115"", ""53"", ""11832"", ""54""]",82898593-eea5-4032-8506-352a63bef889
308281,"""1592""","[""331""]","""25053""","[""56"", ""4681"", ""39"", ""4662"", ""3343"", ""3160"", ""682"", ""5618"", ""2503"", ""6"", ""12685"", ""13840"", ""529"", ""6407"", ""12115"", ""53"", ""11832"", ""54""]",4bd05783-676f-42ca-8e4a-2e414d8a1579
308281,"""1592""","[""331""]","""25053""","[""56"", ""4681"", ""39"", ""4662"", ""3343"", ""3160"", ""682"", ""5618"", ""2503"", ""6"", ""12685"", ""13840"", ""529"", ""6407"", ""12115"", ""53"", ""11832"", ""54""]",4bd05783-676f-42ca-8e4a-2e414d8a1579
308281,"""1592""","[""331""]","""25053""","[""56"", ""4681"", ""39"", ""4662"", ""3343"", ""3160"", ""682"", ""5618"", ""2503"", ""6"", ""12685"", ""13840"", ""529"", ""6407"", ""12115"", ""53"", ""11832"", ""54""]",06b6b0bd-5e8d-4033-a4d3-c9c6efc7a8a9
308281,"""1592""","[""331""]","""25053""","[""56"", ""4681"", ""39"", ""4662"", ""3343"", ""3160"", ""682"", ""5618"", ""2503"", ""6"", ""12685"", ""13840"", ""529"", ""6407"", ""12115"", ""53"", ""11832"", ""54""]",5ed7f3ad-1465-44e3-b285-d8bfd94a9252
308281,"""1592""","[""331""]","""25053""","[""56"", ""4681"", ""39"", ""4662"", ""3343"", ""3160"", ""682"", ""5618"", ""2503"", ""6"", ""12685"", ""13840"", ""529"", ""6407"", ""12115"", ""53"", ""11832"", ""54""]",a94bc667-22a6-4d1e-a422-ab94a5666107
308281,"""1592""","[""331""]","""25053""","[""56"", ""4681"", ""39"", ""4662"", ""3343"", ""3160"", ""682"", ""5618"", ""2503"", ""6"", ""12685"", ""13840"", ""529"", ""6407"", ""12115"", ""53"", ""11832"", ""54""]",2a4c0924-4729-420d-88d2-0dd73473328b
308281,"""1592""","[""331""]","""25053""","[""56"", ""4681"", ""39"", ""4662"", ""3343"", ""3160"", ""682"", ""5618"", ""2503"", ""6"", ""12685"", ""13840"", ""529"", ""6407"", ""12115"", ""53"", ""11832"", ""54""]",378880e6-74fa-455b-8059-4dff231ce09d
308281,"""1592""","[""331""]","""25053""","[""56"", ""4681"", ""39"", ""4662"", ""3343"", ""3160"", ""682"", ""5618"", ""2503"", ""6"", ""12685"", ""13840"", ""529"", ""6407"", ""12115"", ""53"", ""11832"", ""54""]",4bd05783-676f-42ca-8e4a-2e414d8a1579
308281,"""1592""","[""331""]","""25053""","[""56"", ""4681"", ""39"", ""4662"", ""3343"", ""3160"", ""682"", ""5618"", ""2503"", ""6"", ""12685"", ""13840"", ""529"", ""6407"", ""12115"", ""53"", ""11832"", ""54""]",fba80081-91cd-48e1-95a6-39c4d6a0499c
308281,"""1592""","[""331""]","""25053""","[""56"", ""4681"", ""39"", ""4662"", ""3343"", ""3160"", ""682"", ""5618"", ""2503"", ""6"", ""12685"", ""13840"", ""529"", ""6407"", ""12115"", ""53"", ""11832"", ""54""]",990839f8-e729-451b-992b-40fdb2ec1d2e
308281,"""1592""","[""331""]","""25053""","[""56"", ""4681"", ""39"", ""4662"", ""3343"", ""3160"", ""682"", ""5618"", ""2503"", ""6"", ""12685"", ""13840"", ""529"", ""6407"", ""12115"", ""53"", ""11832"", ""54""]",6a4296db-0931-42a0-93a1-774b1c7a5f93
308281,"""1592""","[""331""]","""25053""","[""56"", ""4681"", ""39"", ""4662"", ""3343"", ""3160"", ""682"", ""5618"", ""2503"", ""6"", ""12685"", ""13840"", ""529"", ""6407"", ""12115"", ""53"", ""11832"", ""54""]",82898593-eea5-4032-8506-352a63bef889
308281,"""1592""","[""331""]","""25053""","[""56"", ""4681"", ""39"", ""4662"", ""3343"", ""3160"", ""682"", ""5618"", ""2503"", ""6"", ""12685"", ""13840"", ""529"", ""6407"", ""12115"", ""53"", ""11832"", ""54""]",06b6b0bd-5e8d-4033-a4d3-c9c6efc7a8a9
308281,"""1592""","[""331""]","""25053""","[""56"", ""4681"", ""39"", ""4662"", ""3343"", ""3160"", ""682"", ""5618"", ""2503"", ""6"", ""12685"", ""13840"", ""529"", ""6407"", ""12115"", ""53"", ""11832"", ""54""]",0086cc4c-ad7f-4ecc-999b-5d71c3ed0fe2
308281,"""1592""","[""331""]","""25053""","[""56"", ""4681"", ""39"", ""4662"", ""3343"", ""3160"", ""682"", ""5618"", ""2503"", ""6"", ""12685"", ""13840"", ""529"", ""6407"", ""12115"", ""53"", ""11832"", ""54""]",88fac0fe-b49c-42b0-a345-5259cfd1aa9c
308281,"""1592""","[""331""]","""25053""","[""56"", ""4681"", ""39"", ""4662"", ""3343"", ""3160"", ""682"", ""5618"", ""2503"", ""6"", ""12685"", ""13840"", ""529"", ""6407"", ""12115"", ""53"", ""11832"", ""54""]",32a5c800-b2d9-4cfc-8658-7ee5a993f3a8
308281,"""1592""","[""331""]","""25053""","[""56"", ""4681"", ""39"", ""4662"", ""3343"", ""3160"", ""682"", ""5618"", ""2503"", ""6"", ""12685"", ""13840"", ""529"", ""6407"", ""12115"", ""53"", ""11832"", ""54""]",155a6c06-fc32-4fe8-813c-8c48727147a5
308281,"""1592""","[""331""]","""25053""","[""56"", ""4681"", ""39"", ""4662"", ""3343"", ""3160"", ""682"", ""5618"", ""2503"", ""6"", ""12685"", ""13840"", ""529"", ""6407"", ""12115"", ""53"", ""11832"", ""54""]",a2933f2d-a0a0-43da-b50e-2d0b5b6b4b6e
308281,"""1592""","[""331""]","""25053""","[""56"", ""4681"", ""39"", ""4662"", ""3343"", ""3160"", ""682"", ""5618"", ""2503"", ""6"", ""12685"", ""13840"", ""529"", ""6407"", ""12115"", ""53"", ""11832"", ""54""]",4bd05783-676f-42ca-8e4a-2e414d8a1579
308281,"""1592""","[""331""]","""25053""","[""56"", ""4681"", ""39"", ""4662"", ""3343"", ""3160"", ""682"", ""5618"", ""2503"", ""6"", ""12685"", ""13840"", ""529"", ""6407"", ""12115"", ""53"", ""11832"", ""54""]",a9cb2c55-9caf-48ac-a62f-4a26bff3871e
308281,"""1592""","[""331""]","""25053""","[""56"", ""4681"", ""39"", ""4662"", ""3343"", ""3160"", ""682"", ""5618"", ""2503"", ""6"", ""12685"", ""13840"", ""529"", ""6407"", ""12115"", ""53"", ""11832"", ""54""]",4120e256-43a4-4a30-9dcd-c5c9d33cd58b
308281,"""1592""","[""331""]","""25053""","[""56"", ""4681"", ""39"", ""4662"", ""3343"", ""3160"", ""682"", ""5618"", ""2503"", ""6"", ""12685"", ""13840"", ""529"", ""6407"", ""12115"", ""53"", ""11832"", ""54""]",affc346d-bc56-4228-8c65-9a86f0ecc1f6
308281,"""1592""","[""331""]","""25053""","[""56"", ""4681"", ""39"", ""4662"", ""3343"", ""3160"", ""682"", ""5618"", ""2503"", ""6"", ""12685"", ""13840"", ""529"", ""6407"", ""12115"", ""53"", ""11832"", ""54""]",5ec7bd26-4942-48a1-9691-ab0d0aee68a9
308281,"""1592""","[""331""]","""25053""","[""56"", ""4681"", ""39"", ""4662"", ""3343"", ""3160"", ""682"", ""5618"", ""2503"", ""6"", ""12685"", ""13840"", ""529"", ""6407"", ""12115"", ""53"", ""11832"", ""54""]",efdcc91e-0e0a-4873-b3d6-697bd335d7aa
308281,"""1592""","[""331""]","""25053""","[""56"", ""4681"", ""39"", ""4662"", ""3343"", ""3160"", ""682"", ""5618"", ""2503"", ""6"", ""12685"", ""13840"", ""529"", ""6407"", ""12115"", ""53"", ""11832"", ""54""]",06b6b0bd-5e8d-4033-a4d3-c9c6efc7a8a9
308281,"""1592""","[""331""]","""25053""","[""56"", ""4681"", ""39"", ""4662"", ""3343"", ""3160"", ""682"", ""5618"", ""2503"", ""6"", ""12685"", ""13840"", ""529"", ""6407"", ""12115"", ""53"", ""11832"", ""54""]",06b6b0bd-5e8d-4033-a4d3-c9c6efc7a8a9
308281,"""1592""","[""331""]","""25053""","[""56"", ""4681"", ""39"", ""4662"", ""3343"", ""3160"", ""682"", ""5618"", ""2503"", ""6"", ""12685"", ""13840"", ""529"", ""6407"", ""12115"", ""53"", ""11832"", ""54""]",378880e6-74fa-455b-8059-4dff231ce09d
308281,"""1592""","[""331""]","""25053""","[""56"", ""4681"", ""39"", ""4662"", ""3343"", ""3160"", ""682"", ""5618"", ""2503"", ""6"", ""12685"", ""13840"", ""529"", ""6407"", ""12115"", ""53"", ""11832"", ""54""]",06b6b0bd-5e8d-4033-a4d3-c9c6efc7a8a9
308281,"""1592""","[""331""]","""25053""","[""56"", ""4681"", ""39"", ""4662"", ""3343"", ""3160"", ""682"", ""5618"", ""2503"", ""6"", ""12685"", ""13840"", ""529"", ""6407"", ""12115"", ""53"", ""11832"", ""54""]",a22304ce-ee9d-42f6-995c-b4daac7609a5
308281,"""1592""","[""331""]","""25053""","[""56"", ""4681"", ""39"", ""4662"", ""3343"", ""3160"", ""682"", ""5618"", ""2503"", ""6"", ""12685"", ""13840"", ""529"", ""6407"", ""12115"", ""53"", ""11832"", ""54""]",a9cb2c55-9caf-48ac-a62f-4a26bff3871e
308281,"""1592""","[""331""]","""25053""","[""56"", ""4681"", ""39"", ""4662"", ""3343"", ""3160"", ""682"", ""5618"", ""2503"", ""6"", ""12685"", ""13840"", ""529"", ""6407"", ""12115"", ""53"", ""11832"", ""54""]",af8d30e0-7eeb-4801-b275-6330d7c1370d
308281,"""1592""","[""331""]","""25053""","[""56"", ""4681"", ""39"", ""4662"", ""3343"", ""3160"", ""682"", ""5618"", ""2503"", ""6"", ""12685"", ""13840"", ""529"", ""6407"", ""12115"", ""53"", ""11832"", ""54""]",fe87df19-2f29-4002-a231-bbf6a93873b9
308281,"""1592""","[""331""]","""25053""","[""56"", ""4681"", ""39"", ""4662"", ""3343"", ""3160"", ""682"", ""5618"", ""2503"", ""6"", ""12685"", ""13840"", ""529"", ""6407"", ""12115"", ""53"", ""11832"", ""54""]",6a4296db-0931-42a0-93a1-774b1c7a5f93
308281,"""1592""","[""331""]","""25053""","[""56"", ""4681"", ""39"", ""4662"", ""3343"", ""3160"", ""682"", ""5618"", ""2503"", ""6"", ""12685"", ""13840"", ""529"", ""6407"", ""12115"", ""53"", ""11832"", ""54""]",2115f2e6-23d5-4f9a-9536-94e97a692ef8
308281,"""1592""","[""331""]","""25053""","[""56"", ""4681"", ""39"", ""4662"", ""3343"", ""3160"", ""682"", ""5618"", ""2503"", ""6"", ""12685"", ""13840"", ""529"", ""6407"", ""12115"", ""53"", ""11832"", ""54""]",ede00378-31b0-471f-a060-ac42b0a13024
308281,"""1592""","[""331""]","""25053""","[""56"", ""4681"", ""39"", ""4662"", ""3343"", ""3160"", ""682"", ""5618"", ""2503"", ""6"", ""12685"", ""13840"", ""529"", ""6407"", ""12115"", ""53"", ""11832"", ""54""]",7b6fd07e-0054-4688-a0a5-19b5f3ad2834
308281,"""1592""","[""331""]","""25053""","[""56"", ""4681"", ""39"", ""4662"", ""3343"", ""3160"", ""682"", ""5618"", ""2503"", ""6"", ""12685"", ""13840"", ""529"", ""6407"", ""12115"", ""53"", ""11832"", ""54""]",11697cd5-f0da-4cbe-9045-1680fc20b5dd
308281,"""1592""","[""331""]","""25053""","[""56"", ""4681"", ""39"", ""4662"", ""3343"", ""3160"", ""682"", ""5618"", ""2503"", ""6"", ""12685"", ""13840"", ""529"", ""6407"", ""12115"", ""53"", ""11832"", ""54""]",f1e734e8-71a5-49c1-8d92-e64603afbc32
308281,"""1592""","[""331""]","""25053""","[""56"", ""4681"", ""39"", ""4662"", ""3343"", ""3160"", ""682"", ""5618"", ""2503"", ""6"", ""12685"", ""13840"", ""529"", ""6407"", ""12115"", ""53"", ""11832"", ""54""]",edebfa0b-b419-4231-8b0b-59b1da7a6391
308281,"""1592""","[""331""]","""25053""","[""56"", ""4681"", ""39"", ""4662"", ""3343"", ""3160"", ""682"", ""5618"", ""2503"", ""6"", ""12685"", ""13840"", ""529"", ""6407"", ""12115"", ""53"", ""11832"", ""54""]",a9cb2c55-9caf-48ac-a62f-4a26bff3871e
308281,"""1592""","[""331""]","""25053""","[""56"", ""4681"", ""39"", ""4662"", ""3343"", ""3160"", ""682"", ""5618"", ""2503"", ""6"", ""12685"", ""13840"", ""529"", ""6407"", ""12115"", ""53"", ""11832"", ""54""]",cbde188f-a043-49fb-9e33-f685d1f1cc82
308281,"""1592""","[""331""]","""25053""","[""56"", ""4681"", ""39"", ""4662"", ""3343"", ""3160"", ""682"", ""5618"", ""2503"", ""6"", ""12685"", ""13840"", ""529"", ""6407"", ""12115"", ""53"", ""11832"", ""54""]",378880e6-74fa-455b-8059-4dff231ce09d
308281,"""1592""","[""331""]","""25053""","[""56"", ""4681"", ""39"", ""4662"", ""3343"", ""3160"", ""682"", ""5618"", ""2503"", ""6"", ""12685"", ""13840"", ""529"", ""6407"", ""12115"", ""53"", ""11832"", ""54""]",affc346d-bc56-4228-8c65-9a86f0ecc1f6
308281,"""1592""","[""331""]","""25053""","[""56"", ""4681"", ""39"", ""4662"", ""3343"", ""3160"", ""682"", ""5618"", ""2503"", ""6"", ""12685"", ""13840"", ""529"", ""6407"", ""12115"", ""53"", ""11832"", ""54""]",3ff7b03d-96c6-4364-b906-fcba0198b9f5
308281,"""1592""","[""331""]","""25053""","[""56"", ""4681"", ""39"", ""4662"", ""3343"", ""3160"", ""682"", ""5618"", ""2503"", ""6"", ""12685"", ""13840"", ""529"", ""6407"", ""12115"", ""53"", ""11832"", ""54""]",782320c0-ca67-4551-a21e-b633e2a18bdb
308281,"""1592""","[""331""]","""25053""","[""56"", ""4681"", ""39"", ""4662"", ""3343"", ""3160"", ""682"", ""5618"", ""2503"", ""6"", ""12685"", ""13840"", ""529"", ""6407"", ""12115"", ""53"", ""11832"", ""54""]",06b6b0bd-5e8d-4033-a4d3-c9c6efc7a8a9
308281,"""1592""","[""331""]","""25053""","[""56"", ""4681"", ""39"", ""4662"", ""3343"", ""3160"", ""682"", ""5618"", ""2503"", ""6"", ""12685"", ""13840"", ""529"", ""6407"", ""12115"", ""53"", ""11832"", ""54""]",7b44eba4-1276-4091-8ee4-cf4e78c18d6d
308281,"""1592""","[""331""]","""25053""","[""56"", ""4681"", ""39"", ""4662"", ""3343"", ""3160"", ""682"", ""5618"", ""2503"", ""6"", ""12685"", ""13840"", ""529"", ""6407"", ""12115"", ""53"", ""11832"", ""54""]",4d7838b4-9ce3-428e-9bd6-54470c67de54
308281,"""1592""","[""331""]","""25053""","[""56"", ""4681"", ""39"", ""4662"", ""3343"", ""3160"", ""682"", ""5618"", ""2503"", ""6"", ""12685"", ""13840"", ""529"", ""6407"", ""12115"", ""53"", ""11832"", ""54""]",a9cb2c55-9caf-48ac-a62f-4a26bff3871e
308281,"""1592""","[""331""]","""25053""","[""56"", ""4681"", ""39"", ""4662"", ""3343"", ""3160"", ""682"", ""5618"", ""2503"", ""6"", ""12685"", ""13840"", ""529"", ""6407"", ""12115"", ""53"", ""11832"", ""54""]",7164f336-b2ae-4d76-a910-ca6aec4ae16f
308281,"""1592""","[""331""]","""25053""","[""56"", ""4681"", ""39"", ""4662"", ""3343"", ""3160"", ""682"", ""5618"", ""2503"", ""6"", ""12685"", ""13840"", ""529"", ""6407"", ""12115"", ""53"", ""11832"", ""54""]",e3c95096-a4a1-4aed-9e38-4325529b68cf
308281,"""1592""","[""331""]","""25053""","[""56"", ""4681"", ""39"", ""4662"", ""3343"", ""3160"", ""682"", ""5618"", ""2503"", ""6"", ""12685"", ""13840"", ""529"", ""6407"", ""12115"", ""53"", ""11832"", ""54""]",0abf7b87-8400-4a7a-9ed6-a12e1a46e92b
308281,"""1592""","[""331""]","""25053""","[""56"", ""4681"", ""39"", ""4662"", ""3343"", ""3160"", ""682"", ""5618"", ""2503"", ""6"", ""12685"", ""13840"", ""529"", ""6407"", ""12115"", ""53"", ""11832"", ""54""]",087cec1e-73aa-4505-bc74-29d5bd1f16b0
308281,"""1592""","[""331""]","""25053""","[""56"", ""4681"", ""39"", ""4662"", ""3343"", ""3160"", ""682"", ""5618"", ""2503"", ""6"", ""12685"", ""13840"", ""529"", ""6407"", ""12115"", ""53"", ""11832"", ""54""]",14cee3b6-ba6d-4f3c-aa13-98e4a8843eb8
308281,"""1592""","[""331""]","""25053""","[""56"", ""4681"", ""39"", ""4662"", ""3343"", ""3160"", ""682"", ""5618"", ""2503"", ""6"", ""12685"", ""13840"", ""529"", ""6407"", ""12115"", ""53"", ""11832"", ""54""]",871405ac-1681-4fe3-ad84-3dbd306c2693
308281,"""1592""","[""331""]","""25053""","[""56"", ""4681"", ""39"", ""4662"", ""3343"", ""3160"", ""682"", ""5618"", ""2503"", ""6"", ""12685"", ""13840"", ""529"", ""6407"", ""12115"", ""53"", ""11832"", ""54""]",a1672aa2-fad9-4629-8dae-e96fa7da02c6
308281,"""1592""","[""331""]","""25053""","[""56"", ""4681"", ""39"", ""4662"", ""3343"", ""3160"", ""682"", ""5618"", ""2503"", ""6"", ""12685"", ""13840"", ""529"", ""6407"", ""12115"", ""53"", ""11832"", ""54""]",a9cb2c55-9caf-48ac-a62f-4a26bff3871e
308281,"""1592""","[""331""]","""25053""","[""56"", ""4681"", ""39"", ""4662"", ""3343"", ""3160"", ""682"", ""5618"", ""2503"", ""6"", ""12685"", ""13840"", ""529"", ""6407"", ""12115"", ""53"", ""11832"", ""54""]",680d17a0-6112-4e41-b575-7c2748d7665a
308281,"""1592""","[""331""]","""25053""","[""56"", ""4681"", ""39"", ""4662"", ""3343"", ""3160"", ""682"", ""5618"", ""2503"", ""6"", ""12685"", ""13840"", ""529"", ""6407"", ""12115"", ""53"", ""11832"", ""54""]",4bd05783-676f-42ca-8e4a-2e414d8a1579
301658,"""1592""","[""331""]","""25053""","[""4662"", ""3343"", ""195"", ""680"", ""3160"", ""3527"", ""3526"", ""3569"", ""3525"", ""7"", ""3344"", ""1959"", ""75"", ""54""]",5952614e-6312-4866-905e-e0ff2ce20916
301658,"""1592""","[""331""]","""25053""","[""4662"", ""3343"", ""195"", ""680"", ""3160"", ""3527"", ""3526"", ""3569"", ""3525"", ""7"", ""3344"", ""1959"", ""75"", ""54""]",7d69dd64-0d80-4d9e-ac64-6bb505585762
301658,"""1592""","[""331""]","""25053""","[""4662"", ""3343"", ""195"", ""680"", ""3160"", ""3527"", ""3526"", ""3569"", ""3525"", ""7"", ""3344"", ""1959"", ""75"", ""54""]",5a55f7bf-0d3a-4c0e-86a1-2ac3ad54bff6
301658,"""1592""","[""331""]","""25053""","[""4662"", ""3343"", ""195"", ""680"", ""3160"", ""3527"", ""3526"", ""3569"", ""3525"", ""7"", ""3344"", ""1959"", ""75"", ""54""]",70254e14-2608-405d-9f87-cb92f8a3dcfe
301658,"""1592""","[""331""]","""25053""","[""4662"", ""3343"", ""195"", ""680"", ""3160"", ""3527"", ""3526"", ""3569"", ""3525"", ""7"", ""3344"", ""1959"", ""75"", ""54""]",168fc3a4-1c7a-4445-abb0-eaf64d5a4221
301658,"""1592""","[""331""]","""25053""","[""4662"", ""3343"", ""195"", ""680"", ""3160"", ""3527"", ""3526"", ""3569"", ""3525"", ""7"", ""3344"", ""1959"", ""75"", ""54""]",1226ec54-7fbe-47cd-9b0a-d818894d5775
142610,"""834""","[""171""]","""25021""","[""1"", ""486"", ""3"", ""4"", ""5"", ""54""]",c84f15c0-312d-44d8-980a-a90e8782871b
142610,"""834""","[""171""]","""25021""","[""1"", ""486"", ""3"", ""4"", ""5"", ""54""]",fba80081-91cd-48e1-95a6-39c4d6a0499c
142610,"""834""","[""171""]","""25021""","[""1"", ""486"", ""3"", ""4"", ""5"", ""54""]",f5886c7d-d4b0-4f79-9622-0450bb358aa5
142610,"""834""","[""171""]","""25021""","[""1"", ""486"", ""3"", ""4"", ""5"", ""54""]",752f7c89-a61d-4e1c-852b-b91912cc5a5b
142610,"""834""","[""171""]","""25021""","[""1"", ""486"", ""3"", ""4"", ""5"", ""54""]",26204057-f21e-4308-a762-7f9bef66761d
142610,"""834""","[""171""]","""25021""","[""1"", ""486"", ""3"", ""4"", ""5"", ""54""]",e4f0f621-cdf2-431d-8c41-2082a3ce91b1
142610,"""834""","[""171""]","""25021""","[""1"", ""486"", ""3"", ""4"", ""5"", ""54""]",26757f32-f511-49d2-97c1-a9201564737f
142610,"""834""","[""171""]","""25021""","[""1"", ""486"", ""3"", ""4"", ""5"", ""54""]",32eba6b0-c4ef-4def-ab74-9fa11e9d4f2b
142610,"""834""","[""171""]","""25021""","[""1"", ""486"", ""3"", ""4"", ""5"", ""54""]",a44d49b0-c2fb-4d8c-a32e-4267897351c3
142610,"""834""","[""171""]","""25021""","[""1"", ""486"", ""3"", ""4"", ""5"", ""54""]",26204057-f21e-4308-a762-7f9bef66761d
142610,"""834""","[""171""]","""25021""","[""1"", ""486"", ""3"", ""4"", ""5"", ""54""]",46c95f94-f31c-4e01-8437-de6734acea47
142610,"""834""","[""171""]","""25021""","[""1"", ""486"", ""3"", ""4"", ""5"", ""54""]",bbb72d9e-4098-45dd-9c54-b86f1c728c7f
142610,"""834""","[""171""]","""25021""","[""1"", ""486"", ""3"", ""4"", ""5"", ""54""]",24518dd2-da26-4816-80f1-00860d971973
142610,"""834""","[""171""]","""25021""","[""1"", ""486"", ""3"", ""4"", ""5"", ""54""]",87ab40b4-4390-4ea7-b06c-2f95c92f36d2
142610,"""834""","[""171""]","""25021""","[""1"", ""486"", ""3"", ""4"", ""5"", ""54""]",6a23ab18-0715-4882-ad13-69711c1cec9f
142610,"""834""","[""171""]","""25021""","[""1"", ""486"", ""3"", ""4"", ""5"", ""54""]",514612bf-0b54-4f8f-a9c5-172f9d014f52
142610,"""834""","[""171""]","""25021""","[""1"", ""486"", ""3"", ""4"", ""5"", ""54""]",f5886c7d-d4b0-4f79-9622-0450bb358aa5
142610,"""834""","[""171""]","""25021""","[""1"", ""486"", ""3"", ""4"", ""5"", ""54""]",95a308f0-23f5-4f7f-9d82-c59c59d21cbc
142610,"""834""","[""171""]","""25021""","[""1"", ""486"", ""3"", ""4"", ""5"", ""54""]",cc933a9c-79ce-4dcd-829b-341a2150c76f
142610,"""834""","[""171""]","""25021""","[""1"", ""486"", ""3"", ""4"", ""5"", ""54""]",4120e256-43a4-4a30-9dcd-c5c9d33cd58b
142610,"""834""","[""171""]","""25021""","[""1"", ""486"", ""3"", ""4"", ""5"", ""54""]",2cdbf30e-1c6d-4809-8563-b04118cd20b3
142610,"""834""","[""171""]","""25021""","[""1"", ""486"", ""3"", ""4"", ""5"", ""54""]",a4d39eaf-60a7-438c-803a-61cf5296f3c3
142610,"""834""","[""171""]","""25021""","[""1"", ""486"", ""3"", ""4"", ""5"", ""54""]",a22304ce-ee9d-42f6-995c-b4daac7609a5
142610,"""834""","[""171""]","""25021""","[""1"", ""486"", ""3"", ""4"", ""5"", ""54""]",752f7c89-a61d-4e1c-852b-b91912cc5a5b
142610,"""834""","[""171""]","""25021""","[""1"", ""486"", ""3"", ""4"", ""5"", ""54""]",c84f15c0-312d-44d8-980a-a90e8782871b
142610,"""834""","[""171""]","""25021""","[""1"", ""486"", ""3"", ""4"", ""5"", ""54""]",3af6f4aa-8077-49db-8175-86a34f269b91
142610,"""834""","[""171""]","""25021""","[""1"", ""486"", ""3"", ""4"", ""5"", ""54""]",752f7c89-a61d-4e1c-852b-b91912cc5a5b
142610,"""834""","[""171""]","""25021""","[""1"", ""486"", ""3"", ""4"", ""5"", ""54""]",a4d39eaf-60a7-438c-803a-61cf5296f3c3
142610,"""834""","[""171""]","""25021""","[""1"", ""486"", ""3"", ""4"", ""5"", ""54""]",26204057-f21e-4308-a762-7f9bef66761d
142610,"""834""","[""171""]","""25021""","[""1"", ""486"", ""3"", ""4"", ""5"", ""54""]",d5f10a7d-0096-4810-8553-04e8c9b30a22
142610,"""834""","[""171""]","""25021""","[""1"", ""486"", ""3"", ""4"", ""5"", ""54""]",2f22035e-6307-473b-ac01-ca903168fff1
142610,"""834""","[""171""]","""25021""","[""1"", ""486"", ""3"", ""4"", ""5"", ""54""]",217753d1-dd1e-48c9-943d-e1045c29d2c0
142610,"""834""","[""171""]","""25021""","[""1"", ""486"", ""3"", ""4"", ""5"", ""54""]",85086afc-7165-4425-bd55-550749300772
142610,"""834""","[""171""]","""25021""","[""1"", ""486"", ""3"", ""4"", ""5"", ""54""]",95a308f0-23f5-4f7f-9d82-c59c59d21cbc
142610,"""834""","[""171""]","""25021""","[""1"", ""486"", ""3"", ""4"", ""5"", ""54""]",9a4ca1ef-4c6d-46fd-891e-5cac6cf41f4d
142610,"""834""","[""171""]","""25021""","[""1"", ""486"", ""3"", ""4"", ""5"", ""54""]",24518dd2-da26-4816-80f1-00860d971973
142610,"""834""","[""171""]","""25021""","[""1"", ""486"", ""3"", ""4"", ""5"", ""54""]",95a308f0-23f5-4f7f-9d82-c59c59d21cbc
142610,"""834""","[""171""]","""25021""","[""1"", ""486"", ""3"", ""4"", ""5"", ""54""]",1bf81808-e4e2-4674-9645-868db9ccafb6
142610,"""834""","[""171""]","""25021""","[""1"", ""486"", ""3"", ""4"", ""5"", ""54""]",0ab958f0-92b8-445f-9c9b-b3037cbc7069
142610,"""834""","[""171""]","""25021""","[""1"", ""486"", ""3"", ""4"", ""5"", ""54""]",a44d49b0-c2fb-4d8c-a32e-4267897351c3
142610,"""834""","[""171""]","""25021""","[""1"", ""486"", ""3"", ""4"", ""5"", ""54""]",87ab40b4-4390-4ea7-b06c-2f95c92f36d2
142610,"""834""","[""171""]","""25021""","[""1"", ""486"", ""3"", ""4"", ""5"", ""54""]",e2ef075e-25b3-4fc4-94c4-a1b786d37473
142610,"""834""","[""171""]","""25021""","[""1"", ""486"", ""3"", ""4"", ""5"", ""54""]",e30b3ad8-0fb8-4995-98fa-6394fe354322
142610,"""834""","[""171""]","""25021""","[""1"", ""486"", ""3"", ""4"", ""5"", ""54""]",3af6f4aa-8077-49db-8175-86a34f269b91
142610,"""834""","[""171""]","""25021""","[""1"", ""486"", ""3"", ""4"", ""5"", ""54""]",570b838f-1dd4-4616-bce9-1275d9ebbc91
142610,"""834""","[""171""]","""25021""","[""1"", ""486"", ""3"", ""4"", ""5"", ""54""]",7b44eba4-1276-4091-8ee4-cf4e78c18d6d
142610,"""834""","[""171""]","""25021""","[""1"", ""486"", ""3"", ""4"", ""5"", ""54""]",a4d39eaf-60a7-438c-803a-61cf5296f3c3
142610,"""834""","[""171""]","""25021""","[""1"", ""486"", ""3"", ""4"", ""5"", ""54""]",f34b7fe5-542f-461a-bee5-d360e0cff600
142610,"""834""","[""171""]","""25021""","[""1"", ""486"", ""3"", ""4"", ""5"", ""54""]",c84f15c0-312d-44d8-980a-a90e8782871b
142610,"""834""","[""171""]","""25021""","[""1"", ""486"", ""3"", ""4"", ""5"", ""54""]",c32ba7b5-d7db-4a83-9bfd-21c4e8f360cd
142610,"""834""","[""171""]","""25021""","[""1"", ""486"", ""3"", ""4"", ""5"", ""54""]",95a308f0-23f5-4f7f-9d82-c59c59d21cbc
142610,"""834""","[""171""]","""25021""","[""1"", ""486"", ""3"", ""4"", ""5"", ""54""]",01af8785-e87f-472a-90c2-8809a308a332
142610,"""834""","[""171""]","""25021""","[""1"", ""486"", ""3"", ""4"", ""5"", ""54""]",845353f3-f880-4dc4-a94f-79d3030003dc
142610,"""834""","[""171""]","""25021""","[""1"", ""486"", ""3"", ""4"", ""5"", ""54""]",217753d1-dd1e-48c9-943d-e1045c29d2c0
142610,"""834""","[""171""]","""25021""","[""1"", ""486"", ""3"", ""4"", ""5"", ""54""]",2f2b6620-2834-4864-a405-b5fef5581b1a
142610,"""834""","[""171""]","""25021""","[""1"", ""486"", ""3"", ""4"", ""5"", ""54""]",3af6f4aa-8077-49db-8175-86a34f269b91
142610,"""834""","[""171""]","""25021""","[""1"", ""486"", ""3"", ""4"", ""5"", ""54""]",a8047d6e-7f19-4e3d-845c-e98ebdcd5961
142610,"""834""","[""171""]","""25021""","[""1"", ""486"", ""3"", ""4"", ""5"", ""54""]",f0994ad5-0e60-4805-a2e7-0e091e70157a
142610,"""834""","[""171""]","""25021""","[""1"", ""486"", ""3"", ""4"", ""5"", ""54""]",3af6f4aa-8077-49db-8175-86a34f269b91
142610,"""834""","[""171""]","""25021""","[""1"", ""486"", ""3"", ""4"", ""5"", ""54""]",c8342951-76b9-458b-b2d0-c4f4519e2c69
142610,"""834""","[""171""]","""25021""","[""1"", ""486"", ""3"", ""4"", ""5"", ""54""]",e0173abc-ca1a-49ed-8195-2f9f19ff46d0
142610,"""834""","[""171""]","""25021""","[""1"", ""486"", ""3"", ""4"", ""5"", ""54""]",514612bf-0b54-4f8f-a9c5-172f9d014f52
142610,"""834""","[""171""]","""25021""","[""1"", ""486"", ""3"", ""4"", ""5"", ""54""]",7e7f4bb0-7e0c-4bce-af1f-d74aabcaadd5
142610,"""834""","[""171""]","""25021""","[""1"", ""486"", ""3"", ""4"", ""5"", ""54""]",6a23ab18-0715-4882-ad13-69711c1cec9f
142610,"""834""","[""171""]","""25021""","[""1"", ""486"", ""3"", ""4"", ""5"", ""54""]",442cf0d3-dd6b-44f5-a79b-f7cca387cb9f
142610,"""834""","[""171""]","""25021""","[""1"", ""486"", ""3"", ""4"", ""5"", ""54""]",a8047d6e-7f19-4e3d-845c-e98ebdcd5961
142610,"""834""","[""171""]","""25021""","[""1"", ""486"", ""3"", ""4"", ""5"", ""54""]",c84f15c0-312d-44d8-980a-a90e8782871b
142610,"""834""","[""171""]","""25021""","[""1"", ""486"", ""3"", ""4"", ""5"", ""54""]",3af6f4aa-8077-49db-8175-86a34f269b91
142610,"""834""","[""171""]","""25021""","[""1"", ""486"", ""3"", ""4"", ""5"", ""54""]",26204057-f21e-4308-a762-7f9bef66761d
142610,"""834""","[""171""]","""25021""","[""1"", ""486"", ""3"", ""4"", ""5"", ""54""]",320e8ba0-d64b-4952-ba9e-704e3952fb27
142610,"""834""","[""171""]","""25021""","[""1"", ""486"", ""3"", ""4"", ""5"", ""54""]",d0f39ec9-be41-40bc-844d-257e2b01354f
142610,"""834""","[""171""]","""25021""","[""1"", ""486"", ""3"", ""4"", ""5"", ""54""]",87ab40b4-4390-4ea7-b06c-2f95c92f36d2
142610,"""834""","[""171""]","""25021""","[""1"", ""486"", ""3"", ""4"", ""5"", ""54""]",24518dd2-da26-4816-80f1-00860d971973
142610,"""834""","[""171""]","""25021""","[""1"", ""486"", ""3"", ""4"", ""5"", ""54""]",1a7ab8c5-2d54-4609-a37e-6ac2a3dc254f
142610,"""834""","[""171""]","""25021""","[""1"", ""486"", ""3"", ""4"", ""5"", ""54""]",e2ef075e-25b3-4fc4-94c4-a1b786d37473
142610,"""834""","[""171""]","""25021""","[""1"", ""486"", ""3"", ""4"", ""5"", ""54""]",a8047d6e-7f19-4e3d-845c-e98ebdcd5961
142610,"""834""","[""171""]","""25021""","[""1"", ""486"", ""3"", ""4"", ""5"", ""54""]",c84f15c0-312d-44d8-980a-a90e8782871b
142610,"""834""","[""171""]","""25021""","[""1"", ""486"", ""3"", ""4"", ""5"", ""54""]",f2ee0673-7369-4b19-8475-a3fbc053a0cd
142610,"""834""","[""171""]","""25021""","[""1"", ""486"", ""3"", ""4"", ""5"", ""54""]",04be41ae-ccd9-4578-b6d2-229f5391e390
142610,"""834""","[""171""]","""25021""","[""1"", ""486"", ""3"", ""4"", ""5"", ""54""]",302aeac0-c220-4c62-ae3f-c0381e9c5c25
142610,"""834""","[""171""]","""25021""","[""1"", ""486"", ""3"", ""4"", ""5"", ""54""]",3616f896-f06c-4484-8d38-bdb33f680d2c
142610,"""834""","[""171""]","""25021""","[""1"", ""486"", ""3"", ""4"", ""5"", ""54""]",ed21a5b6-70d3-47ee-98fc-197ddbac3415
142610,"""834""","[""171""]","""25021""","[""1"", ""486"", ""3"", ""4"", ""5"", ""54""]",24518dd2-da26-4816-80f1-00860d971973
142610,"""834""","[""171""]","""25021""","[""1"", ""486"", ""3"", ""4"", ""5"", ""54""]",752f7c89-a61d-4e1c-852b-b91912cc5a5b
142610,"""834""","[""171""]","""25021""","[""1"", ""486"", ""3"", ""4"", ""5"", ""54""]",26204057-f21e-4308-a762-7f9bef66761d
142610,"""834""","[""171""]","""25021""","[""1"", ""486"", ""3"", ""4"", ""5"", ""54""]",26204057-f21e-4308-a762-7f9bef66761d
142610,"""834""","[""171""]","""25021""","[""1"", ""486"", ""3"", ""4"", ""5"", ""54""]",f5886c7d-d4b0-4f79-9622-0450bb358aa5
142610,"""834""","[""171""]","""25021""","[""1"", ""486"", ""3"", ""4"", ""5"", ""54""]",33366829-364f-4e19-9e62-0335a39b4984
142610,"""834""","[""171""]","""25021""","[""1"", ""486"", ""3"", ""4"", ""5"", ""54""]",e388c7d6-4add-4b9a-8f46-f06a52863ba6
142610,"""834""","[""171""]","""25021""","[""1"", ""486"", ""3"", ""4"", ""5"", ""54""]",a8047d6e-7f19-4e3d-845c-e98ebdcd5961
142610,"""834""","[""171""]","""25021""","[""1"", ""486"", ""3"", ""4"", ""5"", ""54""]",c3d43238-6dcb-4741-959b-5e69f76a2c0f
142610,"""834""","[""171""]","""25021""","[""1"", ""486"", ""3"", ""4"", ""5"", ""54""]",46c95f94-f31c-4e01-8437-de6734acea47
142610,"""834""","[""171""]","""25021""","[""1"", ""486"", ""3"", ""4"", ""5"", ""54""]",e2ef075e-25b3-4fc4-94c4-a1b786d37473
142610,"""834""","[""171""]","""25021""","[""1"", ""486"", ""3"", ""4"", ""5"", ""54""]",c160f877-8e5f-4f93-a8f1-e94c9dbd070b
142610,"""834""","[""171""]","""25021""","[""1"", ""486"", ""3"", ""4"", ""5"", ""54""]",c84f15c0-312d-44d8-980a-a90e8782871b
142610,"""834""","[""171""]","""25021""","[""1"", ""486"", ""3"", ""4"", ""5"", ""54""]",d66022c8-70dc-4d95-8edc-d83a4f36962c
142610,"""834""","[""171""]","""25021""","[""1"", ""486"", ""3"", ""4"", ""5"", ""54""]",5616c06a-eabf-41c5-9051-1a56fa502a8b
142610,"""834""","[""171""]","""25021""","[""1"", ""486"", ""3"", ""4"", ""5"", ""54""]",f1b88c1a-1730-47e2-b70d-5c26b0a7433b
142610,"""834""","[""171""]","""25021""","[""1"", ""486"", ""3"", ""4"", ""5"", ""54""]",5c28ac59-6198-4925-90b9-bebe1a2c52fe
142610,"""834""","[""171""]","""25021""","[""1"", ""486"", ""3"", ""4"", ""5"", ""54""]",39978385-eb21-41cf-aa77-aa04462a6f81
142610,"""834""","[""171""]","""25021""","[""1"", ""486"", ""3"", ""4"", ""5"", ""54""]",c104ad6c-dc5f-4553-a2c7-808f2e508f13
142610,"""834""","[""171""]","""25021""","[""1"", ""486"", ""3"", ""4"", ""5"", ""54""]",61ce8c9e-da82-486c-bc15-d97b31ae2928
142610,"""834""","[""171""]","""25021""","[""1"", ""486"", ""3"", ""4"", ""5"", ""54""]",e2ef075e-25b3-4fc4-94c4-a1b786d37473
142610,"""834""","[""171""]","""25021""","[""1"", ""486"", ""3"", ""4"", ""5"", ""54""]",3478e75f-4ac3-4a1d-8116-685af4331185
142610,"""834""","[""171""]","""25021""","[""1"", ""486"", ""3"", ""4"", ""5"", ""54""]",da644968-56ca-4672-ad95-2802639e3646
142610,"""834""","[""171""]","""25021""","[""1"", ""486"", ""3"", ""4"", ""5"", ""54""]",26204057-f21e-4308-a762-7f9bef66761d
142610,"""834""","[""171""]","""25021""","[""1"", ""486"", ""3"", ""4"", ""5"", ""54""]",3af6f4aa-8077-49db-8175-86a34f269b91
142610,"""834""","[""171""]","""25021""","[""1"", ""486"", ""3"", ""4"", ""5"", ""54""]",3af6f4aa-8077-49db-8175-86a34f269b91
142610,"""834""","[""171""]","""25021""","[""1"", ""486"", ""3"", ""4"", ""5"", ""54""]",752f7c89-a61d-4e1c-852b-b91912cc5a5b
142610,"""834""","[""171""]","""25021""","[""1"", ""486"", ""3"", ""4"", ""5"", ""54""]",046efe35-e805-4847-b486-c4bb39270dab
142610,"""834""","[""171""]","""25021""","[""1"", ""486"", ""3"", ""4"", ""5"", ""54""]",5f14c056-1af5-4a19-998c-e295d6291670
142610,"""834""","[""171""]","""25021""","[""1"", ""486"", ""3"", ""4"", ""5"", ""54""]",f4ec6942-bc58-41ac-b726-8817856c2fda
142610,"""834""","[""171""]","""25021""","[""1"", ""486"", ""3"", ""4"", ""5"", ""54""]",2da9df3d-ac10-4106-a960-8232e89e85b6
142610,"""834""","[""171""]","""25021""","[""1"", ""486"", ""3"", ""4"", ""5"", ""54""]",a44d49b0-c2fb-4d8c-a32e-4267897351c3
142610,"""834""","[""171""]","""25021""","[""1"", ""486"", ""3"", ""4"", ""5"", ""54""]",217753d1-dd1e-48c9-943d-e1045c29d2c0
142610,"""834""","[""171""]","""25021""","[""1"", ""486"", ""3"", ""4"", ""5"", ""54""]",e2ef075e-25b3-4fc4-94c4-a1b786d37473
142610,"""834""","[""171""]","""25021""","[""1"", ""486"", ""3"", ""4"", ""5"", ""54""]",87ab40b4-4390-4ea7-b06c-2f95c92f36d2
142610,"""834""","[""171""]","""25021""","[""1"", ""486"", ""3"", ""4"", ""5"", ""54""]",6a23ab18-0715-4882-ad13-69711c1cec9f
142610,"""834""","[""171""]","""25021""","[""1"", ""486"", ""3"", ""4"", ""5"", ""54""]",3af6f4aa-8077-49db-8175-86a34f269b91
142610,"""834""","[""171""]","""25021""","[""1"", ""486"", ""3"", ""4"", ""5"", ""54""]",06b2e1b7-f752-42fa-a007-48f2592013f9
142610,"""834""","[""171""]","""25021""","[""1"", ""486"", ""3"", ""4"", ""5"", ""54""]",6e750d11-4fc6-44cb-9b03-94104880b1bd
142610,"""834""","[""171""]","""25021""","[""1"", ""486"", ""3"", ""4"", ""5"", ""54""]",e3520522-2387-4b47-98fd-fc2c91f8f1ac
142610,"""834""","[""171""]","""25021""","[""1"", ""486"", ""3"", ""4"", ""5"", ""54""]",f5886c7d-d4b0-4f79-9622-0450bb358aa5
142610,"""834""","[""171""]","""25021""","[""1"", ""486"", ""3"", ""4"", ""5"", ""54""]",46c95f94-f31c-4e01-8437-de6734acea47
142610,"""834""","[""171""]","""25021""","[""1"", ""486"", ""3"", ""4"", ""5"", ""54""]",85086afc-7165-4425-bd55-550749300772
142610,"""834""","[""171""]","""25021""","[""1"", ""486"", ""3"", ""4"", ""5"", ""54""]",6f1cd7c1-0f7a-4806-9332-4d24128a9361
142610,"""834""","[""171""]","""25021""","[""1"", ""486"", ""3"", ""4"", ""5"", ""54""]",a8047d6e-7f19-4e3d-845c-e98ebdcd5961
142610,"""834""","[""171""]","""25021""","[""1"", ""486"", ""3"", ""4"", ""5"", ""54""]",fca855cd-d1f9-4893-ac2d-73b1a1d67d6c
301658,"""1592""","[""331""]","""25053""","[""4662"", ""3343"", ""195"", ""680"", ""3160"", ""3527"", ""3526"", ""3569"", ""3525"", ""7"", ""3344"", ""1959"", ""75"", ""54""]",99904560-ee1c-4a39-ac68-4146b49df57f
301658,"""1592""","[""331""]","""25053""","[""4662"", ""3343"", ""195"", ""680"", ""3160"", ""3527"", ""3526"", ""3569"", ""3525"", ""7"", ""3344"", ""1959"", ""75"", ""54""]",fbdf28b0-8f55-49a6-a41a-49c82192e0f6
301658,"""1592""","[""331""]","""25053""","[""4662"", ""3343"", ""195"", ""680"", ""3160"", ""3527"", ""3526"", ""3569"", ""3525"", ""7"", ""3344"", ""1959"", ""75"", ""54""]",704e5468-cfd5-4f7e-aba6-103487eb5961
301658,"""1592""","[""331""]","""25053""","[""4662"", ""3343"", ""195"", ""680"", ""3160"", ""3527"", ""3526"", ""3569"", ""3525"", ""7"", ""3344"", ""1959"", ""75"", ""54""]",d27db3e8-dcb1-42bc-b0db-b4a87a6980af
301658,"""1592""","[""331""]","""25053""","[""4662"", ""3343"", ""195"", ""680"", ""3160"", ""3527"", ""3526"", ""3569"", ""3525"", ""7"", ""3344"", ""1959"", ""75"", ""54""]",0abf7b87-8400-4a7a-9ed6-a12e1a46e92b
301658,"""1592""","[""331""]","""25053""","[""4662"", ""3343"", ""195"", ""680"", ""3160"", ""3527"", ""3526"", ""3569"", ""3525"", ""7"", ""3344"", ""1959"", ""75"", ""54""]",7d69dd64-0d80-4d9e-ac64-6bb505585762
301658,"""1592""","[""331""]","""25053""","[""4662"", ""3343"", ""195"", ""680"", ""3160"", ""3527"", ""3526"", ""3569"", ""3525"", ""7"", ""3344"", ""1959"", ""75"", ""54""]",b42cc9c4-1f4e-4886-905c-d2934d8c6060
301658,"""1592""","[""331""]","""25053""","[""4662"", ""3343"", ""195"", ""680"", ""3160"", ""3527"", ""3526"", ""3569"", ""3525"", ""7"", ""3344"", ""1959"", ""75"", ""54""]",e026c0b9-034c-475a-bba5-cd3290eef9ee
301658,"""1592""","[""331""]","""25053""","[""4662"", ""3343"", ""195"", ""680"", ""3160"", ""3527"", ""3526"", ""3569"", ""3525"", ""7"", ""3344"", ""1959"", ""75"", ""54""]",f2293144-b4f9-4587-a10e-57c11dfc7372
301658,"""1592""","[""331""]","""25053""","[""4662"", ""3343"", ""195"", ""680"", ""3160"", ""3527"", ""3526"", ""3569"", ""3525"", ""7"", ""3344"", ""1959"", ""75"", ""54""]",9607bbce-243b-4fa3-9342-ab11853f59fb
301658,"""1592""","[""331""]","""25053""","[""4662"", ""3343"", ""195"", ""680"", ""3160"", ""3527"", ""3526"", ""3569"", ""3525"", ""7"", ""3344"", ""1959"", ""75"", ""54""]",3c960ffe-9d18-403a-931f-869695a510e7
301658,"""1592""","[""331""]","""25053""","[""4662"", ""3343"", ""195"", ""680"", ""3160"", ""3527"", ""3526"", ""3569"", ""3525"", ""7"", ""3344"", ""1959"", ""75"", ""54""]",8c42352c-d0fa-47bc-a04e-4b73f58ae0ec
301658,"""1592""","[""331""]","""25053""","[""4662"", ""3343"", ""195"", ""680"", ""3160"", ""3527"", ""3526"", ""3569"", ""3525"", ""7"", ""3344"", ""1959"", ""75"", ""54""]",5e68744f-024f-40a0-8ca0-2202881b9933
301658,"""1592""","[""331""]","""25053""","[""4662"", ""3343"", ""195"", ""680"", ""3160"", ""3527"", ""3526"", ""3569"", ""3525"", ""7"", ""3344"", ""1959"", ""75"", ""54""]",e026c0b9-034c-475a-bba5-cd3290eef9ee
301658,"""1592""","[""331""]","""25053""","[""4662"", ""3343"", ""195"", ""680"", ""3160"", ""3527"", ""3526"", ""3569"", ""3525"", ""7"", ""3344"", ""1959"", ""75"", ""54""]",e026c0b9-034c-475a-bba5-cd3290eef9ee
301658,"""1592""","[""331""]","""25053""","[""4662"", ""3343"", ""195"", ""680"", ""3160"", ""3527"", ""3526"", ""3569"", ""3525"", ""7"", ""3344"", ""1959"", ""75"", ""54""]",72099228-1fb5-4fbf-ac30-4dd906b26186
301658,"""1592""","[""331""]","""25053""","[""4662"", ""3343"", ""195"", ""680"", ""3160"", ""3527"", ""3526"", ""3569"", ""3525"", ""7"", ""3344"", ""1959"", ""75"", ""54""]",0fc14581-9ba0-4613-b1dc-4db879e9e677
301658,"""1592""","[""331""]","""25053""","[""4662"", ""3343"", ""195"", ""680"", ""3160"", ""3527"", ""3526"", ""3569"", ""3525"", ""7"", ""3344"", ""1959"", ""75"", ""54""]",12d57842-573e-4561-9fd0-70d655edace8
301658,"""1592""","[""331""]","""25053""","[""4662"", ""3343"", ""195"", ""680"", ""3160"", ""3527"", ""3526"", ""3569"", ""3525"", ""7"", ""3344"", ""1959"", ""75"", ""54""]",50f197ac-d858-44d4-aa3c-d2bbfb3e286b
301658,"""1592""","[""331""]","""25053""","[""4662"", ""3343"", ""195"", ""680"", ""3160"", ""3527"", ""3526"", ""3569"", ""3525"", ""7"", ""3344"", ""1959"", ""75"", ""54""]",dfcf2eb6-f8dc-4ebc-91b8-db0d1025cd51
301658,"""1592""","[""331""]","""25053""","[""4662"", ""3343"", ""195"", ""680"", ""3160"", ""3527"", ""3526"", ""3569"", ""3525"", ""7"", ""3344"", ""1959"", ""75"", ""54""]",47780a2c-30ca-4e76-a95b-5dfbb06d10b6
301658,"""1592""","[""331""]","""25053""","[""4662"", ""3343"", ""195"", ""680"", ""3160"", ""3527"", ""3526"", ""3569"", ""3525"", ""7"", ""3344"", ""1959"", ""75"", ""54""]",7d69dd64-0d80-4d9e-ac64-6bb505585762
301658,"""1592""","[""331""]","""25053""","[""4662"", ""3343"", ""195"", ""680"", ""3160"", ""3527"", ""3526"", ""3569"", ""3525"", ""7"", ""3344"", ""1959"", ""75"", ""54""]",3f3ab966-c40d-4eb8-9bf6-4b16c26c2091
301658,"""1592""","[""331""]","""25053""","[""4662"", ""3343"", ""195"", ""680"", ""3160"", ""3527"", ""3526"", ""3569"", ""3525"", ""7"", ""3344"", ""1959"", ""75"", ""54""]",a62157a6-48c0-4fb5-8718-685f84dafaf0
301658,"""1592""","[""331""]","""25053""","[""4662"", ""3343"", ""195"", ""680"", ""3160"", ""3527"", ""3526"", ""3569"", ""3525"", ""7"", ""3344"", ""1959"", ""75"", ""54""]",06d0e3c6-7dfa-4460-bec9-c0d0e6f29956
301658,"""1592""","[""331""]","""25053""","[""4662"", ""3343"", ""195"", ""680"", ""3160"", ""3527"", ""3526"", ""3569"", ""3525"", ""7"", ""3344"", ""1959"", ""75"", ""54""]",830ca7ff-81fd-4175-bdf6-6399e669193e
301658,"""1592""","[""331""]","""25053""","[""4662"", ""3343"", ""195"", ""680"", ""3160"", ""3527"", ""3526"", ""3569"", ""3525"", ""7"", ""3344"", ""1959"", ""75"", ""54""]",d5d9ce42-941f-47c3-bcf3-e374fc82adee
301658,"""1592""","[""331""]","""25053""","[""4662"", ""3343"", ""195"", ""680"", ""3160"", ""3527"", ""3526"", ""3569"", ""3525"", ""7"", ""3344"", ""1959"", ""75"", ""54""]",d593adda-09a5-450b-9a79-179d5f2ccbf2
301658,"""1592""","[""331""]","""25053""","[""4662"", ""3343"", ""195"", ""680"", ""3160"", ""3527"", ""3526"", ""3569"", ""3525"", ""7"", ""3344"", ""1959"", ""75"", ""54""]",d119a992-3498-4514-89bf-3307232f3d80
301658,"""1592""","[""331""]","""25053""","[""4662"", ""3343"", ""195"", ""680"", ""3160"", ""3527"", ""3526"", ""3569"", ""3525"", ""7"", ""3344"", ""1959"", ""75"", ""54""]",a73b171f-c4cd-4e40-8cc3-6e7b21cfaf5b
301658,"""1592""","[""331""]","""25053""","[""4662"", ""3343"", ""195"", ""680"", ""3160"", ""3527"", ""3526"", ""3569"", ""3525"", ""7"", ""3344"", ""1959"", ""75"", ""54""]",47780a2c-30ca-4e76-a95b-5dfbb06d10b6
301658,"""1592""","[""331""]","""25053""","[""4662"", ""3343"", ""195"", ""680"", ""3160"", ""3527"", ""3526"", ""3569"", ""3525"", ""7"", ""3344"", ""1959"", ""75"", ""54""]",9607bbce-243b-4fa3-9342-ab11853f59fb
301658,"""1592""","[""331""]","""25053""","[""4662"", ""3343"", ""195"", ""680"", ""3160"", ""3527"", ""3526"", ""3569"", ""3525"", ""7"", ""3344"", ""1959"", ""75"", ""54""]",8696d944-42a8-4e0e-af9d-1279cfff23bb
301658,"""1592""","[""331""]","""25053""","[""4662"", ""3343"", ""195"", ""680"", ""3160"", ""3527"", ""3526"", ""3569"", ""3525"", ""7"", ""3344"", ""1959"", ""75"", ""54""]",1a6f655e-b4d9-43a3-abfc-ffd1281fbadd
301658,"""1592""","[""331""]","""25053""","[""4662"", ""3343"", ""195"", ""680"", ""3160"", ""3527"", ""3526"", ""3569"", ""3525"", ""7"", ""3344"", ""1959"", ""75"", ""54""]",fbdf28b0-8f55-49a6-a41a-49c82192e0f6
301658,"""1592""","[""331""]","""25053""","[""4662"", ""3343"", ""195"", ""680"", ""3160"", ""3527"", ""3526"", ""3569"", ""3525"", ""7"", ""3344"", ""1959"", ""75"", ""54""]",9b5d4594-00f9-48c8-88e8-41ecc8366eba
301658,"""1592""","[""331""]","""25053""","[""4662"", ""3343"", ""195"", ""680"", ""3160"", ""3527"", ""3526"", ""3569"", ""3525"", ""7"", ""3344"", ""1959"", ""75"", ""54""]",0abf7b87-8400-4a7a-9ed6-a12e1a46e92b
301658,"""1592""","[""331""]","""25053""","[""4662"", ""3343"", ""195"", ""680"", ""3160"", ""3527"", ""3526"", ""3569"", ""3525"", ""7"", ""3344"", ""1959"", ""75"", ""54""]",06d0e3c6-7dfa-4460-bec9-c0d0e6f29956
301658,"""1592""","[""331""]","""25053""","[""4662"", ""3343"", ""195"", ""680"", ""3160"", ""3527"", ""3526"", ""3569"", ""3525"", ""7"", ""3344"", ""1959"", ""75"", ""54""]",087cec1e-73aa-4505-bc74-29d5bd1f16b0
301658,"""1592""","[""331""]","""25053""","[""4662"", ""3343"", ""195"", ""680"", ""3160"", ""3527"", ""3526"", ""3569"", ""3525"", ""7"", ""3344"", ""1959"", ""75"", ""54""]",d56aceb4-efaf-46c3-a93e-026651b71d23
301658,"""1592""","[""331""]","""25053""","[""4662"", ""3343"", ""195"", ""680"", ""3160"", ""3527"", ""3526"", ""3569"", ""3525"", ""7"", ""3344"", ""1959"", ""75"", ""54""]",3ff7b03d-96c6-4364-b906-fcba0198b9f5
301658,"""1592""","[""331""]","""25053""","[""4662"", ""3343"", ""195"", ""680"", ""3160"", ""3527"", ""3526"", ""3569"", ""3525"", ""7"", ""3344"", ""1959"", ""75"", ""54""]",7d69dd64-0d80-4d9e-ac64-6bb505585762
301658,"""1592""","[""331""]","""25053""","[""4662"", ""3343"", ""195"", ""680"", ""3160"", ""3527"", ""3526"", ""3569"", ""3525"", ""7"", ""3344"", ""1959"", ""75"", ""54""]",3ff7b03d-96c6-4364-b906-fcba0198b9f5
301658,"""1592""","[""331""]","""25053""","[""4662"", ""3343"", ""195"", ""680"", ""3160"", ""3527"", ""3526"", ""3569"", ""3525"", ""7"", ""3344"", ""1959"", ""75"", ""54""]",50f197ac-d858-44d4-aa3c-d2bbfb3e286b
301658,"""1592""","[""331""]","""25053""","[""4662"", ""3343"", ""195"", ""680"", ""3160"", ""3527"", ""3526"", ""3569"", ""3525"", ""7"", ""3344"", ""1959"", ""75"", ""54""]",d119a992-3498-4514-89bf-3307232f3d80
301658,"""1592""","[""331""]","""25053""","[""4662"", ""3343"", ""195"", ""680"", ""3160"", ""3527"", ""3526"", ""3569"", ""3525"", ""7"", ""3344"", ""1959"", ""75"", ""54""]",304d0ad8-cdbd-4c18-9d34-07a4422d655d
301658,"""1592""","[""331""]","""25053""","[""4662"", ""3343"", ""195"", ""680"", ""3160"", ""3527"", ""3526"", ""3569"", ""3525"", ""7"", ""3344"", ""1959"", ""75"", ""54""]",ba5bfd09-3bfd-44b2-9be0-fcffd63f04c7
301658,"""1592""","[""331""]","""25053""","[""4662"", ""3343"", ""195"", ""680"", ""3160"", ""3527"", ""3526"", ""3569"", ""3525"", ""7"", ""3344"", ""1959"", ""75"", ""54""]",4a9036db-7df1-4cb1-b0db-d2394742e479
301658,"""1592""","[""331""]","""25053""","[""4662"", ""3343"", ""195"", ""680"", ""3160"", ""3527"", ""3526"", ""3569"", ""3525"", ""7"", ""3344"", ""1959"", ""75"", ""54""]",c16314f6-89d6-431c-baca-3c0da68815d5
301658,"""1592""","[""331""]","""25053""","[""4662"", ""3343"", ""195"", ""680"", ""3160"", ""3527"", ""3526"", ""3569"", ""3525"", ""7"", ""3344"", ""1959"", ""75"", ""54""]",d119a992-3498-4514-89bf-3307232f3d80
301658,"""1592""","[""331""]","""25053""","[""4662"", ""3343"", ""195"", ""680"", ""3160"", ""3527"", ""3526"", ""3569"", ""3525"", ""7"", ""3344"", ""1959"", ""75"", ""54""]",db985777-6523-40bd-97c9-41aaeca814a0
301658,"""1592""","[""331""]","""25053""","[""4662"", ""3343"", ""195"", ""680"", ""3160"", ""3527"", ""3526"", ""3569"", ""3525"", ""7"", ""3344"", ""1959"", ""75"", ""54""]",50f197ac-d858-44d4-aa3c-d2bbfb3e286b
301658,"""1592""","[""331""]","""25053""","[""4662"", ""3343"", ""195"", ""680"", ""3160"", ""3527"", ""3526"", ""3569"", ""3525"", ""7"", ""3344"", ""1959"", ""75"", ""54""]",8c42352c-d0fa-47bc-a04e-4b73f58ae0ec
301658,"""1592""","[""331""]","""25053""","[""4662"", ""3343"", ""195"", ""680"", ""3160"", ""3527"", ""3526"", ""3569"", ""3525"", ""7"", ""3344"", ""1959"", ""75"", ""54""]",723c8bf8-fe40-42c9-a7d9-0c07ac06cb6b
301658,"""1592""","[""331""]","""25053""","[""4662"", ""3343"", ""195"", ""680"", ""3160"", ""3527"", ""3526"", ""3569"", ""3525"", ""7"", ""3344"", ""1959"", ""75"", ""54""]",7d69dd64-0d80-4d9e-ac64-6bb505585762
301658,"""1592""","[""331""]","""25053""","[""4662"", ""3343"", ""195"", ""680"", ""3160"", ""3527"", ""3526"", ""3569"", ""3525"", ""7"", ""3344"", ""1959"", ""75"", ""54""]",298dc1c5-d5f2-4744-a028-6db92ded9f06
301658,"""1592""","[""331""]","""25053""","[""4662"", ""3343"", ""195"", ""680"", ""3160"", ""3527"", ""3526"", ""3569"", ""3525"", ""7"", ""3344"", ""1959"", ""75"", ""54""]",e026c0b9-034c-475a-bba5-cd3290eef9ee
301658,"""1592""","[""331""]","""25053""","[""4662"", ""3343"", ""195"", ""680"", ""3160"", ""3527"", ""3526"", ""3569"", ""3525"", ""7"", ""3344"", ""1959"", ""75"", ""54""]",d119a992-3498-4514-89bf-3307232f3d80
301658,"""1592""","[""331""]","""25053""","[""4662"", ""3343"", ""195"", ""680"", ""3160"", ""3527"", ""3526"", ""3569"", ""3525"", ""7"", ""3344"", ""1959"", ""75"", ""54""]",b913ad35-a7af-4a40-a9af-1108ddf7f791
301658,"""1592""","[""331""]","""25053""","[""4662"", ""3343"", ""195"", ""680"", ""3160"", ""3527"", ""3526"", ""3569"", ""3525"", ""7"", ""3344"", ""1959"", ""75"", ""54""]",c16314f6-89d6-431c-baca-3c0da68815d5
301658,"""1592""","[""331""]","""25053""","[""4662"", ""3343"", ""195"", ""680"", ""3160"", ""3527"", ""3526"", ""3569"", ""3525"", ""7"", ""3344"", ""1959"", ""75"", ""54""]",e9b0711e-0a58-42be-b6ef-bdfe56783e34
301658,"""1592""","[""331""]","""25053""","[""4662"", ""3343"", ""195"", ""680"", ""3160"", ""3527"", ""3526"", ""3569"", ""3525"", ""7"", ""3344"", ""1959"", ""75"", ""54""]",13f7450f-ab2c-4cc3-884b-c41445fde815
301658,"""1592""","[""331""]","""25053""","[""4662"", ""3343"", ""195"", ""680"", ""3160"", ""3527"", ""3526"", ""3569"", ""3525"", ""7"", ""3344"", ""1959"", ""75"", ""54""]",f9f04525-ee62-464f-afd0-d9ec12c6fd18
301658,"""1592""","[""331""]","""25053""","[""4662"", ""3343"", ""195"", ""680"", ""3160"", ""3527"", ""3526"", ""3569"", ""3525"", ""7"", ""3344"", ""1959"", ""75"", ""54""]",f9f04525-ee62-464f-afd0-d9ec12c6fd18
301658,"""1592""","[""331""]","""25053""","[""4662"", ""3343"", ""195"", ""680"", ""3160"", ""3527"", ""3526"", ""3569"", ""3525"", ""7"", ""3344"", ""1959"", ""75"", ""54""]",33923b11-95c0-4127-91d2-d59b2ab59014
301658,"""1592""","[""331""]","""25053""","[""4662"", ""3343"", ""195"", ""680"", ""3160"", ""3527"", ""3526"", ""3569"", ""3525"", ""7"", ""3344"", ""1959"", ""75"", ""54""]",2d61050e-eb06-43ae-89b1-6367ba9f9477
301658,"""1592""","[""331""]","""25053""","[""4662"", ""3343"", ""195"", ""680"", ""3160"", ""3527"", ""3526"", ""3569"", ""3525"", ""7"", ""3344"", ""1959"", ""75"", ""54""]",dfcf2eb6-f8dc-4ebc-91b8-db0d1025cd51
301658,"""1592""","[""331""]","""25053""","[""4662"", ""3343"", ""195"", ""680"", ""3160"", ""3527"", ""3526"", ""3569"", ""3525"", ""7"", ""3344"", ""1959"", ""75"", ""54""]",e1aa3008-4051-4ac9-b264-cbff971457c6
301658,"""1592""","[""331""]","""25053""","[""4662"", ""3343"", ""195"", ""680"", ""3160"", ""3527"", ""3526"", ""3569"", ""3525"", ""7"", ""3344"", ""1959"", ""75"", ""54""]",6a4296db-0931-42a0-93a1-774b1c7a5f93
301658,"""1592""","[""331""]","""25053""","[""4662"", ""3343"", ""195"", ""680"", ""3160"", ""3527"", ""3526"", ""3569"", ""3525"", ""7"", ""3344"", ""1959"", ""75"", ""54""]",6a96729c-9dee-4985-b473-338bae6e6049
301658,"""1592""","[""331""]","""25053""","[""4662"", ""3343"", ""195"", ""680"", ""3160"", ""3527"", ""3526"", ""3569"", ""3525"", ""7"", ""3344"", ""1959"", ""75"", ""54""]",06d0e3c6-7dfa-4460-bec9-c0d0e6f29956
301658,"""1592""","[""331""]","""25053""","[""4662"", ""3343"", ""195"", ""680"", ""3160"", ""3527"", ""3526"", ""3569"", ""3525"", ""7"", ""3344"", ""1959"", ""75"", ""54""]",d02cec9b-93e3-4014-939d-ff79b030bea4
301658,"""1592""","[""331""]","""25053""","[""4662"", ""3343"", ""195"", ""680"", ""3160"", ""3527"", ""3526"", ""3569"", ""3525"", ""7"", ""3344"", ""1959"", ""75"", ""54""]",47780a2c-30ca-4e76-a95b-5dfbb06d10b6
301658,"""1592""","[""331""]","""25053""","[""4662"", ""3343"", ""195"", ""680"", ""3160"", ""3527"", ""3526"", ""3569"", ""3525"", ""7"", ""3344"", ""1959"", ""75"", ""54""]",7d69dd64-0d80-4d9e-ac64-6bb505585762
301658,"""1592""","[""331""]","""25053""","[""4662"", ""3343"", ""195"", ""680"", ""3160"", ""3527"", ""3526"", ""3569"", ""3525"", ""7"", ""3344"", ""1959"", ""75"", ""54""]",9607bbce-243b-4fa3-9342-ab11853f59fb
301658,"""1592""","[""331""]","""25053""","[""4662"", ""3343"", ""195"", ""680"", ""3160"", ""3527"", ""3526"", ""3569"", ""3525"", ""7"", ""3344"", ""1959"", ""75"", ""54""]",8c42352c-d0fa-47bc-a04e-4b73f58ae0ec
301658,"""1592""","[""331""]","""25053""","[""4662"", ""3343"", ""195"", ""680"", ""3160"", ""3527"", ""3526"", ""3569"", ""3525"", ""7"", ""3344"", ""1959"", ""75"", ""54""]",8c42352c-d0fa-47bc-a04e-4b73f58ae0ec
301658,"""1592""","[""331""]","""25053""","[""4662"", ""3343"", ""195"", ""680"", ""3160"", ""3527"", ""3526"", ""3569"", ""3525"", ""7"", ""3344"", ""1959"", ""75"", ""54""]",2ba39e37-b368-4c25-9a6d-8d79e70cc7b5
301658,"""1592""","[""331""]","""25053""","[""4662"", ""3343"", ""195"", ""680"", ""3160"", ""3527"", ""3526"", ""3569"", ""3525"", ""7"", ""3344"", ""1959"", ""75"", ""54""]",06ef32a1-ae66-4ee5-9eb0-eb5a72e931f9
301658,"""1592""","[""331""]","""25053""","[""4662"", ""3343"", ""195"", ""680"", ""3160"", ""3527"", ""3526"", ""3569"", ""3525"", ""7"", ""3344"", ""1959"", ""75"", ""54""]",72099228-1fb5-4fbf-ac30-4dd906b26186
301658,"""1592""","[""331""]","""25053""","[""4662"", ""3343"", ""195"", ""680"", ""3160"", ""3527"", ""3526"", ""3569"", ""3525"", ""7"", ""3344"", ""1959"", ""75"", ""54""]",72bb4d51-e045-4fbc-b18b-410b3ef6ced4
301658,"""1592""","[""331""]","""25053""","[""4662"", ""3343"", ""195"", ""680"", ""3160"", ""3527"", ""3526"", ""3569"", ""3525"", ""7"", ""3344"", ""1959"", ""75"", ""54""]",e7ec8641-7183-426a-af50-25cc85339c57
301658,"""1592""","[""331""]","""25053""","[""4662"", ""3343"", ""195"", ""680"", ""3160"", ""3527"", ""3526"", ""3569"", ""3525"", ""7"", ""3344"", ""1959"", ""75"", ""54""]",fd318d9c-34f2-4b6c-9e09-857d980bfc7f
301658,"""1592""","[""331""]","""25053""","[""4662"", ""3343"", ""195"", ""680"", ""3160"", ""3527"", ""3526"", ""3569"", ""3525"", ""7"", ""3344"", ""1959"", ""75"", ""54""]",c16314f6-89d6-431c-baca-3c0da68815d5
301658,"""1592""","[""331""]","""25053""","[""4662"", ""3343"", ""195"", ""680"", ""3160"", ""3527"", ""3526"", ""3569"", ""3525"", ""7"", ""3344"", ""1959"", ""75"", ""54""]",e9d37f43-20b8-45a7-8258-3443d2f19baf
301658,"""1592""","[""331""]","""25053""","[""4662"", ""3343"", ""195"", ""680"", ""3160"", ""3527"", ""3526"", ""3569"", ""3525"", ""7"", ""3344"", ""1959"", ""75"", ""54""]",648e89c6-ad3b-4f4f-a681-13712ffd8df5
301658,"""1592""","[""331""]","""25053""","[""4662"", ""3343"", ""195"", ""680"", ""3160"", ""3527"", ""3526"", ""3569"", ""3525"", ""7"", ""3344"", ""1959"", ""75"", ""54""]",8a78d053-913b-40fc-820a-3f18c0063803
301658,"""1592""","[""331""]","""25053""","[""4662"", ""3343"", ""195"", ""680"", ""3160"", ""3527"", ""3526"", ""3569"", ""3525"", ""7"", ""3344"", ""1959"", ""75"", ""54""]",c16314f6-89d6-431c-baca-3c0da68815d5
301658,"""1592""","[""331""]","""25053""","[""4662"", ""3343"", ""195"", ""680"", ""3160"", ""3527"", ""3526"", ""3569"", ""3525"", ""7"", ""3344"", ""1959"", ""75"", ""54""]",d119a992-3498-4514-89bf-3307232f3d80
301658,"""1592""","[""331""]","""25053""","[""4662"", ""3343"", ""195"", ""680"", ""3160"", ""3527"", ""3526"", ""3569"", ""3525"", ""7"", ""3344"", ""1959"", ""75"", ""54""]",dfcf2eb6-f8dc-4ebc-91b8-db0d1025cd51
301658,"""1592""","[""331""]","""25053""","[""4662"", ""3343"", ""195"", ""680"", ""3160"", ""3527"", ""3526"", ""3569"", ""3525"", ""7"", ""3344"", ""1959"", ""75"", ""54""]",3130c571-c93b-4258-9693-11c8f55d5343
301658,"""1592""","[""331""]","""25053""","[""4662"", ""3343"", ""195"", ""680"", ""3160"", ""3527"", ""3526"", ""3569"", ""3525"", ""7"", ""3344"", ""1959"", ""75"", ""54""]",f1e4183f-0346-4497-b844-5816a84b9600
301658,"""1592""","[""331""]","""25053""","[""4662"", ""3343"", ""195"", ""680"", ""3160"", ""3527"", ""3526"", ""3569"", ""3525"", ""7"", ""3344"", ""1959"", ""75"", ""54""]",0deccd06-7c73-4000-a907-2ff9093d015f
301658,"""1592""","[""331""]","""25053""","[""4662"", ""3343"", ""195"", ""680"", ""3160"", ""3527"", ""3526"", ""3569"", ""3525"", ""7"", ""3344"", ""1959"", ""75"", ""54""]",f432a455-8662-49cf-8473-eae0e6e17c35
301658,"""1592""","[""331""]","""25053""","[""4662"", ""3343"", ""195"", ""680"", ""3160"", ""3527"", ""3526"", ""3569"", ""3525"", ""7"", ""3344"", ""1959"", ""75"", ""54""]",e917ce90-7f24-4dcd-a68b-10187b856aaf
301658,"""1592""","[""331""]","""25053""","[""4662"", ""3343"", ""195"", ""680"", ""3160"", ""3527"", ""3526"", ""3569"", ""3525"", ""7"", ""3344"", ""1959"", ""75"", ""54""]",c381bbcb-66b8-4b2e-8c63-b53e0739190d
301658,"""1592""","[""331""]","""25053""","[""4662"", ""3343"", ""195"", ""680"", ""3160"", ""3527"", ""3526"", ""3569"", ""3525"", ""7"", ""3344"", ""1959"", ""75"", ""54""]",bbca94d0-8486-42fd-87b6-1b8e4853be08
301658,"""1592""","[""331""]","""25053""","[""4662"", ""3343"", ""195"", ""680"", ""3160"", ""3527"", ""3526"", ""3569"", ""3525"", ""7"", ""3344"", ""1959"", ""75"", ""54""]",087cec1e-73aa-4505-bc74-29d5bd1f16b0
301658,"""1592""","[""331""]","""25053""","[""4662"", ""3343"", ""195"", ""680"", ""3160"", ""3527"", ""3526"", ""3569"", ""3525"", ""7"", ""3344"", ""1959"", ""75"", ""54""]",0abf7b87-8400-4a7a-9ed6-a12e1a46e92b
301658,"""1592""","[""331""]","""25053""","[""4662"", ""3343"", ""195"", ""680"", ""3160"", ""3527"", ""3526"", ""3569"", ""3525"", ""7"", ""3344"", ""1959"", ""75"", ""54""]",dcbc6826-d6fa-4499-b9a0-8d336d19e711
301658,"""1592""","[""331""]","""25053""","[""4662"", ""3343"", ""195"", ""680"", ""3160"", ""3527"", ""3526"", ""3569"", ""3525"", ""7"", ""3344"", ""1959"", ""75"", ""54""]",06d0e3c6-7dfa-4460-bec9-c0d0e6f29956
301658,"""1592""","[""331""]","""25053""","[""4662"", ""3343"", ""195"", ""680"", ""3160"", ""3527"", ""3526"", ""3569"", ""3525"", ""7"", ""3344"", ""1959"", ""75"", ""54""]",087cec1e-73aa-4505-bc74-29d5bd1f16b0
301658,"""1592""","[""331""]","""25053""","[""4662"", ""3343"", ""195"", ""680"", ""3160"", ""3527"", ""3526"", ""3569"", ""3525"", ""7"", ""3344"", ""1959"", ""75"", ""54""]",2115f2e6-23d5-4f9a-9536-94e97a692ef8
301658,"""1592""","[""331""]","""25053""","[""4662"", ""3343"", ""195"", ""680"", ""3160"", ""3527"", ""3526"", ""3569"", ""3525"", ""7"", ""3344"", ""1959"", ""75"", ""54""]",2115f2e6-23d5-4f9a-9536-94e97a692ef8
301658,"""1592""","[""331""]","""25053""","[""4662"", ""3343"", ""195"", ""680"", ""3160"", ""3527"", ""3526"", ""3569"", ""3525"", ""7"", ""3344"", ""1959"", ""75"", ""54""]",87def487-b057-4d60-adc9-f8a2e2ec8657
301658,"""1592""","[""331""]","""25053""","[""4662"", ""3343"", ""195"", ""680"", ""3160"", ""3527"", ""3526"", ""3569"", ""3525"", ""7"", ""3344"", ""1959"", ""75"", ""54""]",3ff7b03d-96c6-4364-b906-fcba0198b9f5
301658,"""1592""","[""331""]","""25053""","[""4662"", ""3343"", ""195"", ""680"", ""3160"", ""3527"", ""3526"", ""3569"", ""3525"", ""7"", ""3344"", ""1959"", ""75"", ""54""]",3d998dcd-2226-4b04-9c97-b39f7b6fe997
301658,"""1592""","[""331""]","""25053""","[""4662"", ""3343"", ""195"", ""680"", ""3160"", ""3527"", ""3526"", ""3569"", ""3525"", ""7"", ""3344"", ""1959"", ""75"", ""54""]",3ff7b03d-96c6-4364-b906-fcba0198b9f5
301658,"""1592""","[""331""]","""25053""","[""4662"", ""3343"", ""195"", ""680"", ""3160"", ""3527"", ""3526"", ""3569"", ""3525"", ""7"", ""3344"", ""1959"", ""75"", ""54""]",72099228-1fb5-4fbf-ac30-4dd906b26186
301658,"""1592""","[""331""]","""25053""","[""4662"", ""3343"", ""195"", ""680"", ""3160"", ""3527"", ""3526"", ""3569"", ""3525"", ""7"", ""3344"", ""1959"", ""75"", ""54""]",5786aac8-f972-442f-8527-e2996125e57f
301658,"""1592""","[""331""]","""25053""","[""4662"", ""3343"", ""195"", ""680"", ""3160"", ""3527"", ""3526"", ""3569"", ""3525"", ""7"", ""3344"", ""1959"", ""75"", ""54""]",7d69dd64-0d80-4d9e-ac64-6bb505585762
301658,"""1592""","[""331""]","""25053""","[""4662"", ""3343"", ""195"", ""680"", ""3160"", ""3527"", ""3526"", ""3569"", ""3525"", ""7"", ""3344"", ""1959"", ""75"", ""54""]",871405ac-1681-4fe3-ad84-3dbd306c2693
301658,"""1592""","[""331""]","""25053""","[""4662"", ""3343"", ""195"", ""680"", ""3160"", ""3527"", ""3526"", ""3569"", ""3525"", ""7"", ""3344"", ""1959"", ""75"", ""54""]",8d426f78-b1d1-4ab8-a8af-be35f4fbcc58
301658,"""1592""","[""331""]","""25053""","[""4662"", ""3343"", ""195"", ""680"", ""3160"", ""3527"", ""3526"", ""3569"", ""3525"", ""7"", ""3344"", ""1959"", ""75"", ""54""]",8c42352c-d0fa-47bc-a04e-4b73f58ae0ec
301658,"""1592""","[""331""]","""25053""","[""4662"", ""3343"", ""195"", ""680"", ""3160"", ""3527"", ""3526"", ""3569"", ""3525"", ""7"", ""3344"", ""1959"", ""75"", ""54""]",68509a3d-7074-4108-98d9-f84a0b5d9427
301658,"""1592""","[""331""]","""25053""","[""4662"", ""3343"", ""195"", ""680"", ""3160"", ""3527"", ""3526"", ""3569"", ""3525"", ""7"", ""3344"", ""1959"", ""75"", ""54""]",70254e14-2608-405d-9f87-cb92f8a3dcfe
301658,"""1592""","[""331""]","""25053""","[""4662"", ""3343"", ""195"", ""680"", ""3160"", ""3527"", ""3526"", ""3569"", ""3525"", ""7"", ""3344"", ""1959"", ""75"", ""54""]",d119a992-3498-4514-89bf-3307232f3d80
301658,"""1592""","[""331""]","""25053""","[""4662"", ""3343"", ""195"", ""680"", ""3160"", ""3527"", ""3526"", ""3569"", ""3525"", ""7"", ""3344"", ""1959"", ""75"", ""54""]",db985777-6523-40bd-97c9-41aaeca814a0
301658,"""1592""","[""331""]","""25053""","[""4662"", ""3343"", ""195"", ""680"", ""3160"", ""3527"", ""3526"", ""3569"", ""3525"", ""7"", ""3344"", ""1959"", ""75"", ""54""]",81f1fa97-a0b8-47cf-9d5d-5874495de9dc
301658,"""1592""","[""331""]","""25053""","[""4662"", ""3343"", ""195"", ""680"", ""3160"", ""3527"", ""3526"", ""3569"", ""3525"", ""7"", ""3344"", ""1959"", ""75"", ""54""]",871405ac-1681-4fe3-ad84-3dbd306c2693
301658,"""1592""","[""331""]","""25053""","[""4662"", ""3343"", ""195"", ""680"", ""3160"", ""3527"", ""3526"", ""3569"", ""3525"", ""7"", ""3344"", ""1959"", ""75"", ""54""]",fbdf28b0-8f55-49a6-a41a-49c82192e0f6
301658,"""1592""","[""331""]","""25053""","[""4662"", ""3343"", ""195"", ""680"", ""3160"", ""3527"", ""3526"", ""3569"", ""3525"", ""7"", ""3344"", ""1959"", ""75"", ""54""]",183064e8-388a-4821-803d-66a33f2a548a
301658,"""1592""","[""331""]","""25053""","[""4662"", ""3343"", ""195"", ""680"", ""3160"", ""3527"", ""3526"", ""3569"", ""3525"", ""7"", ""3344"", ""1959"", ""75"", ""54""]",9607bbce-243b-4fa3-9342-ab11853f59fb
301658,"""1592""","[""331""]","""25053""","[""4662"", ""3343"", ""195"", ""680"", ""3160"", ""3527"", ""3526"", ""3569"", ""3525"", ""7"", ""3344"", ""1959"", ""75"", ""54""]",3ff7b03d-96c6-4364-b906-fcba0198b9f5
301658,"""1592""","[""331""]","""25053""","[""4662"", ""3343"", ""195"", ""680"", ""3160"", ""3527"", ""3526"", ""3569"", ""3525"", ""7"", ""3344"", ""1959"", ""75"", ""54""]",dfcf2eb6-f8dc-4ebc-91b8-db0d1025cd51
301658,"""1592""","[""331""]","""25053""","[""4662"", ""3343"", ""195"", ""680"", ""3160"", ""3527"", ""3526"", ""3569"", ""3525"", ""7"", ""3344"", ""1959"", ""75"", ""54""]",07d68ca9-ef6d-4688-8632-0566dab9a24d
301658,"""1592""","[""331""]","""25053""","[""4662"", ""3343"", ""195"", ""680"", ""3160"", ""3527"", ""3526"", ""3569"", ""3525"", ""7"", ""3344"", ""1959"", ""75"", ""54""]",c16314f6-89d6-431c-baca-3c0da68815d5
301658,"""1592""","[""331""]","""25053""","[""4662"", ""3343"", ""195"", ""680"", ""3160"", ""3527"", ""3526"", ""3569"", ""3525"", ""7"", ""3344"", ""1959"", ""75"", ""54""]",d0f43aca-32e8-4aa9-a3d0-315c7a05dcc7
301658,"""1592""","[""331""]","""25053""","[""4662"", ""3343"", ""195"", ""680"", ""3160"", ""3527"", ""3526"", ""3569"", ""3525"", ""7"", ""3344"", ""1959"", ""75"", ""54""]",ca8e887d-91a1-4954-99fd-a5e20fe530d3
301658,"""1592""","[""331""]","""25053""","[""4662"", ""3343"", ""195"", ""680"", ""3160"", ""3527"", ""3526"", ""3569"", ""3525"", ""7"", ""3344"", ""1959"", ""75"", ""54""]",d119a992-3498-4514-89bf-3307232f3d80
301658,"""1592""","[""331""]","""25053""","[""4662"", ""3343"", ""195"", ""680"", ""3160"", ""3527"", ""3526"", ""3569"", ""3525"", ""7"", ""3344"", ""1959"", ""75"", ""54""]",196ec5ff-338c-4087-9825-cb0df34255f0
301658,"""1592""","[""331""]","""25053""","[""4662"", ""3343"", ""195"", ""680"", ""3160"", ""3527"", ""3526"", ""3569"", ""3525"", ""7"", ""3344"", ""1959"", ""75"", ""54""]",db985777-6523-40bd-97c9-41aaeca814a0
301658,"""1592""","[""331""]","""25053""","[""4662"", ""3343"", ""195"", ""680"", ""3160"", ""3527"", ""3526"", ""3569"", ""3525"", ""7"", ""3344"", ""1959"", ""75"", ""54""]",f12edbf8-4500-42a8-98ff-8f5a491e8cd3
301658,"""1592""","[""331""]","""25053""","[""4662"", ""3343"", ""195"", ""680"", ""3160"", ""3527"", ""3526"", ""3569"", ""3525"", ""7"", ""3344"", ""1959"", ""75"", ""54""]",13f7450f-ab2c-4cc3-884b-c41445fde815
301658,"""1592""","[""331""]","""25053""","[""4662"", ""3343"", ""195"", ""680"", ""3160"", ""3527"", ""3526"", ""3569"", ""3525"", ""7"", ""3344"", ""1959"", ""75"", ""54""]",3ff7b03d-96c6-4364-b906-fcba0198b9f5
301658,"""1592""","[""331""]","""25053""","[""4662"", ""3343"", ""195"", ""680"", ""3160"", ""3527"", ""3526"", ""3569"", ""3525"", ""7"", ""3344"", ""1959"", ""75"", ""54""]",fbdf28b0-8f55-49a6-a41a-49c82192e0f6
301658,"""1592""","[""331""]","""25053""","[""4662"", ""3343"", ""195"", ""680"", ""3160"", ""3527"", ""3526"", ""3569"", ""3525"", ""7"", ""3344"", ""1959"", ""75"", ""54""]",25d374c0-44f3-44dc-86cc-574b4c810fd9
301658,"""1592""","[""331""]","""25053""","[""4662"", ""3343"", ""195"", ""680"", ""3160"", ""3527"", ""3526"", ""3569"", ""3525"", ""7"", ""3344"", ""1959"", ""75"", ""54""]",f9f04525-ee62-464f-afd0-d9ec12c6fd18
301658,"""1592""","[""331""]","""25053""","[""4662"", ""3343"", ""195"", ""680"", ""3160"", ""3527"", ""3526"", ""3569"", ""3525"", ""7"", ""3344"", ""1959"", ""75"", ""54""]",b37fdd16-c19a-44a5-b9aa-fa9a31827e45
301658,"""1592""","[""331""]","""25053""","[""4662"", ""3343"", ""195"", ""680"", ""3160"", ""3527"", ""3526"", ""3569"", ""3525"", ""7"", ""3344"", ""1959"", ""75"", ""54""]",530378f9-d4af-4c10-9133-8c23c0a945ce
301658,"""1592""","[""331""]","""25053""","[""4662"", ""3343"", ""195"", ""680"", ""3160"", ""3527"", ""3526"", ""3569"", ""3525"", ""7"", ""3344"", ""1959"", ""75"", ""54""]",c63bf023-6da2-4487-ab0e-b1808f4d9dfa
301658,"""1592""","[""331""]","""25053""","[""4662"", ""3343"", ""195"", ""680"", ""3160"", ""3527"", ""3526"", ""3569"", ""3525"", ""7"", ""3344"", ""1959"", ""75"", ""54""]",7d69dd64-0d80-4d9e-ac64-6bb505585762
301658,"""1592""","[""331""]","""25053""","[""4662"", ""3343"", ""195"", ""680"", ""3160"", ""3527"", ""3526"", ""3569"", ""3525"", ""7"", ""3344"", ""1959"", ""75"", ""54""]",6a4296db-0931-42a0-93a1-774b1c7a5f93
301658,"""1592""","[""331""]","""25053""","[""4662"", ""3343"", ""195"", ""680"", ""3160"", ""3527"", ""3526"", ""3569"", ""3525"", ""7"", ""3344"", ""1959"", ""75"", ""54""]",70254e14-2608-405d-9f87-cb92f8a3dcfe
301658,"""1592""","[""331""]","""25053""","[""4662"", ""3343"", ""195"", ""680"", ""3160"", ""3527"", ""3526"", ""3569"", ""3525"", ""7"", ""3344"", ""1959"", ""75"", ""54""]",7279810a-ae59-4888-a1c1-fa5f5a1bf7ae
301658,"""1592""","[""331""]","""25053""","[""4662"", ""3343"", ""195"", ""680"", ""3160"", ""3527"", ""3526"", ""3569"", ""3525"", ""7"", ""3344"", ""1959"", ""75"", ""54""]",50f197ac-d858-44d4-aa3c-d2bbfb3e286b
301658,"""1592""","[""331""]","""25053""","[""4662"", ""3343"", ""195"", ""680"", ""3160"", ""3527"", ""3526"", ""3569"", ""3525"", ""7"", ""3344"", ""1959"", ""75"", ""54""]",50f197ac-d858-44d4-aa3c-d2bbfb3e286b
301658,"""1592""","[""331""]","""25053""","[""4662"", ""3343"", ""195"", ""680"", ""3160"", ""3527"", ""3526"", ""3569"", ""3525"", ""7"", ""3344"", ""1959"", ""75"", ""54""]",f4a2c00e-1aae-410b-adad-27ffd3c70152
301658,"""1592""","[""331""]","""25053""","[""4662"", ""3343"", ""195"", ""680"", ""3160"", ""3527"", ""3526"", ""3569"", ""3525"", ""7"", ""3344"", ""1959"", ""75"", ""54""]",530a7d3e-a6ae-44f3-8b75-b128960e5cf9
142610,"""834""","[""171""]","""25021""","[""1"", ""486"", ""3"", ""4"", ""5"", ""54""]",f5886c7d-d4b0-4f79-9622-0450bb358aa5
142610,"""834""","[""171""]","""25021""","[""1"", ""486"", ""3"", ""4"", ""5"", ""54""]",16d3a30d-3ba8-4ba8-9f4a-33358eb33aa3
142610,"""834""","[""171""]","""25021""","[""1"", ""486"", ""3"", ""4"", ""5"", ""54""]",a44d49b0-c2fb-4d8c-a32e-4267897351c3
142610,"""834""","[""171""]","""25021""","[""1"", ""486"", ""3"", ""4"", ""5"", ""54""]",3ac34e2d-9d43-4df2-b6b7-0ad52e5e19f9
142610,"""834""","[""171""]","""25021""","[""1"", ""486"", ""3"", ""4"", ""5"", ""54""]",217753d1-dd1e-48c9-943d-e1045c29d2c0
142610,"""834""","[""171""]","""25021""","[""1"", ""486"", ""3"", ""4"", ""5"", ""54""]",bea02955-af1f-4783-8553-cedfae01d530
142610,"""834""","[""171""]","""25021""","[""1"", ""486"", ""3"", ""4"", ""5"", ""54""]",87ab40b4-4390-4ea7-b06c-2f95c92f36d2
142610,"""834""","[""171""]","""25021""","[""1"", ""486"", ""3"", ""4"", ""5"", ""54""]",3af6f4aa-8077-49db-8175-86a34f269b91
142610,"""834""","[""171""]","""25021""","[""1"", ""486"", ""3"", ""4"", ""5"", ""54""]",f5886c7d-d4b0-4f79-9622-0450bb358aa5
142610,"""834""","[""171""]","""25021""","[""1"", ""486"", ""3"", ""4"", ""5"", ""54""]",6a23ab18-0715-4882-ad13-69711c1cec9f
142610,"""834""","[""171""]","""25021""","[""1"", ""486"", ""3"", ""4"", ""5"", ""54""]",1082ea05-bd7d-434a-865a-e8e9802be00a
142610,"""834""","[""171""]","""25021""","[""1"", ""486"", ""3"", ""4"", ""5"", ""54""]",87ab40b4-4390-4ea7-b06c-2f95c92f36d2
142610,"""834""","[""171""]","""25021""","[""1"", ""486"", ""3"", ""4"", ""5"", ""54""]",514612bf-0b54-4f8f-a9c5-172f9d014f52
142610,"""834""","[""171""]","""25021""","[""1"", ""486"", ""3"", ""4"", ""5"", ""54""]",24518dd2-da26-4816-80f1-00860d971973
142610,"""834""","[""171""]","""25021""","[""1"", ""486"", ""3"", ""4"", ""5"", ""54""]",a4d39eaf-60a7-438c-803a-61cf5296f3c3
142610,"""834""","[""171""]","""25021""","[""1"", ""486"", ""3"", ""4"", ""5"", ""54""]",85086afc-7165-4425-bd55-550749300772
142610,"""834""","[""171""]","""25021""","[""1"", ""486"", ""3"", ""4"", ""5"", ""54""]",c89545eb-55a0-4b5a-b9f6-18c48ad13d49
142610,"""834""","[""171""]","""25021""","[""1"", ""486"", ""3"", ""4"", ""5"", ""54""]",85086afc-7165-4425-bd55-550749300772
142610,"""834""","[""171""]","""25021""","[""1"", ""486"", ""3"", ""4"", ""5"", ""54""]",f5886c7d-d4b0-4f79-9622-0450bb358aa5
142610,"""834""","[""171""]","""25021""","[""1"", ""486"", ""3"", ""4"", ""5"", ""54""]",a6e5b9ac-dc95-4009-b553-142a6480d721
142610,"""834""","[""171""]","""25021""","[""1"", ""486"", ""3"", ""4"", ""5"", ""54""]",ef482c39-7ac4-462b-b664-00b3bc82a70e
142610,"""834""","[""171""]","""25021""","[""1"", ""486"", ""3"", ""4"", ""5"", ""54""]",3af6f4aa-8077-49db-8175-86a34f269b91
142610,"""834""","[""171""]","""25021""","[""1"", ""486"", ""3"", ""4"", ""5"", ""54""]",26204057-f21e-4308-a762-7f9bef66761d
142610,"""834""","[""171""]","""25021""","[""1"", ""486"", ""3"", ""4"", ""5"", ""54""]",320e8ba0-d64b-4952-ba9e-704e3952fb27
142610,"""834""","[""171""]","""25021""","[""1"", ""486"", ""3"", ""4"", ""5"", ""54""]",752f7c89-a61d-4e1c-852b-b91912cc5a5b
142610,"""834""","[""171""]","""25021""","[""1"", ""486"", ""3"", ""4"", ""5"", ""54""]",ccb1ba46-6339-4b02-8d02-0e9847807c71
142610,"""834""","[""171""]","""25021""","[""1"", ""486"", ""3"", ""4"", ""5"", ""54""]",24518dd2-da26-4816-80f1-00860d971973
142610,"""834""","[""171""]","""25021""","[""1"", ""486"", ""3"", ""4"", ""5"", ""54""]",320e8ba0-d64b-4952-ba9e-704e3952fb27
142610,"""834""","[""171""]","""25021""","[""1"", ""486"", ""3"", ""4"", ""5"", ""54""]",3af6f4aa-8077-49db-8175-86a34f269b91
142610,"""834""","[""171""]","""25021""","[""1"", ""486"", ""3"", ""4"", ""5"", ""54""]",46c95f94-f31c-4e01-8437-de6734acea47
142610,"""834""","[""171""]","""25021""","[""1"", ""486"", ""3"", ""4"", ""5"", ""54""]",48667ddf-cf2c-4ca1-a986-153d3aee4672
142610,"""834""","[""171""]","""25021""","[""1"", ""486"", ""3"", ""4"", ""5"", ""54""]",87ab40b4-4390-4ea7-b06c-2f95c92f36d2
142610,"""834""","[""171""]","""25021""","[""1"", ""486"", ""3"", ""4"", ""5"", ""54""]",04160bda-2fff-421d-9afd-3210c42770c8
142610,"""834""","[""171""]","""25021""","[""1"", ""486"", ""3"", ""4"", ""5"", ""54""]",a44d49b0-c2fb-4d8c-a32e-4267897351c3
142610,"""834""","[""171""]","""25021""","[""1"", ""486"", ""3"", ""4"", ""5"", ""54""]",3af6f4aa-8077-49db-8175-86a34f269b91
142610,"""834""","[""171""]","""25021""","[""1"", ""486"", ""3"", ""4"", ""5"", ""54""]",fd5db8d6-1aec-45c3-9501-d856f7ab2197
142610,"""834""","[""171""]","""25021""","[""1"", ""486"", ""3"", ""4"", ""5"", ""54""]",d29acedb-b470-48b2-8c06-26d46665cec2
142610,"""834""","[""171""]","""25021""","[""1"", ""486"", ""3"", ""4"", ""5"", ""54""]",df0a7a07-d1db-41f2-af42-ef1049e16055
142610,"""834""","[""171""]","""25021""","[""1"", ""486"", ""3"", ""4"", ""5"", ""54""]",634a8d29-805d-406e-aa78-52fc52094c66
142610,"""834""","[""171""]","""25021""","[""1"", ""486"", ""3"", ""4"", ""5"", ""54""]",46c95f94-f31c-4e01-8437-de6734acea47
142610,"""834""","[""171""]","""25021""","[""1"", ""486"", ""3"", ""4"", ""5"", ""54""]",85086afc-7165-4425-bd55-550749300772
142610,"""834""","[""171""]","""25021""","[""1"", ""486"", ""3"", ""4"", ""5"", ""54""]",ccf714f6-554d-487a-a1b9-0d6f8c3586c9
142610,"""834""","[""171""]","""25021""","[""1"", ""486"", ""3"", ""4"", ""5"", ""54""]",e2ef075e-25b3-4fc4-94c4-a1b786d37473
142610,"""834""","[""171""]","""25021""","[""1"", ""486"", ""3"", ""4"", ""5"", ""54""]",26b877a9-ff97-4a4c-b176-21f891a44f7b
142610,"""834""","[""171""]","""25021""","[""1"", ""486"", ""3"", ""4"", ""5"", ""54""]",ce673b3b-4c79-4477-8d39-62cc4b0fff02
142610,"""834""","[""171""]","""25021""","[""1"", ""486"", ""3"", ""4"", ""5"", ""54""]",ac433f82-0fa5-43ba-a67e-b806db81ecb5
142610,"""834""","[""171""]","""25021""","[""1"", ""486"", ""3"", ""4"", ""5"", ""54""]",9d8e8218-0f0d-44be-b28e-d26e00198df4
142610,"""834""","[""171""]","""25021""","[""1"", ""486"", ""3"", ""4"", ""5"", ""54""]",81f02b95-2414-419e-abc1-316b66946c5a
142610,"""834""","[""171""]","""25021""","[""1"", ""486"", ""3"", ""4"", ""5"", ""54""]",20209039-5b5e-42f4-aa0c-67df69e7e8e2
142610,"""834""","[""171""]","""25021""","[""1"", ""486"", ""3"", ""4"", ""5"", ""54""]",a6ceed79-d330-4811-aaaf-b5aadcf3e678
142610,"""834""","[""171""]","""25021""","[""1"", ""486"", ""3"", ""4"", ""5"", ""54""]",168bfbb4-e24e-40ea-8a07-c5f7d5c9cb62
142610,"""834""","[""171""]","""25021""","[""1"", ""486"", ""3"", ""4"", ""5"", ""54""]",d66ae2ea-87dd-43b8-b595-19a1f132d8f6
142610,"""834""","[""171""]","""25021""","[""1"", ""486"", ""3"", ""4"", ""5"", ""54""]",c8f68ff0-9759-46bd-a748-45cb60466c9b
142610,"""834""","[""171""]","""25021""","[""1"", ""486"", ""3"", ""4"", ""5"", ""54""]",1fadcc00-b8a4-4b07-970c-134c00b8cbd8
142610,"""834""","[""171""]","""25021""","[""1"", ""486"", ""3"", ""4"", ""5"", ""54""]",9e0a4020-9fcc-4d64-8bdc-a1c19232d631
142610,"""834""","[""171""]","""25021""","[""1"", ""486"", ""3"", ""4"", ""5"", ""54""]",703a0f0d-c328-4583-bfad-95f4c6a94f46
142610,"""834""","[""171""]","""25021""","[""1"", ""486"", ""3"", ""4"", ""5"", ""54""]",c84f15c0-312d-44d8-980a-a90e8782871b
142610,"""834""","[""171""]","""25021""","[""1"", ""486"", ""3"", ""4"", ""5"", ""54""]",217753d1-dd1e-48c9-943d-e1045c29d2c0
142610,"""834""","[""171""]","""25021""","[""1"", ""486"", ""3"", ""4"", ""5"", ""54""]",85086afc-7165-4425-bd55-550749300772
142610,"""834""","[""171""]","""25021""","[""1"", ""486"", ""3"", ""4"", ""5"", ""54""]",2076e221-025b-4981-9333-19351488ba7f
142610,"""834""","[""171""]","""25021""","[""1"", ""486"", ""3"", ""4"", ""5"", ""54""]",08381fbc-93b0-44ba-b4e8-d6afa1f0af56
142610,"""834""","[""171""]","""25021""","[""1"", ""486"", ""3"", ""4"", ""5"", ""54""]",5f2a7ff5-31ce-4e83-94ec-47bb36bc373f
142610,"""834""","[""171""]","""25021""","[""1"", ""486"", ""3"", ""4"", ""5"", ""54""]",95a308f0-23f5-4f7f-9d82-c59c59d21cbc
142610,"""834""","[""171""]","""25021""","[""1"", ""486"", ""3"", ""4"", ""5"", ""54""]",6a23ab18-0715-4882-ad13-69711c1cec9f
142610,"""834""","[""171""]","""25021""","[""1"", ""486"", ""3"", ""4"", ""5"", ""54""]",82ca97d3-cc61-4cee-ab64-121aedaab6cd
142610,"""834""","[""171""]","""25021""","[""1"", ""486"", ""3"", ""4"", ""5"", ""54""]",217753d1-dd1e-48c9-943d-e1045c29d2c0
142610,"""834""","[""171""]","""25021""","[""1"", ""486"", ""3"", ""4"", ""5"", ""54""]",4905162c-01e6-48d9-b120-0cf71d158e4a
142610,"""834""","[""171""]","""25021""","[""1"", ""486"", ""3"", ""4"", ""5"", ""54""]",87ab40b4-4390-4ea7-b06c-2f95c92f36d2
142610,"""834""","[""171""]","""25021""","[""1"", ""486"", ""3"", ""4"", ""5"", ""54""]",a53f2b7b-eaf1-4d18-acb9-8d746c2d4573
142610,"""834""","[""171""]","""25021""","[""1"", ""486"", ""3"", ""4"", ""5"", ""54""]",e9e6e2d4-b061-4016-946b-ab32e33e8b3c
142610,"""834""","[""171""]","""25021""","[""1"", ""486"", ""3"", ""4"", ""5"", ""54""]",514612bf-0b54-4f8f-a9c5-172f9d014f52
142610,"""834""","[""171""]","""25021""","[""1"", ""486"", ""3"", ""4"", ""5"", ""54""]",95a308f0-23f5-4f7f-9d82-c59c59d21cbc
142610,"""834""","[""171""]","""25021""","[""1"", ""486"", ""3"", ""4"", ""5"", ""54""]",24518dd2-da26-4816-80f1-00860d971973
142610,"""834""","[""171""]","""25021""","[""1"", ""486"", ""3"", ""4"", ""5"", ""54""]",faf25a7e-b212-4a49-b027-3ec02c07967e
142610,"""834""","[""171""]","""25021""","[""1"", ""486"", ""3"", ""4"", ""5"", ""54""]",31947475-4999-4ea5-8382-32c04ed66ea2
142610,"""834""","[""171""]","""25021""","[""1"", ""486"", ""3"", ""4"", ""5"", ""54""]",c84f15c0-312d-44d8-980a-a90e8782871b
142610,"""834""","[""171""]","""25021""","[""1"", ""486"", ""3"", ""4"", ""5"", ""54""]",b849dfb0-24c6-4cb8-9b0f-04d37925d31a
142610,"""834""","[""171""]","""25021""","[""1"", ""486"", ""3"", ""4"", ""5"", ""54""]",514612bf-0b54-4f8f-a9c5-172f9d014f52
142610,"""834""","[""171""]","""25021""","[""1"", ""486"", ""3"", ""4"", ""5"", ""54""]",556792d8-4fdb-4e6d-8a03-5ff5be848bed
142610,"""834""","[""171""]","""25021""","[""1"", ""486"", ""3"", ""4"", ""5"", ""54""]",87ab40b4-4390-4ea7-b06c-2f95c92f36d2
142610,"""834""","[""171""]","""25021""","[""1"", ""486"", ""3"", ""4"", ""5"", ""54""]",88c192f8-82b3-4f4d-be4f-11fc45fca600
142610,"""834""","[""171""]","""25021""","[""1"", ""486"", ""3"", ""4"", ""5"", ""54""]",c813bb95-16a1-4340-b1f1-52a44436c1b2
142610,"""834""","[""171""]","""25021""","[""1"", ""486"", ""3"", ""4"", ""5"", ""54""]",db39db67-34af-4f15-889c-983659e36438
142610,"""834""","[""171""]","""25021""","[""1"", ""486"", ""3"", ""4"", ""5"", ""54""]",7d0c1902-f361-490d-9cae-298f56db92de
142610,"""834""","[""171""]","""25021""","[""1"", ""486"", ""3"", ""4"", ""5"", ""54""]",ad550cd8-ccff-4547-be24-c20bea14c3b5
142610,"""834""","[""171""]","""25021""","[""1"", ""486"", ""3"", ""4"", ""5"", ""54""]",5ff988a3-87e0-4ced-ac56-f5695a9f2363
142610,"""834""","[""171""]","""25021""","[""1"", ""486"", ""3"", ""4"", ""5"", ""54""]",a4d39eaf-60a7-438c-803a-61cf5296f3c3
142610,"""834""","[""171""]","""25021""","[""1"", ""486"", ""3"", ""4"", ""5"", ""54""]",c84f15c0-312d-44d8-980a-a90e8782871b
142610,"""834""","[""171""]","""25021""","[""1"", ""486"", ""3"", ""4"", ""5"", ""54""]",20f3683c-0933-49ed-94c2-93cc3469bd80
142610,"""834""","[""171""]","""25021""","[""1"", ""486"", ""3"", ""4"", ""5"", ""54""]",a44d49b0-c2fb-4d8c-a32e-4267897351c3
142610,"""834""","[""171""]","""25021""","[""1"", ""486"", ""3"", ""4"", ""5"", ""54""]",320e8ba0-d64b-4952-ba9e-704e3952fb27
142610,"""834""","[""171""]","""25021""","[""1"", ""486"", ""3"", ""4"", ""5"", ""54""]",82b09a1e-1141-4fa6-b2c6-f47c0d1ba8b1
142610,"""834""","[""171""]","""25021""","[""1"", ""486"", ""3"", ""4"", ""5"", ""54""]",2ccdcb56-a315-4716-8c5b-e160eb335585
142610,"""834""","[""171""]","""25021""","[""1"", ""486"", ""3"", ""4"", ""5"", ""54""]",1ddb07a4-9ab0-4590-9501-8f79aabe83c2
142610,"""834""","[""171""]","""25021""","[""1"", ""486"", ""3"", ""4"", ""5"", ""54""]",c6b718f8-3f0c-4018-8906-4ebcf671dded
142610,"""834""","[""171""]","""25021""","[""1"", ""486"", ""3"", ""4"", ""5"", ""54""]",26204057-f21e-4308-a762-7f9bef66761d
142610,"""834""","[""171""]","""25021""","[""1"", ""486"", ""3"", ""4"", ""5"", ""54""]",f73a9550-6554-4398-9131-70b5437c7ab7
142610,"""834""","[""171""]","""25021""","[""1"", ""486"", ""3"", ""4"", ""5"", ""54""]",85ad2a12-4ca9-472b-b7b7-63f5d939b770
142610,"""834""","[""171""]","""25021""","[""1"", ""486"", ""3"", ""4"", ""5"", ""54""]",f5886c7d-d4b0-4f79-9622-0450bb358aa5
142610,"""834""","[""171""]","""25021""","[""1"", ""486"", ""3"", ""4"", ""5"", ""54""]",6a23ab18-0715-4882-ad13-69711c1cec9f
142610,"""834""","[""171""]","""25021""","[""1"", ""486"", ""3"", ""4"", ""5"", ""54""]",752f7c89-a61d-4e1c-852b-b91912cc5a5b
142610,"""834""","[""171""]","""25021""","[""1"", ""486"", ""3"", ""4"", ""5"", ""54""]",42b824cf-c006-4e9f-9a2c-380a93fe0ba0
142610,"""834""","[""171""]","""25021""","[""1"", ""486"", ""3"", ""4"", ""5"", ""54""]",6006f293-ffc8-427c-9f01-c83d237452a2
142610,"""834""","[""171""]","""25021""","[""1"", ""486"", ""3"", ""4"", ""5"", ""54""]",c84f15c0-312d-44d8-980a-a90e8782871b
142610,"""834""","[""171""]","""25021""","[""1"", ""486"", ""3"", ""4"", ""5"", ""54""]",bcb944c3-8e71-4f42-a8f3-451bbe757da6
142610,"""834""","[""171""]","""25021""","[""1"", ""486"", ""3"", ""4"", ""5"", ""54""]",03f434c6-7b50-4447-ae60-969d699209ff
142610,"""834""","[""171""]","""25021""","[""1"", ""486"", ""3"", ""4"", ""5"", ""54""]",a6f6da06-4cbe-4aca-9fe2-4b04914e6d62
142610,"""834""","[""171""]","""25021""","[""1"", ""486"", ""3"", ""4"", ""5"", ""54""]",3a0a992c-2c85-47c0-802b-5efee1f0a151
142610,"""834""","[""171""]","""25021""","[""1"", ""486"", ""3"", ""4"", ""5"", ""54""]",53e27ac8-dd11-489e-9fde-a754a5d44a57
142610,"""834""","[""171""]","""25021""","[""1"", ""486"", ""3"", ""4"", ""5"", ""54""]",24518dd2-da26-4816-80f1-00860d971973
142610,"""834""","[""171""]","""25021""","[""1"", ""486"", ""3"", ""4"", ""5"", ""54""]",1d4c8a47-16ad-44f0-beb5-f799d56433e7
142610,"""834""","[""171""]","""25021""","[""1"", ""486"", ""3"", ""4"", ""5"", ""54""]",6b9a6572-6993-4c8e-b9e9-dc1f3a065bf3
142610,"""834""","[""171""]","""25021""","[""1"", ""486"", ""3"", ""4"", ""5"", ""54""]",af506566-c895-4c06-b772-50d68f98131b
142610,"""834""","[""171""]","""25021""","[""1"", ""486"", ""3"", ""4"", ""5"", ""54""]",6a23ab18-0715-4882-ad13-69711c1cec9f
142610,"""834""","[""171""]","""25021""","[""1"", ""486"", ""3"", ""4"", ""5"", ""54""]",26204057-f21e-4308-a762-7f9bef66761d
142610,"""834""","[""171""]","""25021""","[""1"", ""486"", ""3"", ""4"", ""5"", ""54""]",e2ef075e-25b3-4fc4-94c4-a1b786d37473
142610,"""834""","[""171""]","""25021""","[""1"", ""486"", ""3"", ""4"", ""5"", ""54""]",a8047d6e-7f19-4e3d-845c-e98ebdcd5961
142610,"""834""","[""171""]","""25021""","[""1"", ""486"", ""3"", ""4"", ""5"", ""54""]",85086afc-7165-4425-bd55-550749300772
142610,"""834""","[""171""]","""25021""","[""1"", ""486"", ""3"", ""4"", ""5"", ""54""]",9222462b-6d00-4dfd-a21b-837c658a7863
142610,"""834""","[""171""]","""25021""","[""1"", ""486"", ""3"", ""4"", ""5"", ""54""]",3515d661-2c2f-46b6-976b-935c02fa6dc6
142610,"""834""","[""171""]","""25021""","[""1"", ""486"", ""3"", ""4"", ""5"", ""54""]",abfb2566-39a4-44b9-9141-9eac0a501540
142610,"""834""","[""171""]","""25021""","[""1"", ""486"", ""3"", ""4"", ""5"", ""54""]",f2e3ea4a-22d7-481b-9bc1-8d3ddee3d4ca
142610,"""834""","[""171""]","""25021""","[""1"", ""486"", ""3"", ""4"", ""5"", ""54""]",db5c4e58-0134-41b6-a8f8-b7a856c955ab
142610,"""834""","[""171""]","""25021""","[""1"", ""486"", ""3"", ""4"", ""5"", ""54""]",a44d49b0-c2fb-4d8c-a32e-4267897351c3
142610,"""834""","[""171""]","""25021""","[""1"", ""486"", ""3"", ""4"", ""5"", ""54""]",cf25b7dc-5b69-4790-8777-f6cfc493304a
142610,"""834""","[""171""]","""25021""","[""1"", ""486"", ""3"", ""4"", ""5"", ""54""]",85086afc-7165-4425-bd55-550749300772
142610,"""834""","[""171""]","""25021""","[""1"", ""486"", ""3"", ""4"", ""5"", ""54""]",26204057-f21e-4308-a762-7f9bef66761d
142610,"""834""","[""171""]","""25021""","[""1"", ""486"", ""3"", ""4"", ""5"", ""54""]",ec5e6369-08a6-40d8-876e-160732391a0c
308281,"""1592""","[""331""]","""25053""","[""56"", ""4681"", ""39"", ""4662"", ""3343"", ""3160"", ""682"", ""5618"", ""2503"", ""6"", ""12685"", ""13840"", ""529"", ""6407"", ""12115"", ""53"", ""11832"", ""54""]",c0107b5d-389d-4d58-8aaa-db3e9e4e7ba9
308281,"""1592""","[""331""]","""25053""","[""56"", ""4681"", ""39"", ""4662"", ""3343"", ""3160"", ""682"", ""5618"", ""2503"", ""6"", ""12685"", ""13840"", ""529"", ""6407"", ""12115"", ""53"", ""11832"", ""54""]",3d998dcd-2226-4b04-9c97-b39f7b6fe997
308281,"""1592""","[""331""]","""25053""","[""56"", ""4681"", ""39"", ""4662"", ""3343"", ""3160"", ""682"", ""5618"", ""2503"", ""6"", ""12685"", ""13840"", ""529"", ""6407"", ""12115"", ""53"", ""11832"", ""54""]",fe87df19-2f29-4002-a231-bbf6a93873b9
308281,"""1592""","[""331""]","""25053""","[""56"", ""4681"", ""39"", ""4662"", ""3343"", ""3160"", ""682"", ""5618"", ""2503"", ""6"", ""12685"", ""13840"", ""529"", ""6407"", ""12115"", ""53"", ""11832"", ""54""]",3684444a-50e2-4fa4-8aa5-d056c60f6d53
308281,"""1592""","[""331""]","""25053""","[""56"", ""4681"", ""39"", ""4662"", ""3343"", ""3160"", ""682"", ""5618"", ""2503"", ""6"", ""12685"", ""13840"", ""529"", ""6407"", ""12115"", ""53"", ""11832"", ""54""]",087cec1e-73aa-4505-bc74-29d5bd1f16b0
308281,"""1592""","[""331""]","""25053""","[""56"", ""4681"", ""39"", ""4662"", ""3343"", ""3160"", ""682"", ""5618"", ""2503"", ""6"", ""12685"", ""13840"", ""529"", ""6407"", ""12115"", ""53"", ""11832"", ""54""]",affc346d-bc56-4228-8c65-9a86f0ecc1f6
308281,"""1592""","[""331""]","""25053""","[""56"", ""4681"", ""39"", ""4662"", ""3343"", ""3160"", ""682"", ""5618"", ""2503"", ""6"", ""12685"", ""13840"", ""529"", ""6407"", ""12115"", ""53"", ""11832"", ""54""]",871405ac-1681-4fe3-ad84-3dbd306c2693
308281,"""1592""","[""331""]","""25053""","[""56"", ""4681"", ""39"", ""4662"", ""3343"", ""3160"", ""682"", ""5618"", ""2503"", ""6"", ""12685"", ""13840"", ""529"", ""6407"", ""12115"", ""53"", ""11832"", ""54""]",fe87df19-2f29-4002-a231-bbf6a93873b9
308281,"""1592""","[""331""]","""25053""","[""56"", ""4681"", ""39"", ""4662"", ""3343"", ""3160"", ""682"", ""5618"", ""2503"", ""6"", ""12685"", ""13840"", ""529"", ""6407"", ""12115"", ""53"", ""11832"", ""54""]",442cf0d3-dd6b-44f5-a79b-f7cca387cb9f
308281,"""1592""","[""331""]","""25053""","[""56"", ""4681"", ""39"", ""4662"", ""3343"", ""3160"", ""682"", ""5618"", ""2503"", ""6"", ""12685"", ""13840"", ""529"", ""6407"", ""12115"", ""53"", ""11832"", ""54""]",18277f4f-a688-406c-8247-042f04892e93
308281,"""1592""","[""331""]","""25053""","[""56"", ""4681"", ""39"", ""4662"", ""3343"", ""3160"", ""682"", ""5618"", ""2503"", ""6"", ""12685"", ""13840"", ""529"", ""6407"", ""12115"", ""53"", ""11832"", ""54""]",d1972bcb-27f0-405e-a465-744fe998804c
308281,"""1592""","[""331""]","""25053""","[""56"", ""4681"", ""39"", ""4662"", ""3343"", ""3160"", ""682"", ""5618"", ""2503"", ""6"", ""12685"", ""13840"", ""529"", ""6407"", ""12115"", ""53"", ""11832"", ""54""]",2f63da5f-b4e7-4fcb-bd8c-c832fe4866e4
308281,"""1592""","[""331""]","""25053""","[""56"", ""4681"", ""39"", ""4662"", ""3343"", ""3160"", ""682"", ""5618"", ""2503"", ""6"", ""12685"", ""13840"", ""529"", ""6407"", ""12115"", ""53"", ""11832"", ""54""]",820e03cb-c9f4-47f4-9141-3211fcc177ec
308281,"""1592""","[""331""]","""25053""","[""56"", ""4681"", ""39"", ""4662"", ""3343"", ""3160"", ""682"", ""5618"", ""2503"", ""6"", ""12685"", ""13840"", ""529"", ""6407"", ""12115"", ""53"", ""11832"", ""54""]",187eadf9-9185-4951-8656-64e40d766960
308281,"""1592""","[""331""]","""25053""","[""56"", ""4681"", ""39"", ""4662"", ""3343"", ""3160"", ""682"", ""5618"", ""2503"", ""6"", ""12685"", ""13840"", ""529"", ""6407"", ""12115"", ""53"", ""11832"", ""54""]",ca4b3319-b102-4adb-b712-16f570287e71
308281,"""1592""","[""331""]","""25053""","[""56"", ""4681"", ""39"", ""4662"", ""3343"", ""3160"", ""682"", ""5618"", ""2503"", ""6"", ""12685"", ""13840"", ""529"", ""6407"", ""12115"", ""53"", ""11832"", ""54""]",871405ac-1681-4fe3-ad84-3dbd306c2693
308281,"""1592""","[""331""]","""25053""","[""56"", ""4681"", ""39"", ""4662"", ""3343"", ""3160"", ""682"", ""5618"", ""2503"", ""6"", ""12685"", ""13840"", ""529"", ""6407"", ""12115"", ""53"", ""11832"", ""54""]",0abf7b87-8400-4a7a-9ed6-a12e1a46e92b
308281,"""1592""","[""331""]","""25053""","[""56"", ""4681"", ""39"", ""4662"", ""3343"", ""3160"", ""682"", ""5618"", ""2503"", ""6"", ""12685"", ""13840"", ""529"", ""6407"", ""12115"", ""53"", ""11832"", ""54""]",06b6b0bd-5e8d-4033-a4d3-c9c6efc7a8a9
308281,"""1592""","[""331""]","""25053""","[""56"", ""4681"", ""39"", ""4662"", ""3343"", ""3160"", ""682"", ""5618"", ""2503"", ""6"", ""12685"", ""13840"", ""529"", ""6407"", ""12115"", ""53"", ""11832"", ""54""]",6a4296db-0931-42a0-93a1-774b1c7a5f93
308281,"""1592""","[""331""]","""25053""","[""56"", ""4681"", ""39"", ""4662"", ""3343"", ""3160"", ""682"", ""5618"", ""2503"", ""6"", ""12685"", ""13840"", ""529"", ""6407"", ""12115"", ""53"", ""11832"", ""54""]",27626455-a6c1-4e95-ae9c-b6e83d3c815d
308281,"""1592""","[""331""]","""25053""","[""56"", ""4681"", ""39"", ""4662"", ""3343"", ""3160"", ""682"", ""5618"", ""2503"", ""6"", ""12685"", ""13840"", ""529"", ""6407"", ""12115"", ""53"", ""11832"", ""54""]",affc346d-bc56-4228-8c65-9a86f0ecc1f6
308281,"""1592""","[""331""]","""25053""","[""56"", ""4681"", ""39"", ""4662"", ""3343"", ""3160"", ""682"", ""5618"", ""2503"", ""6"", ""12685"", ""13840"", ""529"", ""6407"", ""12115"", ""53"", ""11832"", ""54""]",17a1263e-8650-45ec-867f-0a1239f1fbac
308281,"""1592""","[""331""]","""25053""","[""56"", ""4681"", ""39"", ""4662"", ""3343"", ""3160"", ""682"", ""5618"", ""2503"", ""6"", ""12685"", ""13840"", ""529"", ""6407"", ""12115"", ""53"", ""11832"", ""54""]",1a7ab8c5-2d54-4609-a37e-6ac2a3dc254f
308281,"""1592""","[""331""]","""25053""","[""56"", ""4681"", ""39"", ""4662"", ""3343"", ""3160"", ""682"", ""5618"", ""2503"", ""6"", ""12685"", ""13840"", ""529"", ""6407"", ""12115"", ""53"", ""11832"", ""54""]",affc346d-bc56-4228-8c65-9a86f0ecc1f6
308281,"""1592""","[""331""]","""25053""","[""56"", ""4681"", ""39"", ""4662"", ""3343"", ""3160"", ""682"", ""5618"", ""2503"", ""6"", ""12685"", ""13840"", ""529"", ""6407"", ""12115"", ""53"", ""11832"", ""54""]",4bd05783-676f-42ca-8e4a-2e414d8a1579
308281,"""1592""","[""331""]","""25053""","[""56"", ""4681"", ""39"", ""4662"", ""3343"", ""3160"", ""682"", ""5618"", ""2503"", ""6"", ""12685"", ""13840"", ""529"", ""6407"", ""12115"", ""53"", ""11832"", ""54""]",06b6b0bd-5e8d-4033-a4d3-c9c6efc7a8a9
308281,"""1592""","[""331""]","""25053""","[""56"", ""4681"", ""39"", ""4662"", ""3343"", ""3160"", ""682"", ""5618"", ""2503"", ""6"", ""12685"", ""13840"", ""529"", ""6407"", ""12115"", ""53"", ""11832"", ""54""]",aa342a2f-cb44-46db-a280-aee7accbbd53
308281,"""1592""","[""331""]","""25053""","[""56"", ""4681"", ""39"", ""4662"", ""3343"", ""3160"", ""682"", ""5618"", ""2503"", ""6"", ""12685"", ""13840"", ""529"", ""6407"", ""12115"", ""53"", ""11832"", ""54""]",23850443-7faa-4f62-bc17-331b685db574
308281,"""1592""","[""331""]","""25053""","[""56"", ""4681"", ""39"", ""4662"", ""3343"", ""3160"", ""682"", ""5618"", ""2503"", ""6"", ""12685"", ""13840"", ""529"", ""6407"", ""12115"", ""53"", ""11832"", ""54""]",d37777c8-6ae6-4ecc-927a-4df3d713856d
308281,"""1592""","[""331""]","""25053""","[""56"", ""4681"", ""39"", ""4662"", ""3343"", ""3160"", ""682"", ""5618"", ""2503"", ""6"", ""12685"", ""13840"", ""529"", ""6407"", ""12115"", ""53"", ""11832"", ""54""]",e879270a-f96a-4d99-9abd-afc44f9baa0f
308281,"""1592""","[""331""]","""25053""","[""56"", ""4681"", ""39"", ""4662"", ""3343"", ""3160"", ""682"", ""5618"", ""2503"", ""6"", ""12685"", ""13840"", ""529"", ""6407"", ""12115"", ""53"", ""11832"", ""54""]",04be41ae-ccd9-4578-b6d2-229f5391e390
308281,"""1592""","[""331""]","""25053""","[""56"", ""4681"", ""39"", ""4662"", ""3343"", ""3160"", ""682"", ""5618"", ""2503"", ""6"", ""12685"", ""13840"", ""529"", ""6407"", ""12115"", ""53"", ""11832"", ""54""]",302aeac0-c220-4c62-ae3f-c0381e9c5c25
308281,"""1592""","[""331""]","""25053""","[""56"", ""4681"", ""39"", ""4662"", ""3343"", ""3160"", ""682"", ""5618"", ""2503"", ""6"", ""12685"", ""13840"", ""529"", ""6407"", ""12115"", ""53"", ""11832"", ""54""]",4bd05783-676f-42ca-8e4a-2e414d8a1579
308281,"""1592""","[""331""]","""25053""","[""56"", ""4681"", ""39"", ""4662"", ""3343"", ""3160"", ""682"", ""5618"", ""2503"", ""6"", ""12685"", ""13840"", ""529"", ""6407"", ""12115"", ""53"", ""11832"", ""54""]",3616f896-f06c-4484-8d38-bdb33f680d2c
308281,"""1592""","[""331""]","""25053""","[""56"", ""4681"", ""39"", ""4662"", ""3343"", ""3160"", ""682"", ""5618"", ""2503"", ""6"", ""12685"", ""13840"", ""529"", ""6407"", ""12115"", ""53"", ""11832"", ""54""]",53e66832-c78a-40da-9a24-fb57d03d78e7
308281,"""1592""","[""331""]","""25053""","[""56"", ""4681"", ""39"", ""4662"", ""3343"", ""3160"", ""682"", ""5618"", ""2503"", ""6"", ""12685"", ""13840"", ""529"", ""6407"", ""12115"", ""53"", ""11832"", ""54""]",2cc4be75-15f9-4aa6-8ae8-2ed94730e5be
308281,"""1592""","[""331""]","""25053""","[""56"", ""4681"", ""39"", ""4662"", ""3343"", ""3160"", ""682"", ""5618"", ""2503"", ""6"", ""12685"", ""13840"", ""529"", ""6407"", ""12115"", ""53"", ""11832"", ""54""]",82898593-eea5-4032-8506-352a63bef889
308281,"""1592""","[""331""]","""25053""","[""56"", ""4681"", ""39"", ""4662"", ""3343"", ""3160"", ""682"", ""5618"", ""2503"", ""6"", ""12685"", ""13840"", ""529"", ""6407"", ""12115"", ""53"", ""11832"", ""54""]",a9cb2c55-9caf-48ac-a62f-4a26bff3871e
308281,"""1592""","[""331""]","""25053""","[""56"", ""4681"", ""39"", ""4662"", ""3343"", ""3160"", ""682"", ""5618"", ""2503"", ""6"", ""12685"", ""13840"", ""529"", ""6407"", ""12115"", ""53"", ""11832"", ""54""]",a281951a-b378-4bfe-94fe-e565038b882a
308281,"""1592""","[""331""]","""25053""","[""56"", ""4681"", ""39"", ""4662"", ""3343"", ""3160"", ""682"", ""5618"", ""2503"", ""6"", ""12685"", ""13840"", ""529"", ""6407"", ""12115"", ""53"", ""11832"", ""54""]",2115f2e6-23d5-4f9a-9536-94e97a692ef8
308281,"""1592""","[""331""]","""25053""","[""56"", ""4681"", ""39"", ""4662"", ""3343"", ""3160"", ""682"", ""5618"", ""2503"", ""6"", ""12685"", ""13840"", ""529"", ""6407"", ""12115"", ""53"", ""11832"", ""54""]",3ff7b03d-96c6-4364-b906-fcba0198b9f5
308281,"""1592""","[""331""]","""25053""","[""56"", ""4681"", ""39"", ""4662"", ""3343"", ""3160"", ""682"", ""5618"", ""2503"", ""6"", ""12685"", ""13840"", ""529"", ""6407"", ""12115"", ""53"", ""11832"", ""54""]",378880e6-74fa-455b-8059-4dff231ce09d
308281,"""1592""","[""331""]","""25053""","[""56"", ""4681"", ""39"", ""4662"", ""3343"", ""3160"", ""682"", ""5618"", ""2503"", ""6"", ""12685"", ""13840"", ""529"", ""6407"", ""12115"", ""53"", ""11832"", ""54""]",efffeebb-bdb8-49b9-9579-2ec76c498ea7
308281,"""1592""","[""331""]","""25053""","[""56"", ""4681"", ""39"", ""4662"", ""3343"", ""3160"", ""682"", ""5618"", ""2503"", ""6"", ""12685"", ""13840"", ""529"", ""6407"", ""12115"", ""53"", ""11832"", ""54""]",4bd05783-676f-42ca-8e4a-2e414d8a1579
308281,"""1592""","[""331""]","""25053""","[""56"", ""4681"", ""39"", ""4662"", ""3343"", ""3160"", ""682"", ""5618"", ""2503"", ""6"", ""12685"", ""13840"", ""529"", ""6407"", ""12115"", ""53"", ""11832"", ""54""]",5616c06a-eabf-41c5-9051-1a56fa502a8b
308281,"""1592""","[""331""]","""25053""","[""56"", ""4681"", ""39"", ""4662"", ""3343"", ""3160"", ""682"", ""5618"", ""2503"", ""6"", ""12685"", ""13840"", ""529"", ""6407"", ""12115"", ""53"", ""11832"", ""54""]",099f2917-de43-4666-82e8-4e4f02c46a94
308281,"""1592""","[""331""]","""25053""","[""56"", ""4681"", ""39"", ""4662"", ""3343"", ""3160"", ""682"", ""5618"", ""2503"", ""6"", ""12685"", ""13840"", ""529"", ""6407"", ""12115"", ""53"", ""11832"", ""54""]",f1b88c1a-1730-47e2-b70d-5c26b0a7433b
308281,"""1592""","[""331""]","""25053""","[""56"", ""4681"", ""39"", ""4662"", ""3343"", ""3160"", ""682"", ""5618"", ""2503"", ""6"", ""12685"", ""13840"", ""529"", ""6407"", ""12115"", ""53"", ""11832"", ""54""]",1c02023a-f993-4392-be2d-d1443374f80f
308281,"""1592""","[""331""]","""25053""","[""56"", ""4681"", ""39"", ""4662"", ""3343"", ""3160"", ""682"", ""5618"", ""2503"", ""6"", ""12685"", ""13840"", ""529"", ""6407"", ""12115"", ""53"", ""11832"", ""54""]",c9e34c31-df59-4f5a-b20b-1a294d25480f
308281,"""1592""","[""331""]","""25053""","[""56"", ""4681"", ""39"", ""4662"", ""3343"", ""3160"", ""682"", ""5618"", ""2503"", ""6"", ""12685"", ""13840"", ""529"", ""6407"", ""12115"", ""53"", ""11832"", ""54""]",3d998dcd-2226-4b04-9c97-b39f7b6fe997
308281,"""1592""","[""331""]","""25053""","[""56"", ""4681"", ""39"", ""4662"", ""3343"", ""3160"", ""682"", ""5618"", ""2503"", ""6"", ""12685"", ""13840"", ""529"", ""6407"", ""12115"", ""53"", ""11832"", ""54""]",fe87df19-2f29-4002-a231-bbf6a93873b9
308281,"""1592""","[""331""]","""25053""","[""56"", ""4681"", ""39"", ""4662"", ""3343"", ""3160"", ""682"", ""5618"", ""2503"", ""6"", ""12685"", ""13840"", ""529"", ""6407"", ""12115"", ""53"", ""11832"", ""54""]",0c33eff1-cb26-42ad-a592-32067e733c80
308281,"""1592""","[""331""]","""25053""","[""56"", ""4681"", ""39"", ""4662"", ""3343"", ""3160"", ""682"", ""5618"", ""2503"", ""6"", ""12685"", ""13840"", ""529"", ""6407"", ""12115"", ""53"", ""11832"", ""54""]",4bd05783-676f-42ca-8e4a-2e414d8a1579
308281,"""1592""","[""331""]","""25053""","[""56"", ""4681"", ""39"", ""4662"", ""3343"", ""3160"", ""682"", ""5618"", ""2503"", ""6"", ""12685"", ""13840"", ""529"", ""6407"", ""12115"", ""53"", ""11832"", ""54""]",82898593-eea5-4032-8506-352a63bef889
308281,"""1592""","[""331""]","""25053""","[""56"", ""4681"", ""39"", ""4662"", ""3343"", ""3160"", ""682"", ""5618"", ""2503"", ""6"", ""12685"", ""13840"", ""529"", ""6407"", ""12115"", ""53"", ""11832"", ""54""]",b60eeec3-045a-4c91-b995-2c58e88bddf7
308281,"""1592""","[""331""]","""25053""","[""56"", ""4681"", ""39"", ""4662"", ""3343"", ""3160"", ""682"", ""5618"", ""2503"", ""6"", ""12685"", ""13840"", ""529"", ""6407"", ""12115"", ""53"", ""11832"", ""54""]",c104ad6c-dc5f-4553-a2c7-808f2e508f13
308281,"""1592""","[""331""]","""25053""","[""56"", ""4681"", ""39"", ""4662"", ""3343"", ""3160"", ""682"", ""5618"", ""2503"", ""6"", ""12685"", ""13840"", ""529"", ""6407"", ""12115"", ""53"", ""11832"", ""54""]",7822c5ca-1d84-4ca6-a3bb-6bf7c3e3fd18
308281,"""1592""","[""331""]","""25053""","[""56"", ""4681"", ""39"", ""4662"", ""3343"", ""3160"", ""682"", ""5618"", ""2503"", ""6"", ""12685"", ""13840"", ""529"", ""6407"", ""12115"", ""53"", ""11832"", ""54""]",ca7337a2-d11e-4b35-8352-3b9b8ee8c7a8
308281,"""1592""","[""331""]","""25053""","[""56"", ""4681"", ""39"", ""4662"", ""3343"", ""3160"", ""682"", ""5618"", ""2503"", ""6"", ""12685"", ""13840"", ""529"", ""6407"", ""12115"", ""53"", ""11832"", ""54""]",caf1b108-873d-44dd-925a-51837519a7b0
308281,"""1592""","[""331""]","""25053""","[""56"", ""4681"", ""39"", ""4662"", ""3343"", ""3160"", ""682"", ""5618"", ""2503"", ""6"", ""12685"", ""13840"", ""529"", ""6407"", ""12115"", ""53"", ""11832"", ""54""]",561f7a43-1847-4529-9b47-ca32b013a649
308281,"""1592""","[""331""]","""25053""","[""56"", ""4681"", ""39"", ""4662"", ""3343"", ""3160"", ""682"", ""5618"", ""2503"", ""6"", ""12685"", ""13840"", ""529"", ""6407"", ""12115"", ""53"", ""11832"", ""54""]",4bd05783-676f-42ca-8e4a-2e414d8a1579
308281,"""1592""","[""331""]","""25053""","[""56"", ""4681"", ""39"", ""4662"", ""3343"", ""3160"", ""682"", ""5618"", ""2503"", ""6"", ""12685"", ""13840"", ""529"", ""6407"", ""12115"", ""53"", ""11832"", ""54""]",207669b4-f724-4f97-b5cb-b9722639b7b1
308281,"""1592""","[""331""]","""25053""","[""56"", ""4681"", ""39"", ""4662"", ""3343"", ""3160"", ""682"", ""5618"", ""2503"", ""6"", ""12685"", ""13840"", ""529"", ""6407"", ""12115"", ""53"", ""11832"", ""54""]",fe87df19-2f29-4002-a231-bbf6a93873b9
308281,"""1592""","[""331""]","""25053""","[""56"", ""4681"", ""39"", ""4662"", ""3343"", ""3160"", ""682"", ""5618"", ""2503"", ""6"", ""12685"", ""13840"", ""529"", ""6407"", ""12115"", ""53"", ""11832"", ""54""]",c149415b-ca12-46f2-ad6a-e67a7864bf24
308281,"""1592""","[""331""]","""25053""","[""56"", ""4681"", ""39"", ""4662"", ""3343"", ""3160"", ""682"", ""5618"", ""2503"", ""6"", ""12685"", ""13840"", ""529"", ""6407"", ""12115"", ""53"", ""11832"", ""54""]",e608fe14-78f2-42f9-9c1e-506eb6233f6a
308281,"""1592""","[""331""]","""25053""","[""56"", ""4681"", ""39"", ""4662"", ""3343"", ""3160"", ""682"", ""5618"", ""2503"", ""6"", ""12685"", ""13840"", ""529"", ""6407"", ""12115"", ""53"", ""11832"", ""54""]",394398e5-0abc-4485-a101-4ce148a8e8b0
308281,"""1592""","[""331""]","""25053""","[""56"", ""4681"", ""39"", ""4662"", ""3343"", ""3160"", ""682"", ""5618"", ""2503"", ""6"", ""12685"", ""13840"", ""529"", ""6407"", ""12115"", ""53"", ""11832"", ""54""]",04ac340d-e09a-47e8-98d8-2da308e1b32c
308281,"""1592""","[""331""]","""25053""","[""56"", ""4681"", ""39"", ""4662"", ""3343"", ""3160"", ""682"", ""5618"", ""2503"", ""6"", ""12685"", ""13840"", ""529"", ""6407"", ""12115"", ""53"", ""11832"", ""54""]",13f7450f-ab2c-4cc3-884b-c41445fde815
308281,"""1592""","[""331""]","""25053""","[""56"", ""4681"", ""39"", ""4662"", ""3343"", ""3160"", ""682"", ""5618"", ""2503"", ""6"", ""12685"", ""13840"", ""529"", ""6407"", ""12115"", ""53"", ""11832"", ""54""]",a9cb2c55-9caf-48ac-a62f-4a26bff3871e
308281,"""1592""","[""331""]","""25053""","[""56"", ""4681"", ""39"", ""4662"", ""3343"", ""3160"", ""682"", ""5618"", ""2503"", ""6"", ""12685"", ""13840"", ""529"", ""6407"", ""12115"", ""53"", ""11832"", ""54""]",2cc4be75-15f9-4aa6-8ae8-2ed94730e5be
308281,"""1592""","[""331""]","""25053""","[""56"", ""4681"", ""39"", ""4662"", ""3343"", ""3160"", ""682"", ""5618"", ""2503"", ""6"", ""12685"", ""13840"", ""529"", ""6407"", ""12115"", ""53"", ""11832"", ""54""]",1e26b5f5-6588-4c28-948d-4e0deee1c1d3
301658,"""1592""","[""331""]","""25053""","[""4662"", ""3343"", ""195"", ""680"", ""3160"", ""3527"", ""3526"", ""3569"", ""3525"", ""7"", ""3344"", ""1959"", ""75"", ""54""]",e026c0b9-034c-475a-bba5-cd3290eef9ee
301658,"""1592""","[""331""]","""25053""","[""4662"", ""3343"", ""195"", ""680"", ""3160"", ""3527"", ""3526"", ""3569"", ""3525"", ""7"", ""3344"", ""1959"", ""75"", ""54""]",6ce1560a-f699-433b-a8d8-92c43066c6e0
301658,"""1592""","[""331""]","""25053""","[""4662"", ""3343"", ""195"", ""680"", ""3160"", ""3527"", ""3526"", ""3569"", ""3525"", ""7"", ""3344"", ""1959"", ""75"", ""54""]",8c42352c-d0fa-47bc-a04e-4b73f58ae0ec
301658,"""1592""","[""331""]","""25053""","[""4662"", ""3343"", ""195"", ""680"", ""3160"", ""3527"", ""3526"", ""3569"", ""3525"", ""7"", ""3344"", ""1959"", ""75"", ""54""]",72099228-1fb5-4fbf-ac30-4dd906b26186
301658,"""1592""","[""331""]","""25053""","[""4662"", ""3343"", ""195"", ""680"", ""3160"", ""3527"", ""3526"", ""3569"", ""3525"", ""7"", ""3344"", ""1959"", ""75"", ""54""]",d119a992-3498-4514-89bf-3307232f3d80
301658,"""1592""","[""331""]","""25053""","[""4662"", ""3343"", ""195"", ""680"", ""3160"", ""3527"", ""3526"", ""3569"", ""3525"", ""7"", ""3344"", ""1959"", ""75"", ""54""]",e026c0b9-034c-475a-bba5-cd3290eef9ee
301658,"""1592""","[""331""]","""25053""","[""4662"", ""3343"", ""195"", ""680"", ""3160"", ""3527"", ""3526"", ""3569"", ""3525"", ""7"", ""3344"", ""1959"", ""75"", ""54""]",7d69dd64-0d80-4d9e-ac64-6bb505585762
301658,"""1592""","[""331""]","""25053""","[""4662"", ""3343"", ""195"", ""680"", ""3160"", ""3527"", ""3526"", ""3569"", ""3525"", ""7"", ""3344"", ""1959"", ""75"", ""54""]",dfcf2eb6-f8dc-4ebc-91b8-db0d1025cd51
301658,"""1592""","[""331""]","""25053""","[""4662"", ""3343"", ""195"", ""680"", ""3160"", ""3527"", ""3526"", ""3569"", ""3525"", ""7"", ""3344"", ""1959"", ""75"", ""54""]",72099228-1fb5-4fbf-ac30-4dd906b26186
301658,"""1592""","[""331""]","""25053""","[""4662"", ""3343"", ""195"", ""680"", ""3160"", ""3527"", ""3526"", ""3569"", ""3525"", ""7"", ""3344"", ""1959"", ""75"", ""54""]",c16314f6-89d6-431c-baca-3c0da68815d5
301658,"""1592""","[""331""]","""25053""","[""4662"", ""3343"", ""195"", ""680"", ""3160"", ""3527"", ""3526"", ""3569"", ""3525"", ""7"", ""3344"", ""1959"", ""75"", ""54""]",84af122e-00a5-44a4-ae5e-e1cda84d6378
301658,"""1592""","[""331""]","""25053""","[""4662"", ""3343"", ""195"", ""680"", ""3160"", ""3527"", ""3526"", ""3569"", ""3525"", ""7"", ""3344"", ""1959"", ""75"", ""54""]",b3ed2857-440b-483b-8a00-9b260979de6c
301658,"""1592""","[""331""]","""25053""","[""4662"", ""3343"", ""195"", ""680"", ""3160"", ""3527"", ""3526"", ""3569"", ""3525"", ""7"", ""3344"", ""1959"", ""75"", ""54""]",b8f5350f-12b3-4219-adb5-e81cd5936ac3
301658,"""1592""","[""331""]","""25053""","[""4662"", ""3343"", ""195"", ""680"", ""3160"", ""3527"", ""3526"", ""3569"", ""3525"", ""7"", ""3344"", ""1959"", ""75"", ""54""]",6c2cd8a0-3181-4156-ad27-e63899df687c
301658,"""1592""","[""331""]","""25053""","[""4662"", ""3343"", ""195"", ""680"", ""3160"", ""3527"", ""3526"", ""3569"", ""3525"", ""7"", ""3344"", ""1959"", ""75"", ""54""]",50f197ac-d858-44d4-aa3c-d2bbfb3e286b
301658,"""1592""","[""331""]","""25053""","[""4662"", ""3343"", ""195"", ""680"", ""3160"", ""3527"", ""3526"", ""3569"", ""3525"", ""7"", ""3344"", ""1959"", ""75"", ""54""]",9aa6b6ab-75e0-4f23-a9bc-f3724d16d307
301658,"""1592""","[""331""]","""25053""","[""4662"", ""3343"", ""195"", ""680"", ""3160"", ""3527"", ""3526"", ""3569"", ""3525"", ""7"", ""3344"", ""1959"", ""75"", ""54""]",06d0e3c6-7dfa-4460-bec9-c0d0e6f29956
301658,"""1592""","[""331""]","""25053""","[""4662"", ""3343"", ""195"", ""680"", ""3160"", ""3527"", ""3526"", ""3569"", ""3525"", ""7"", ""3344"", ""1959"", ""75"", ""54""]",d119a992-3498-4514-89bf-3307232f3d80
301658,"""1592""","[""331""]","""25053""","[""4662"", ""3343"", ""195"", ""680"", ""3160"", ""3527"", ""3526"", ""3569"", ""3525"", ""7"", ""3344"", ""1959"", ""75"", ""54""]",e026c0b9-034c-475a-bba5-cd3290eef9ee
301658,"""1592""","[""331""]","""25053""","[""4662"", ""3343"", ""195"", ""680"", ""3160"", ""3527"", ""3526"", ""3569"", ""3525"", ""7"", ""3344"", ""1959"", ""75"", ""54""]",09807fbb-e410-46e4-9c6c-cf9c010d807b
301658,"""1592""","[""331""]","""25053""","[""4662"", ""3343"", ""195"", ""680"", ""3160"", ""3527"", ""3526"", ""3569"", ""3525"", ""7"", ""3344"", ""1959"", ""75"", ""54""]",0a5e4bf3-dd26-4088-9f65-7078c1842c6e
301658,"""1592""","[""331""]","""25053""","[""4662"", ""3343"", ""195"", ""680"", ""3160"", ""3527"", ""3526"", ""3569"", ""3525"", ""7"", ""3344"", ""1959"", ""75"", ""54""]",d712d346-c592-44f0-b233-c6e4bd7abdc5
301658,"""1592""","[""331""]","""25053""","[""4662"", ""3343"", ""195"", ""680"", ""3160"", ""3527"", ""3526"", ""3569"", ""3525"", ""7"", ""3344"", ""1959"", ""75"", ""54""]",0c9dc912-e3cb-40ba-a287-7d7913425d39
301658,"""1592""","[""331""]","""25053""","[""4662"", ""3343"", ""195"", ""680"", ""3160"", ""3527"", ""3526"", ""3569"", ""3525"", ""7"", ""3344"", ""1959"", ""75"", ""54""]",03e20166-d734-438f-a34c-1f38d73d72bd
301658,"""1592""","[""331""]","""25053""","[""4662"", ""3343"", ""195"", ""680"", ""3160"", ""3527"", ""3526"", ""3569"", ""3525"", ""7"", ""3344"", ""1959"", ""75"", ""54""]",dfcf2eb6-f8dc-4ebc-91b8-db0d1025cd51
301658,"""1592""","[""331""]","""25053""","[""4662"", ""3343"", ""195"", ""680"", ""3160"", ""3527"", ""3526"", ""3569"", ""3525"", ""7"", ""3344"", ""1959"", ""75"", ""54""]",19396c94-c47a-45c5-b6fa-d83f71b84d51
301658,"""1592""","[""331""]","""25053""","[""4662"", ""3343"", ""195"", ""680"", ""3160"", ""3527"", ""3526"", ""3569"", ""3525"", ""7"", ""3344"", ""1959"", ""75"", ""54""]",0abf7b87-8400-4a7a-9ed6-a12e1a46e92b
301658,"""1592""","[""331""]","""25053""","[""4662"", ""3343"", ""195"", ""680"", ""3160"", ""3527"", ""3526"", ""3569"", ""3525"", ""7"", ""3344"", ""1959"", ""75"", ""54""]",037153fb-76d0-48b0-ad4f-1e3f5a877c50
301658,"""1592""","[""331""]","""25053""","[""4662"", ""3343"", ""195"", ""680"", ""3160"", ""3527"", ""3526"", ""3569"", ""3525"", ""7"", ""3344"", ""1959"", ""75"", ""54""]",b1bd68fb-83ba-49d4-afba-186879067577
301658,"""1592""","[""331""]","""25053""","[""4662"", ""3343"", ""195"", ""680"", ""3160"", ""3527"", ""3526"", ""3569"", ""3525"", ""7"", ""3344"", ""1959"", ""75"", ""54""]",8c42352c-d0fa-47bc-a04e-4b73f58ae0ec
301658,"""1592""","[""331""]","""25053""","[""4662"", ""3343"", ""195"", ""680"", ""3160"", ""3527"", ""3526"", ""3569"", ""3525"", ""7"", ""3344"", ""1959"", ""75"", ""54""]",f5962976-3ccf-4538-ab38-564263e07e9a
301658,"""1592""","[""331""]","""25053""","[""4662"", ""3343"", ""195"", ""680"", ""3160"", ""3527"", ""3526"", ""3569"", ""3525"", ""7"", ""3344"", ""1959"", ""75"", ""54""]",c16314f6-89d6-431c-baca-3c0da68815d5
301658,"""1592""","[""331""]","""25053""","[""4662"", ""3343"", ""195"", ""680"", ""3160"", ""3527"", ""3526"", ""3569"", ""3525"", ""7"", ""3344"", ""1959"", ""75"", ""54""]",d119a992-3498-4514-89bf-3307232f3d80
301658,"""1592""","[""331""]","""25053""","[""4662"", ""3343"", ""195"", ""680"", ""3160"", ""3527"", ""3526"", ""3569"", ""3525"", ""7"", ""3344"", ""1959"", ""75"", ""54""]",d6f2d1fa-ae06-4813-b2c9-f14795471bae
301658,"""1592""","[""331""]","""25053""","[""4662"", ""3343"", ""195"", ""680"", ""3160"", ""3527"", ""3526"", ""3569"", ""3525"", ""7"", ""3344"", ""1959"", ""75"", ""54""]",dfcf2eb6-f8dc-4ebc-91b8-db0d1025cd51
301658,"""1592""","[""331""]","""25053""","[""4662"", ""3343"", ""195"", ""680"", ""3160"", ""3527"", ""3526"", ""3569"", ""3525"", ""7"", ""3344"", ""1959"", ""75"", ""54""]",3e01d1c6-311d-4fab-9c3e-fb3ad7e1e973
301658,"""1592""","[""331""]","""25053""","[""4662"", ""3343"", ""195"", ""680"", ""3160"", ""3527"", ""3526"", ""3569"", ""3525"", ""7"", ""3344"", ""1959"", ""75"", ""54""]",fa3e7d32-21f8-4034-b2fc-33b6079ac7e6
301658,"""1592""","[""331""]","""25053""","[""4662"", ""3343"", ""195"", ""680"", ""3160"", ""3527"", ""3526"", ""3569"", ""3525"", ""7"", ""3344"", ""1959"", ""75"", ""54""]",a5a833f6-0070-4bfe-bde7-9d5d4b55e6af
301658,"""1592""","[""331""]","""25053""","[""4662"", ""3343"", ""195"", ""680"", ""3160"", ""3527"", ""3526"", ""3569"", ""3525"", ""7"", ""3344"", ""1959"", ""75"", ""54""]",55a3583c-608b-43ac-90c7-111ec6f23939
301658,"""1592""","[""331""]","""25053""","[""4662"", ""3343"", ""195"", ""680"", ""3160"", ""3527"", ""3526"", ""3569"", ""3525"", ""7"", ""3344"", ""1959"", ""75"", ""54""]",871405ac-1681-4fe3-ad84-3dbd306c2693
301658,"""1592""","[""331""]","""25053""","[""4662"", ""3343"", ""195"", ""680"", ""3160"", ""3527"", ""3526"", ""3569"", ""3525"", ""7"", ""3344"", ""1959"", ""75"", ""54""]",5536f91d-2c62-4bff-8b16-9b083d0959e2
301658,"""1592""","[""331""]","""25053""","[""4662"", ""3343"", ""195"", ""680"", ""3160"", ""3527"", ""3526"", ""3569"", ""3525"", ""7"", ""3344"", ""1959"", ""75"", ""54""]",087cec1e-73aa-4505-bc74-29d5bd1f16b0
301658,"""1592""","[""331""]","""25053""","[""4662"", ""3343"", ""195"", ""680"", ""3160"", ""3527"", ""3526"", ""3569"", ""3525"", ""7"", ""3344"", ""1959"", ""75"", ""54""]",4b1bb4f3-43dd-46ea-9f8e-8fdfca52b2ea
301658,"""1592""","[""331""]","""25053""","[""4662"", ""3343"", ""195"", ""680"", ""3160"", ""3527"", ""3526"", ""3569"", ""3525"", ""7"", ""3344"", ""1959"", ""75"", ""54""]",50f197ac-d858-44d4-aa3c-d2bbfb3e286b
301658,"""1592""","[""331""]","""25053""","[""4662"", ""3343"", ""195"", ""680"", ""3160"", ""3527"", ""3526"", ""3569"", ""3525"", ""7"", ""3344"", ""1959"", ""75"", ""54""]",c77a70d7-270a-4f0c-b59c-edb3f66afe51
301658,"""1592""","[""331""]","""25053""","[""4662"", ""3343"", ""195"", ""680"", ""3160"", ""3527"", ""3526"", ""3569"", ""3525"", ""7"", ""3344"", ""1959"", ""75"", ""54""]",db985777-6523-40bd-97c9-41aaeca814a0
301658,"""1592""","[""331""]","""25053""","[""4662"", ""3343"", ""195"", ""680"", ""3160"", ""3527"", ""3526"", ""3569"", ""3525"", ""7"", ""3344"", ""1959"", ""75"", ""54""]",71744424-3154-4e8e-a14c-896b54a1bd65
301658,"""1592""","[""331""]","""25053""","[""4662"", ""3343"", ""195"", ""680"", ""3160"", ""3527"", ""3526"", ""3569"", ""3525"", ""7"", ""3344"", ""1959"", ""75"", ""54""]",72099228-1fb5-4fbf-ac30-4dd906b26186
301658,"""1592""","[""331""]","""25053""","[""4662"", ""3343"", ""195"", ""680"", ""3160"", ""3527"", ""3526"", ""3569"", ""3525"", ""7"", ""3344"", ""1959"", ""75"", ""54""]",14e49653-1c4f-42f3-ba71-1589f918061a
301658,"""1592""","[""331""]","""25053""","[""4662"", ""3343"", ""195"", ""680"", ""3160"", ""3527"", ""3526"", ""3569"", ""3525"", ""7"", ""3344"", ""1959"", ""75"", ""54""]",871405ac-1681-4fe3-ad84-3dbd306c2693
301658,"""1592""","[""331""]","""25053""","[""4662"", ""3343"", ""195"", ""680"", ""3160"", ""3527"", ""3526"", ""3569"", ""3525"", ""7"", ""3344"", ""1959"", ""75"", ""54""]",2b3fcce3-7aa1-4782-b4fd-a54747178ab9
301658,"""1592""","[""331""]","""25053""","[""4662"", ""3343"", ""195"", ""680"", ""3160"", ""3527"", ""3526"", ""3569"", ""3525"", ""7"", ""3344"", ""1959"", ""75"", ""54""]",7d69dd64-0d80-4d9e-ac64-6bb505585762
301658,"""1592""","[""331""]","""25053""","[""4662"", ""3343"", ""195"", ""680"", ""3160"", ""3527"", ""3526"", ""3569"", ""3525"", ""7"", ""3344"", ""1959"", ""75"", ""54""]",68173b2a-58f5-402c-b2d4-ed9c1f6fddcb
301658,"""1592""","[""331""]","""25053""","[""4662"", ""3343"", ""195"", ""680"", ""3160"", ""3527"", ""3526"", ""3569"", ""3525"", ""7"", ""3344"", ""1959"", ""75"", ""54""]",43c923cb-97be-4385-b030-cf4ac75c694d
301658,"""1592""","[""331""]","""25053""","[""4662"", ""3343"", ""195"", ""680"", ""3160"", ""3527"", ""3526"", ""3569"", ""3525"", ""7"", ""3344"", ""1959"", ""75"", ""54""]",70254e14-2608-405d-9f87-cb92f8a3dcfe
301658,"""1592""","[""331""]","""25053""","[""4662"", ""3343"", ""195"", ""680"", ""3160"", ""3527"", ""3526"", ""3569"", ""3525"", ""7"", ""3344"", ""1959"", ""75"", ""54""]",8cd89373-c3e1-47b1-b644-52d546129c1a
301658,"""1592""","[""331""]","""25053""","[""4662"", ""3343"", ""195"", ""680"", ""3160"", ""3527"", ""3526"", ""3569"", ""3525"", ""7"", ""3344"", ""1959"", ""75"", ""54""]",8f226c58-4b0c-41f0-9445-101c835144b2
301658,"""1592""","[""331""]","""25053""","[""4662"", ""3343"", ""195"", ""680"", ""3160"", ""3527"", ""3526"", ""3569"", ""3525"", ""7"", ""3344"", ""1959"", ""75"", ""54""]",9100da78-6479-4fda-9263-555424049231
301658,"""1592""","[""331""]","""25053""","[""4662"", ""3343"", ""195"", ""680"", ""3160"", ""3527"", ""3526"", ""3569"", ""3525"", ""7"", ""3344"", ""1959"", ""75"", ""54""]",50f197ac-d858-44d4-aa3c-d2bbfb3e286b
301658,"""1592""","[""331""]","""25053""","[""4662"", ""3343"", ""195"", ""680"", ""3160"", ""3527"", ""3526"", ""3569"", ""3525"", ""7"", ""3344"", ""1959"", ""75"", ""54""]",a501dc90-1551-4e90-89a6-28e770f94675
301658,"""1592""","[""331""]","""25053""","[""4662"", ""3343"", ""195"", ""680"", ""3160"", ""3527"", ""3526"", ""3569"", ""3525"", ""7"", ""3344"", ""1959"", ""75"", ""54""]",a9af50df-b13f-4512-bd28-6d8da375dcc8
301658,"""1592""","[""331""]","""25053""","[""4662"", ""3343"", ""195"", ""680"", ""3160"", ""3527"", ""3526"", ""3569"", ""3525"", ""7"", ""3344"", ""1959"", ""75"", ""54""]",ab0ca1c9-64e8-4d7e-99bb-0f0546687cd5
301658,"""1592""","[""331""]","""25053""","[""4662"", ""3343"", ""195"", ""680"", ""3160"", ""3527"", ""3526"", ""3569"", ""3525"", ""7"", ""3344"", ""1959"", ""75"", ""54""]",d119a992-3498-4514-89bf-3307232f3d80
301658,"""1592""","[""331""]","""25053""","[""4662"", ""3343"", ""195"", ""680"", ""3160"", ""3527"", ""3526"", ""3569"", ""3525"", ""7"", ""3344"", ""1959"", ""75"", ""54""]",e026c0b9-034c-475a-bba5-cd3290eef9ee
301658,"""1592""","[""331""]","""25053""","[""4662"", ""3343"", ""195"", ""680"", ""3160"", ""3527"", ""3526"", ""3569"", ""3525"", ""7"", ""3344"", ""1959"", ""75"", ""54""]",e89d356f-531e-4af0-9766-3e6b01882128
301658,"""1592""","[""331""]","""25053""","[""4662"", ""3343"", ""195"", ""680"", ""3160"", ""3527"", ""3526"", ""3569"", ""3525"", ""7"", ""3344"", ""1959"", ""75"", ""54""]",2115f2e6-23d5-4f9a-9536-94e97a692ef8
301658,"""1592""","[""331""]","""25053""","[""4662"", ""3343"", ""195"", ""680"", ""3160"", ""3527"", ""3526"", ""3569"", ""3525"", ""7"", ""3344"", ""1959"", ""75"", ""54""]",d119a992-3498-4514-89bf-3307232f3d80
301658,"""1592""","[""331""]","""25053""","[""4662"", ""3343"", ""195"", ""680"", ""3160"", ""3527"", ""3526"", ""3569"", ""3525"", ""7"", ""3344"", ""1959"", ""75"", ""54""]",c32ace53-1463-4b28-86f6-e1a3a5d4d4ce
301658,"""1592""","[""331""]","""25053""","[""4662"", ""3343"", ""195"", ""680"", ""3160"", ""3527"", ""3526"", ""3569"", ""3525"", ""7"", ""3344"", ""1959"", ""75"", ""54""]",5688e9e5-4963-40f8-9bb6-0448ef07b245
301658,"""1592""","[""331""]","""25053""","[""4662"", ""3343"", ""195"", ""680"", ""3160"", ""3527"", ""3526"", ""3569"", ""3525"", ""7"", ""3344"", ""1959"", ""75"", ""54""]",93710bb6-67eb-4e9d-aa43-4b71588a5598
301658,"""1592""","[""331""]","""25053""","[""4662"", ""3343"", ""195"", ""680"", ""3160"", ""3527"", ""3526"", ""3569"", ""3525"", ""7"", ""3344"", ""1959"", ""75"", ""54""]",ec56c40b-e0c2-4798-8923-7da5f2ce2fcf
301658,"""1592""","[""331""]","""25053""","[""4662"", ""3343"", ""195"", ""680"", ""3160"", ""3527"", ""3526"", ""3569"", ""3525"", ""7"", ""3344"", ""1959"", ""75"", ""54""]",88d34840-55ee-44d9-b2f1-1d93f2e41cb6
301658,"""1592""","[""331""]","""25053""","[""4662"", ""3343"", ""195"", ""680"", ""3160"", ""3527"", ""3526"", ""3569"", ""3525"", ""7"", ""3344"", ""1959"", ""75"", ""54""]",d31e3329-43e5-4a66-af83-cf1011b9de9a
301658,"""1592""","[""331""]","""25053""","[""4662"", ""3343"", ""195"", ""680"", ""3160"", ""3527"", ""3526"", ""3569"", ""3525"", ""7"", ""3344"", ""1959"", ""75"", ""54""]",3d998dcd-2226-4b04-9c97-b39f7b6fe997
301658,"""1592""","[""331""]","""25053""","[""4662"", ""3343"", ""195"", ""680"", ""3160"", ""3527"", ""3526"", ""3569"", ""3525"", ""7"", ""3344"", ""1959"", ""75"", ""54""]",7d69dd64-0d80-4d9e-ac64-6bb505585762
301658,"""1592""","[""331""]","""25053""","[""4662"", ""3343"", ""195"", ""680"", ""3160"", ""3527"", ""3526"", ""3569"", ""3525"", ""7"", ""3344"", ""1959"", ""75"", ""54""]",72099228-1fb5-4fbf-ac30-4dd906b26186
301658,"""1592""","[""331""]","""25053""","[""4662"", ""3343"", ""195"", ""680"", ""3160"", ""3527"", ""3526"", ""3569"", ""3525"", ""7"", ""3344"", ""1959"", ""75"", ""54""]",fd5078e8-70c3-4f3a-894a-dc882bb59cbe
301658,"""1592""","[""331""]","""25053""","[""4662"", ""3343"", ""195"", ""680"", ""3160"", ""3527"", ""3526"", ""3569"", ""3525"", ""7"", ""3344"", ""1959"", ""75"", ""54""]",c16314f6-89d6-431c-baca-3c0da68815d5
301658,"""1592""","[""331""]","""25053""","[""4662"", ""3343"", ""195"", ""680"", ""3160"", ""3527"", ""3526"", ""3569"", ""3525"", ""7"", ""3344"", ""1959"", ""75"", ""54""]",fe6b6bab-05fa-4572-abf5-d2d3a22d3bc3
301658,"""1592""","[""331""]","""25053""","[""4662"", ""3343"", ""195"", ""680"", ""3160"", ""3527"", ""3526"", ""3569"", ""3525"", ""7"", ""3344"", ""1959"", ""75"", ""54""]",d119a992-3498-4514-89bf-3307232f3d80
301658,"""1592""","[""331""]","""25053""","[""4662"", ""3343"", ""195"", ""680"", ""3160"", ""3527"", ""3526"", ""3569"", ""3525"", ""7"", ""3344"", ""1959"", ""75"", ""54""]",8316d7c2-7462-4454-a762-26637f6f010c
301658,"""1592""","[""331""]","""25053""","[""4662"", ""3343"", ""195"", ""680"", ""3160"", ""3527"", ""3526"", ""3569"", ""3525"", ""7"", ""3344"", ""1959"", ""75"", ""54""]",3d998dcd-2226-4b04-9c97-b39f7b6fe997
301658,"""1592""","[""331""]","""25053""","[""4662"", ""3343"", ""195"", ""680"", ""3160"", ""3527"", ""3526"", ""3569"", ""3525"", ""7"", ""3344"", ""1959"", ""75"", ""54""]",3ff7b03d-96c6-4364-b906-fcba0198b9f5
301658,"""1592""","[""331""]","""25053""","[""4662"", ""3343"", ""195"", ""680"", ""3160"", ""3527"", ""3526"", ""3569"", ""3525"", ""7"", ""3344"", ""1959"", ""75"", ""54""]",6a4296db-0931-42a0-93a1-774b1c7a5f93
301658,"""1592""","[""331""]","""25053""","[""4662"", ""3343"", ""195"", ""680"", ""3160"", ""3527"", ""3526"", ""3569"", ""3525"", ""7"", ""3344"", ""1959"", ""75"", ""54""]",4a813f68-6a7f-4c80-9991-1f32e1b054d3
301658,"""1592""","[""331""]","""25053""","[""4662"", ""3343"", ""195"", ""680"", ""3160"", ""3527"", ""3526"", ""3569"", ""3525"", ""7"", ""3344"", ""1959"", ""75"", ""54""]",5688e9e5-4963-40f8-9bb6-0448ef07b245
301658,"""1592""","[""331""]","""25053""","[""4662"", ""3343"", ""195"", ""680"", ""3160"", ""3527"", ""3526"", ""3569"", ""3525"", ""7"", ""3344"", ""1959"", ""75"", ""54""]",50f197ac-d858-44d4-aa3c-d2bbfb3e286b
301658,"""1592""","[""331""]","""25053""","[""4662"", ""3343"", ""195"", ""680"", ""3160"", ""3527"", ""3526"", ""3569"", ""3525"", ""7"", ""3344"", ""1959"", ""75"", ""54""]",06d0e3c6-7dfa-4460-bec9-c0d0e6f29956
301658,"""1592""","[""331""]","""25053""","[""4662"", ""3343"", ""195"", ""680"", ""3160"", ""3527"", ""3526"", ""3569"", ""3525"", ""7"", ""3344"", ""1959"", ""75"", ""54""]",5eed4eaa-bd3f-41a8-b888-bacaad72261b
301658,"""1592""","[""331""]","""25053""","[""4662"", ""3343"", ""195"", ""680"", ""3160"", ""3527"", ""3526"", ""3569"", ""3525"", ""7"", ""3344"", ""1959"", ""75"", ""54""]",3053fb42-0bfe-42b9-a600-30d178c52abb
301658,"""1592""","[""331""]","""25053""","[""4662"", ""3343"", ""195"", ""680"", ""3160"", ""3527"", ""3526"", ""3569"", ""3525"", ""7"", ""3344"", ""1959"", ""75"", ""54""]",7d69dd64-0d80-4d9e-ac64-6bb505585762
301658,"""1592""","[""331""]","""25053""","[""4662"", ""3343"", ""195"", ""680"", ""3160"", ""3527"", ""3526"", ""3569"", ""3525"", ""7"", ""3344"", ""1959"", ""75"", ""54""]",84a6150b-7acb-416d-9c0b-5088bb0e01d3
301658,"""1592""","[""331""]","""25053""","[""4662"", ""3343"", ""195"", ""680"", ""3160"", ""3527"", ""3526"", ""3569"", ""3525"", ""7"", ""3344"", ""1959"", ""75"", ""54""]",6a4296db-0931-42a0-93a1-774b1c7a5f93
301658,"""1592""","[""331""]","""25053""","[""4662"", ""3343"", ""195"", ""680"", ""3160"", ""3527"", ""3526"", ""3569"", ""3525"", ""7"", ""3344"", ""1959"", ""75"", ""54""]",70254e14-2608-405d-9f87-cb92f8a3dcfe
301658,"""1592""","[""331""]","""25053""","[""4662"", ""3343"", ""195"", ""680"", ""3160"", ""3527"", ""3526"", ""3569"", ""3525"", ""7"", ""3344"", ""1959"", ""75"", ""54""]",53bbe84a-1029-4bdd-9ad2-95a47ad9b846
301658,"""1592""","[""331""]","""25053""","[""4662"", ""3343"", ""195"", ""680"", ""3160"", ""3527"", ""3526"", ""3569"", ""3525"", ""7"", ""3344"", ""1959"", ""75"", ""54""]",c16314f6-89d6-431c-baca-3c0da68815d5
301658,"""1592""","[""331""]","""25053""","[""4662"", ""3343"", ""195"", ""680"", ""3160"", ""3527"", ""3526"", ""3569"", ""3525"", ""7"", ""3344"", ""1959"", ""75"", ""54""]",cbb7a0d9-a744-4051-bd24-1958b2b10740
301658,"""1592""","[""331""]","""25053""","[""4662"", ""3343"", ""195"", ""680"", ""3160"", ""3527"", ""3526"", ""3569"", ""3525"", ""7"", ""3344"", ""1959"", ""75"", ""54""]",c68af6cc-ef6a-4572-939d-4804b619e896
301658,"""1592""","[""331""]","""25053""","[""4662"", ""3343"", ""195"", ""680"", ""3160"", ""3527"", ""3526"", ""3569"", ""3525"", ""7"", ""3344"", ""1959"", ""75"", ""54""]",56938683-77ea-4985-9d2a-74c3075a9a34
301658,"""1592""","[""331""]","""25053""","[""4662"", ""3343"", ""195"", ""680"", ""3160"", ""3527"", ""3526"", ""3569"", ""3525"", ""7"", ""3344"", ""1959"", ""75"", ""54""]",64dd684f-6671-4682-acac-290d289f6594
301658,"""1592""","[""331""]","""25053""","[""4662"", ""3343"", ""195"", ""680"", ""3160"", ""3527"", ""3526"", ""3569"", ""3525"", ""7"", ""3344"", ""1959"", ""75"", ""54""]",dfcf2eb6-f8dc-4ebc-91b8-db0d1025cd51
301658,"""1592""","[""331""]","""25053""","[""4662"", ""3343"", ""195"", ""680"", ""3160"", ""3527"", ""3526"", ""3569"", ""3525"", ""7"", ""3344"", ""1959"", ""75"", ""54""]",db985777-6523-40bd-97c9-41aaeca814a0
301658,"""1592""","[""331""]","""25053""","[""4662"", ""3343"", ""195"", ""680"", ""3160"", ""3527"", ""3526"", ""3569"", ""3525"", ""7"", ""3344"", ""1959"", ""75"", ""54""]",47780a2c-30ca-4e76-a95b-5dfbb06d10b6
301658,"""1592""","[""331""]","""25053""","[""4662"", ""3343"", ""195"", ""680"", ""3160"", ""3527"", ""3526"", ""3569"", ""3525"", ""7"", ""3344"", ""1959"", ""75"", ""54""]",dfcf2eb6-f8dc-4ebc-91b8-db0d1025cd51
301658,"""1592""","[""331""]","""25053""","[""4662"", ""3343"", ""195"", ""680"", ""3160"", ""3527"", ""3526"", ""3569"", ""3525"", ""7"", ""3344"", ""1959"", ""75"", ""54""]",8c42352c-d0fa-47bc-a04e-4b73f58ae0ec
301658,"""1592""","[""331""]","""25053""","[""4662"", ""3343"", ""195"", ""680"", ""3160"", ""3527"", ""3526"", ""3569"", ""3525"", ""7"", ""3344"", ""1959"", ""75"", ""54""]",087cec1e-73aa-4505-bc74-29d5bd1f16b0
301658,"""1592""","[""331""]","""25053""","[""4662"", ""3343"", ""195"", ""680"", ""3160"", ""3527"", ""3526"", ""3569"", ""3525"", ""7"", ""3344"", ""1959"", ""75"", ""54""]",7d69dd64-0d80-4d9e-ac64-6bb505585762
301658,"""1592""","[""331""]","""25053""","[""4662"", ""3343"", ""195"", ""680"", ""3160"", ""3527"", ""3526"", ""3569"", ""3525"", ""7"", ""3344"", ""1959"", ""75"", ""54""]",ecf2b16a-bb35-45ab-9f60-718677281705
301658,"""1592""","[""331""]","""25053""","[""4662"", ""3343"", ""195"", ""680"", ""3160"", ""3527"", ""3526"", ""3569"", ""3525"", ""7"", ""3344"", ""1959"", ""75"", ""54""]",0abf7b87-8400-4a7a-9ed6-a12e1a46e92b
301658,"""1592""","[""331""]","""25053""","[""4662"", ""3343"", ""195"", ""680"", ""3160"", ""3527"", ""3526"", ""3569"", ""3525"", ""7"", ""3344"", ""1959"", ""75"", ""54""]",47780a2c-30ca-4e76-a95b-5dfbb06d10b6
301658,"""1592""","[""331""]","""25053""","[""4662"", ""3343"", ""195"", ""680"", ""3160"", ""3527"", ""3526"", ""3569"", ""3525"", ""7"", ""3344"", ""1959"", ""75"", ""54""]",8c42352c-d0fa-47bc-a04e-4b73f58ae0ec
301658,"""1592""","[""331""]","""25053""","[""4662"", ""3343"", ""195"", ""680"", ""3160"", ""3527"", ""3526"", ""3569"", ""3525"", ""7"", ""3344"", ""1959"", ""75"", ""54""]",fbdf28b0-8f55-49a6-a41a-49c82192e0f6
301658,"""1592""","[""331""]","""25053""","[""4662"", ""3343"", ""195"", ""680"", ""3160"", ""3527"", ""3526"", ""3569"", ""3525"", ""7"", ""3344"", ""1959"", ""75"", ""54""]",6a4296db-0931-42a0-93a1-774b1c7a5f93
301658,"""1592""","[""331""]","""25053""","[""4662"", ""3343"", ""195"", ""680"", ""3160"", ""3527"", ""3526"", ""3569"", ""3525"", ""7"", ""3344"", ""1959"", ""75"", ""54""]",70254e14-2608-405d-9f87-cb92f8a3dcfe
301658,"""1592""","[""331""]","""25053""","[""4662"", ""3343"", ""195"", ""680"", ""3160"", ""3527"", ""3526"", ""3569"", ""3525"", ""7"", ""3344"", ""1959"", ""75"", ""54""]",02625772-4d12-434e-b9cc-31bbc60f5de0
301658,"""1592""","[""331""]","""25053""","[""4662"", ""3343"", ""195"", ""680"", ""3160"", ""3527"", ""3526"", ""3569"", ""3525"", ""7"", ""3344"", ""1959"", ""75"", ""54""]",0abf7b87-8400-4a7a-9ed6-a12e1a46e92b
301658,"""1592""","[""331""]","""25053""","[""4662"", ""3343"", ""195"", ""680"", ""3160"", ""3527"", ""3526"", ""3569"", ""3525"", ""7"", ""3344"", ""1959"", ""75"", ""54""]",bd2a90f9-e750-4e54-9529-ef45775148bd
301658,"""1592""","[""331""]","""25053""","[""4662"", ""3343"", ""195"", ""680"", ""3160"", ""3527"", ""3526"", ""3569"", ""3525"", ""7"", ""3344"", ""1959"", ""75"", ""54""]",9607bbce-243b-4fa3-9342-ab11853f59fb
301658,"""1592""","[""331""]","""25053""","[""4662"", ""3343"", ""195"", ""680"", ""3160"", ""3527"", ""3526"", ""3569"", ""3525"", ""7"", ""3344"", ""1959"", ""75"", ""54""]",c16314f6-89d6-431c-baca-3c0da68815d5
301658,"""1592""","[""331""]","""25053""","[""4662"", ""3343"", ""195"", ""680"", ""3160"", ""3527"", ""3526"", ""3569"", ""3525"", ""7"", ""3344"", ""1959"", ""75"", ""54""]",72099228-1fb5-4fbf-ac30-4dd906b26186
301658,"""1592""","[""331""]","""25053""","[""4662"", ""3343"", ""195"", ""680"", ""3160"", ""3527"", ""3526"", ""3569"", ""3525"", ""7"", ""3344"", ""1959"", ""75"", ""54""]",9607bbce-243b-4fa3-9342-ab11853f59fb
301658,"""1592""","[""331""]","""25053""","[""4662"", ""3343"", ""195"", ""680"", ""3160"", ""3527"", ""3526"", ""3569"", ""3525"", ""7"", ""3344"", ""1959"", ""75"", ""54""]",98ed624b-7d14-420b-8965-0ff50072fb1f
301658,"""1592""","[""331""]","""25053""","[""4662"", ""3343"", ""195"", ""680"", ""3160"", ""3527"", ""3526"", ""3569"", ""3525"", ""7"", ""3344"", ""1959"", ""75"", ""54""]",d119a992-3498-4514-89bf-3307232f3d80
301658,"""1592""","[""331""]","""25053""","[""4662"", ""3343"", ""195"", ""680"", ""3160"", ""3527"", ""3526"", ""3569"", ""3525"", ""7"", ""3344"", ""1959"", ""75"", ""54""]",ea61b59b-e396-4892-96f6-af3528f5b905
301658,"""1592""","[""331""]","""25053""","[""4662"", ""3343"", ""195"", ""680"", ""3160"", ""3527"", ""3526"", ""3569"", ""3525"", ""7"", ""3344"", ""1959"", ""75"", ""54""]",3ff7b03d-96c6-4364-b906-fcba0198b9f5
301658,"""1592""","[""331""]","""25053""","[""4662"", ""3343"", ""195"", ""680"", ""3160"", ""3527"", ""3526"", ""3569"", ""3525"", ""7"", ""3344"", ""1959"", ""75"", ""54""]",e026c0b9-034c-475a-bba5-cd3290eef9ee
301658,"""1592""","[""331""]","""25053""","[""4662"", ""3343"", ""195"", ""680"", ""3160"", ""3527"", ""3526"", ""3569"", ""3525"", ""7"", ""3344"", ""1959"", ""75"", ""54""]",a66d948f-6157-4c15-916a-7a331d7ecb84
301658,"""1592""","[""331""]","""25053""","[""4662"", ""3343"", ""195"", ""680"", ""3160"", ""3527"", ""3526"", ""3569"", ""3525"", ""7"", ""3344"", ""1959"", ""75"", ""54""]",70254e14-2608-405d-9f87-cb92f8a3dcfe
301658,"""1592""","[""331""]","""25053""","[""4662"", ""3343"", ""195"", ""680"", ""3160"", ""3527"", ""3526"", ""3569"", ""3525"", ""7"", ""3344"", ""1959"", ""75"", ""54""]",72099228-1fb5-4fbf-ac30-4dd906b26186
301658,"""1592""","[""331""]","""25053""","[""4662"", ""3343"", ""195"", ""680"", ""3160"", ""3527"", ""3526"", ""3569"", ""3525"", ""7"", ""3344"", ""1959"", ""75"", ""54""]",cbe10b3c-82ab-47f5-a48e-9b2e8be34677
301658,"""1592""","[""331""]","""25053""","[""4662"", ""3343"", ""195"", ""680"", ""3160"", ""3527"", ""3526"", ""3569"", ""3525"", ""7"", ""3344"", ""1959"", ""75"", ""54""]",42d05bb3-06db-4587-8898-21c6309dded6
301658,"""1592""","[""331""]","""25053""","[""4662"", ""3343"", ""195"", ""680"", ""3160"", ""3527"", ""3526"", ""3569"", ""3525"", ""7"", ""3344"", ""1959"", ""75"", ""54""]",72099228-1fb5-4fbf-ac30-4dd906b26186
301658,"""1592""","[""331""]","""25053""","[""4662"", ""3343"", ""195"", ""680"", ""3160"", ""3527"", ""3526"", ""3569"", ""3525"", ""7"", ""3344"", ""1959"", ""75"", ""54""]",5688e9e5-4963-40f8-9bb6-0448ef07b245
301658,"""1592""","[""331""]","""25053""","[""4662"", ""3343"", ""195"", ""680"", ""3160"", ""3527"", ""3526"", ""3569"", ""3525"", ""7"", ""3344"", ""1959"", ""75"", ""54""]",edfa72a1-1f48-4a5c-a511-803e668abd14
301658,"""1592""","[""331""]","""25053""","[""4662"", ""3343"", ""195"", ""680"", ""3160"", ""3527"", ""3526"", ""3569"", ""3525"", ""7"", ""3344"", ""1959"", ""75"", ""54""]",087cec1e-73aa-4505-bc74-29d5bd1f16b0
301658,"""1592""","[""331""]","""25053""","[""4662"", ""3343"", ""195"", ""680"", ""3160"", ""3527"", ""3526"", ""3569"", ""3525"", ""7"", ""3344"", ""1959"", ""75"", ""54""]",70254e14-2608-405d-9f87-cb92f8a3dcfe
301658,"""1592""","[""331""]","""25053""","[""4662"", ""3343"", ""195"", ""680"", ""3160"", ""3527"", ""3526"", ""3569"", ""3525"", ""7"", ""3344"", ""1959"", ""75"", ""54""]",d119a992-3498-4514-89bf-3307232f3d80
301658,"""1592""","[""331""]","""25053""","[""4662"", ""3343"", ""195"", ""680"", ""3160"", ""3527"", ""3526"", ""3569"", ""3525"", ""7"", ""3344"", ""1959"", ""75"", ""54""]",2115f2e6-23d5-4f9a-9536-94e97a692ef8
301658,"""1592""","[""331""]","""25053""","[""4662"", ""3343"", ""195"", ""680"", ""3160"", ""3527"", ""3526"", ""3569"", ""3525"", ""7"", ""3344"", ""1959"", ""75"", ""54""]",13f7450f-ab2c-4cc3-884b-c41445fde815
301658,"""1592""","[""331""]","""25053""","[""4662"", ""3343"", ""195"", ""680"", ""3160"", ""3527"", ""3526"", ""3569"", ""3525"", ""7"", ""3344"", ""1959"", ""75"", ""54""]",2523ac70-b7cb-4a57-a68b-a587896eb5dc
301658,"""1592""","[""331""]","""25053""","[""4662"", ""3343"", ""195"", ""680"", ""3160"", ""3527"", ""3526"", ""3569"", ""3525"", ""7"", ""3344"", ""1959"", ""75"", ""54""]",c16314f6-89d6-431c-baca-3c0da68815d5
301658,"""1592""","[""331""]","""25053""","[""4662"", ""3343"", ""195"", ""680"", ""3160"", ""3527"", ""3526"", ""3569"", ""3525"", ""7"", ""3344"", ""1959"", ""75"", ""54""]",34949cde-fba5-4301-b8f7-233bc622ce5d
301658,"""1592""","[""331""]","""25053""","[""4662"", ""3343"", ""195"", ""680"", ""3160"", ""3527"", ""3526"", ""3569"", ""3525"", ""7"", ""3344"", ""1959"", ""75"", ""54""]",03225723-e5b2-4673-b157-b33ac70e02a6
301658,"""1592""","[""331""]","""25053""","[""4662"", ""3343"", ""195"", ""680"", ""3160"", ""3527"", ""3526"", ""3569"", ""3525"", ""7"", ""3344"", ""1959"", ""75"", ""54""]",dbf8ec14-8f2d-47a6-8460-c85fffbafcae
301658,"""1592""","[""331""]","""25053""","[""4662"", ""3343"", ""195"", ""680"", ""3160"", ""3527"", ""3526"", ""3569"", ""3525"", ""7"", ""3344"", ""1959"", ""75"", ""54""]",0abf7b87-8400-4a7a-9ed6-a12e1a46e92b
301658,"""1592""","[""331""]","""25053""","[""4662"", ""3343"", ""195"", ""680"", ""3160"", ""3527"", ""3526"", ""3569"", ""3525"", ""7"", ""3344"", ""1959"", ""75"", ""54""]",483f1a82-cec4-4b86-af89-c89f1151148f
301658,"""1592""","[""331""]","""25053""","[""4662"", ""3343"", ""195"", ""680"", ""3160"", ""3527"", ""3526"", ""3569"", ""3525"", ""7"", ""3344"", ""1959"", ""75"", ""54""]",3d998dcd-2226-4b04-9c97-b39f7b6fe997
301658,"""1592""","[""331""]","""25053""","[""4662"", ""3343"", ""195"", ""680"", ""3160"", ""3527"", ""3526"", ""3569"", ""3525"", ""7"", ""3344"", ""1959"", ""75"", ""54""]",450dfae3-e034-4caf-8496-e50f708a49bd
301658,"""1592""","[""331""]","""25053""","[""4662"", ""3343"", ""195"", ""680"", ""3160"", ""3527"", ""3526"", ""3569"", ""3525"", ""7"", ""3344"", ""1959"", ""75"", ""54""]",4359c46b-cd69-4054-bb36-01b19acc5240
301658,"""1592""","[""331""]","""25053""","[""4662"", ""3343"", ""195"", ""680"", ""3160"", ""3527"", ""3526"", ""3569"", ""3525"", ""7"", ""3344"", ""1959"", ""75"", ""54""]",5688e9e5-4963-40f8-9bb6-0448ef07b245
301658,"""1592""","[""331""]","""25053""","[""4662"", ""3343"", ""195"", ""680"", ""3160"", ""3527"", ""3526"", ""3569"", ""3525"", ""7"", ""3344"", ""1959"", ""75"", ""54""]",1bb5e69f-0f44-41a6-bc17-20ac0f50e5f0
301658,"""1592""","[""331""]","""25053""","[""4662"", ""3343"", ""195"", ""680"", ""3160"", ""3527"", ""3526"", ""3569"", ""3525"", ""7"", ""3344"", ""1959"", ""75"", ""54""]",50f197ac-d858-44d4-aa3c-d2bbfb3e286b
301658,"""1592""","[""331""]","""25053""","[""4662"", ""3343"", ""195"", ""680"", ""3160"", ""3527"", ""3526"", ""3569"", ""3525"", ""7"", ""3344"", ""1959"", ""75"", ""54""]",5688e9e5-4963-40f8-9bb6-0448ef07b245
301658,"""1592""","[""331""]","""25053""","[""4662"", ""3343"", ""195"", ""680"", ""3160"", ""3527"", ""3526"", ""3569"", ""3525"", ""7"", ""3344"", ""1959"", ""75"", ""54""]",b223299e-d915-4bb8-ad28-e7920495ada7
301658,"""1592""","[""331""]","""25053""","[""4662"", ""3343"", ""195"", ""680"", ""3160"", ""3527"", ""3526"", ""3569"", ""3525"", ""7"", ""3344"", ""1959"", ""75"", ""54""]",72099228-1fb5-4fbf-ac30-4dd906b26186
301658,"""1592""","[""331""]","""25053""","[""4662"", ""3343"", ""195"", ""680"", ""3160"", ""3527"", ""3526"", ""3569"", ""3525"", ""7"", ""3344"", ""1959"", ""75"", ""54""]",81728e42-63e8-41a2-bc66-3e971052b421
301658,"""1592""","[""331""]","""25053""","[""4662"", ""3343"", ""195"", ""680"", ""3160"", ""3527"", ""3526"", ""3569"", ""3525"", ""7"", ""3344"", ""1959"", ""75"", ""54""]",d119a992-3498-4514-89bf-3307232f3d80
301658,"""1592""","[""331""]","""25053""","[""4662"", ""3343"", ""195"", ""680"", ""3160"", ""3527"", ""3526"", ""3569"", ""3525"", ""7"", ""3344"", ""1959"", ""75"", ""54""]",d119a992-3498-4514-89bf-3307232f3d80
301658,"""1592""","[""331""]","""25053""","[""4662"", ""3343"", ""195"", ""680"", ""3160"", ""3527"", ""3526"", ""3569"", ""3525"", ""7"", ""3344"", ""1959"", ""75"", ""54""]",7d69dd64-0d80-4d9e-ac64-6bb505585762
301658,"""1592""","[""331""]","""25053""","[""4662"", ""3343"", ""195"", ""680"", ""3160"", ""3527"", ""3526"", ""3569"", ""3525"", ""7"", ""3344"", ""1959"", ""75"", ""54""]",871405ac-1681-4fe3-ad84-3dbd306c2693
301658,"""1592""","[""331""]","""25053""","[""4662"", ""3343"", ""195"", ""680"", ""3160"", ""3527"", ""3526"", ""3569"", ""3525"", ""7"", ""3344"", ""1959"", ""75"", ""54""]",4a0fb471-ac13-4519-bc8e-a9dd4fb3cb86
301658,"""1592""","[""331""]","""25053""","[""4662"", ""3343"", ""195"", ""680"", ""3160"", ""3527"", ""3526"", ""3569"", ""3525"", ""7"", ""3344"", ""1959"", ""75"", ""54""]",76a35bb9-d42d-49c0-b118-3d92b973338f
142610,"""834""","[""171""]","""25021""","[""1"", ""486"", ""3"", ""4"", ""5"", ""54""]",a4d39eaf-60a7-438c-803a-61cf5296f3c3
142610,"""834""","[""171""]","""25021""","[""1"", ""486"", ""3"", ""4"", ""5"", ""54""]",ec1e9436-272f-4cc2-81ba-80ca8a181d1e
142610,"""834""","[""171""]","""25021""","[""1"", ""486"", ""3"", ""4"", ""5"", ""54""]",19a52202-9bbf-4f8e-bb23-78d216803df6
142610,"""834""","[""171""]","""25021""","[""1"", ""486"", ""3"", ""4"", ""5"", ""54""]",1c1b1365-269b-4ad9-a4be-76aa91a73072
142610,"""834""","[""171""]","""25021""","[""1"", ""486"", ""3"", ""4"", ""5"", ""54""]",5062c132-8059-45fd-b8f0-0026f64afeb8
142610,"""834""","[""171""]","""25021""","[""1"", ""486"", ""3"", ""4"", ""5"", ""54""]",e2ef075e-25b3-4fc4-94c4-a1b786d37473
142610,"""834""","[""171""]","""25021""","[""1"", ""486"", ""3"", ""4"", ""5"", ""54""]",142d0770-3ec9-450c-a410-ac6eb36f1643
142610,"""834""","[""171""]","""25021""","[""1"", ""486"", ""3"", ""4"", ""5"", ""54""]",f5886c7d-d4b0-4f79-9622-0450bb358aa5
142610,"""834""","[""171""]","""25021""","[""1"", ""486"", ""3"", ""4"", ""5"", ""54""]",a98e210f-f210-45d7-bcfe-20bc37683da4
142610,"""834""","[""171""]","""25021""","[""1"", ""486"", ""3"", ""4"", ""5"", ""54""]",24518dd2-da26-4816-80f1-00860d971973
142610,"""834""","[""171""]","""25021""","[""1"", ""486"", ""3"", ""4"", ""5"", ""54""]",4b717d5a-f46e-4a9b-bc47-3ef66f5cfc57
142610,"""834""","[""171""]","""25021""","[""1"", ""486"", ""3"", ""4"", ""5"", ""54""]",c84f15c0-312d-44d8-980a-a90e8782871b
142610,"""834""","[""171""]","""25021""","[""1"", ""486"", ""3"", ""4"", ""5"", ""54""]",24518dd2-da26-4816-80f1-00860d971973
142610,"""834""","[""171""]","""25021""","[""1"", ""486"", ""3"", ""4"", ""5"", ""54""]",9216ee68-c3fb-477a-a75d-a351a92f630b
142610,"""834""","[""171""]","""25021""","[""1"", ""486"", ""3"", ""4"", ""5"", ""54""]",217753d1-dd1e-48c9-943d-e1045c29d2c0
142610,"""834""","[""171""]","""25021""","[""1"", ""486"", ""3"", ""4"", ""5"", ""54""]",3af6f4aa-8077-49db-8175-86a34f269b91
142610,"""834""","[""171""]","""25021""","[""1"", ""486"", ""3"", ""4"", ""5"", ""54""]",66b10146-2061-4eca-8d27-13e6411d50df
142610,"""834""","[""171""]","""25021""","[""1"", ""486"", ""3"", ""4"", ""5"", ""54""]",320e8ba0-d64b-4952-ba9e-704e3952fb27
142610,"""834""","[""171""]","""25021""","[""1"", ""486"", ""3"", ""4"", ""5"", ""54""]",f5886c7d-d4b0-4f79-9622-0450bb358aa5
142610,"""834""","[""171""]","""25021""","[""1"", ""486"", ""3"", ""4"", ""5"", ""54""]",3af6f4aa-8077-49db-8175-86a34f269b91
142610,"""834""","[""171""]","""25021""","[""1"", ""486"", ""3"", ""4"", ""5"", ""54""]",56e08877-c2a1-48fc-b66b-0f737ac209e6
142610,"""834""","[""171""]","""25021""","[""1"", ""486"", ""3"", ""4"", ""5"", ""54""]",24518dd2-da26-4816-80f1-00860d971973
142610,"""834""","[""171""]","""25021""","[""1"", ""486"", ""3"", ""4"", ""5"", ""54""]",a4d39eaf-60a7-438c-803a-61cf5296f3c3
142610,"""834""","[""171""]","""25021""","[""1"", ""486"", ""3"", ""4"", ""5"", ""54""]",320e8ba0-d64b-4952-ba9e-704e3952fb27
142610,"""834""","[""171""]","""25021""","[""1"", ""486"", ""3"", ""4"", ""5"", ""54""]",514612bf-0b54-4f8f-a9c5-172f9d014f52
142610,"""834""","[""171""]","""25021""","[""1"", ""486"", ""3"", ""4"", ""5"", ""54""]",1683d9bd-dd9c-4789-b858-e8f8434f9731
142610,"""834""","[""171""]","""25021""","[""1"", ""486"", ""3"", ""4"", ""5"", ""54""]",f5886c7d-d4b0-4f79-9622-0450bb358aa5
142610,"""834""","[""171""]","""25021""","[""1"", ""486"", ""3"", ""4"", ""5"", ""54""]",0cffbdf8-a2ca-4ea7-ab81-90362c0f3af7
142610,"""834""","[""171""]","""25021""","[""1"", ""486"", ""3"", ""4"", ""5"", ""54""]",3af6f4aa-8077-49db-8175-86a34f269b91
142610,"""834""","[""171""]","""25021""","[""1"", ""486"", ""3"", ""4"", ""5"", ""54""]",24518dd2-da26-4816-80f1-00860d971973
142610,"""834""","[""171""]","""25021""","[""1"", ""486"", ""3"", ""4"", ""5"", ""54""]",f5886c7d-d4b0-4f79-9622-0450bb358aa5
142610,"""834""","[""171""]","""25021""","[""1"", ""486"", ""3"", ""4"", ""5"", ""54""]",6a23ab18-0715-4882-ad13-69711c1cec9f
142610,"""834""","[""171""]","""25021""","[""1"", ""486"", ""3"", ""4"", ""5"", ""54""]",b59fab5e-30c8-4ee1-9c77-0d488379698a
142610,"""834""","[""171""]","""25021""","[""1"", ""486"", ""3"", ""4"", ""5"", ""54""]",6cbfab00-2795-493d-adf0-140d184368ce
142610,"""834""","[""171""]","""25021""","[""1"", ""486"", ""3"", ""4"", ""5"", ""54""]",320e8ba0-d64b-4952-ba9e-704e3952fb27
142610,"""834""","[""171""]","""25021""","[""1"", ""486"", ""3"", ""4"", ""5"", ""54""]",a42d0f15-24f8-41aa-857f-78d908996a53
142610,"""834""","[""171""]","""25021""","[""1"", ""486"", ""3"", ""4"", ""5"", ""54""]",072ee176-75e8-45bb-9692-2c29efe19432
142610,"""834""","[""171""]","""25021""","[""1"", ""486"", ""3"", ""4"", ""5"", ""54""]",c84f15c0-312d-44d8-980a-a90e8782871b
142610,"""834""","[""171""]","""25021""","[""1"", ""486"", ""3"", ""4"", ""5"", ""54""]",d27f28a6-f76d-4e00-8b44-edfc3787f009
142610,"""834""","[""171""]","""25021""","[""1"", ""486"", ""3"", ""4"", ""5"", ""54""]",320e8ba0-d64b-4952-ba9e-704e3952fb27
142610,"""834""","[""171""]","""25021""","[""1"", ""486"", ""3"", ""4"", ""5"", ""54""]",41e7f79e-d0f0-4d9d-adc6-3b7502c3abb0
142610,"""834""","[""171""]","""25021""","[""1"", ""486"", ""3"", ""4"", ""5"", ""54""]",87ab40b4-4390-4ea7-b06c-2f95c92f36d2
142610,"""834""","[""171""]","""25021""","[""1"", ""486"", ""3"", ""4"", ""5"", ""54""]",6a23ab18-0715-4882-ad13-69711c1cec9f
142610,"""834""","[""171""]","""25021""","[""1"", ""486"", ""3"", ""4"", ""5"", ""54""]",6a23ab18-0715-4882-ad13-69711c1cec9f
142610,"""834""","[""171""]","""25021""","[""1"", ""486"", ""3"", ""4"", ""5"", ""54""]",85086afc-7165-4425-bd55-550749300772
142610,"""834""","[""171""]","""25021""","[""1"", ""486"", ""3"", ""4"", ""5"", ""54""]",6a23ab18-0715-4882-ad13-69711c1cec9f
142610,"""834""","[""171""]","""25021""","[""1"", ""486"", ""3"", ""4"", ""5"", ""54""]",a4d39eaf-60a7-438c-803a-61cf5296f3c3
142610,"""834""","[""171""]","""25021""","[""1"", ""486"", ""3"", ""4"", ""5"", ""54""]",d816adf4-36cf-494f-ad0a-4b72eb933234
142610,"""834""","[""171""]","""25021""","[""1"", ""486"", ""3"", ""4"", ""5"", ""54""]",f5886c7d-d4b0-4f79-9622-0450bb358aa5
142610,"""834""","[""171""]","""25021""","[""1"", ""486"", ""3"", ""4"", ""5"", ""54""]",fa570642-797e-483c-99ba-a0ea354d1068
142610,"""834""","[""171""]","""25021""","[""1"", ""486"", ""3"", ""4"", ""5"", ""54""]",3af6f4aa-8077-49db-8175-86a34f269b91
142610,"""834""","[""171""]","""25021""","[""1"", ""486"", ""3"", ""4"", ""5"", ""54""]",e47fad7f-596d-4f38-92f5-2d6c48d2a42c
142610,"""834""","[""171""]","""25021""","[""1"", ""486"", ""3"", ""4"", ""5"", ""54""]",f5886c7d-d4b0-4f79-9622-0450bb358aa5
142610,"""834""","[""171""]","""25021""","[""1"", ""486"", ""3"", ""4"", ""5"", ""54""]",cde688c5-42e3-40e5-9dad-f058bc7e42e6
142610,"""834""","[""171""]","""25021""","[""1"", ""486"", ""3"", ""4"", ""5"", ""54""]",c3094ae6-5189-46c4-a623-691ec7943a0d
142610,"""834""","[""171""]","""25021""","[""1"", ""486"", ""3"", ""4"", ""5"", ""54""]",b6f93080-5a80-43a9-ad4f-7f4c2851711c
142610,"""834""","[""171""]","""25021""","[""1"", ""486"", ""3"", ""4"", ""5"", ""54""]",0f43e04c-4db4-4557-ab7c-62a53a349542
142610,"""834""","[""171""]","""25021""","[""1"", ""486"", ""3"", ""4"", ""5"", ""54""]",95a308f0-23f5-4f7f-9d82-c59c59d21cbc
142610,"""834""","[""171""]","""25021""","[""1"", ""486"", ""3"", ""4"", ""5"", ""54""]",6a23ab18-0715-4882-ad13-69711c1cec9f
142610,"""834""","[""171""]","""25021""","[""1"", ""486"", ""3"", ""4"", ""5"", ""54""]",a44d49b0-c2fb-4d8c-a32e-4267897351c3
142610,"""834""","[""171""]","""25021""","[""1"", ""486"", ""3"", ""4"", ""5"", ""54""]",a9650d7e-5768-4a74-acf4-9e6393e5509b
142610,"""834""","[""171""]","""25021""","[""1"", ""486"", ""3"", ""4"", ""5"", ""54""]",24518dd2-da26-4816-80f1-00860d971973
142610,"""834""","[""171""]","""25021""","[""1"", ""486"", ""3"", ""4"", ""5"", ""54""]",a4d39eaf-60a7-438c-803a-61cf5296f3c3
142610,"""834""","[""171""]","""25021""","[""1"", ""486"", ""3"", ""4"", ""5"", ""54""]",4044e277-8b81-44dc-92b8-719d6f50fafc
142610,"""834""","[""171""]","""25021""","[""1"", ""486"", ""3"", ""4"", ""5"", ""54""]",c2934191-7a8c-473f-8266-dc08206afba7
142610,"""834""","[""171""]","""25021""","[""1"", ""486"", ""3"", ""4"", ""5"", ""54""]",87ab40b4-4390-4ea7-b06c-2f95c92f36d2
142610,"""834""","[""171""]","""25021""","[""1"", ""486"", ""3"", ""4"", ""5"", ""54""]",95a308f0-23f5-4f7f-9d82-c59c59d21cbc
142610,"""834""","[""171""]","""25021""","[""1"", ""486"", ""3"", ""4"", ""5"", ""54""]",a36dcf8e-9f48-4936-b55e-314a285949cc
142610,"""834""","[""171""]","""25021""","[""1"", ""486"", ""3"", ""4"", ""5"", ""54""]",63d3c97e-9417-441d-b554-e5a996abb380
142610,"""834""","[""171""]","""25021""","[""1"", ""486"", ""3"", ""4"", ""5"", ""54""]",3af6f4aa-8077-49db-8175-86a34f269b91
142610,"""834""","[""171""]","""25021""","[""1"", ""486"", ""3"", ""4"", ""5"", ""54""]",47ce3284-2ac0-4adf-8113-8a32c59e6e86
142610,"""834""","[""171""]","""25021""","[""1"", ""486"", ""3"", ""4"", ""5"", ""54""]",6a23ab18-0715-4882-ad13-69711c1cec9f
142610,"""834""","[""171""]","""25021""","[""1"", ""486"", ""3"", ""4"", ""5"", ""54""]",217753d1-dd1e-48c9-943d-e1045c29d2c0
142610,"""834""","[""171""]","""25021""","[""1"", ""486"", ""3"", ""4"", ""5"", ""54""]",1f7762d1-07ab-41b7-82f1-e4f41ac7895c
142610,"""834""","[""171""]","""25021""","[""1"", ""486"", ""3"", ""4"", ""5"", ""54""]",b86e1ac7-ea87-4a11-bd40-54c4672ee691
142610,"""834""","[""171""]","""25021""","[""1"", ""486"", ""3"", ""4"", ""5"", ""54""]",8ebd5c89-3395-47b2-a731-b16f28409764
142610,"""834""","[""171""]","""25021""","[""1"", ""486"", ""3"", ""4"", ""5"", ""54""]",397af1e0-a914-4bdd-a289-055275c5fbe0
142610,"""834""","[""171""]","""25021""","[""1"", ""486"", ""3"", ""4"", ""5"", ""54""]",8d35a3f0-8683-43a0-8f79-78ce23f85008
142610,"""834""","[""171""]","""25021""","[""1"", ""486"", ""3"", ""4"", ""5"", ""54""]",abb4359d-fee3-4e3a-9fdc-1d089f9e24d1
142610,"""834""","[""171""]","""25021""","[""1"", ""486"", ""3"", ""4"", ""5"", ""54""]",95a308f0-23f5-4f7f-9d82-c59c59d21cbc
142610,"""834""","[""171""]","""25021""","[""1"", ""486"", ""3"", ""4"", ""5"", ""54""]",85086afc-7165-4425-bd55-550749300772
142610,"""834""","[""171""]","""25021""","[""1"", ""486"", ""3"", ""4"", ""5"", ""54""]",46c95f94-f31c-4e01-8437-de6734acea47
142610,"""834""","[""171""]","""25021""","[""1"", ""486"", ""3"", ""4"", ""5"", ""54""]",320e8ba0-d64b-4952-ba9e-704e3952fb27
142610,"""834""","[""171""]","""25021""","[""1"", ""486"", ""3"", ""4"", ""5"", ""54""]",7447ca2f-abb7-4555-bc26-9acdcbe09ab0
142610,"""834""","[""171""]","""25021""","[""1"", ""486"", ""3"", ""4"", ""5"", ""54""]",5e96f500-d4ee-4ec2-99be-859d92be18d0
142610,"""834""","[""171""]","""25021""","[""1"", ""486"", ""3"", ""4"", ""5"", ""54""]",95a308f0-23f5-4f7f-9d82-c59c59d21cbc
142610,"""834""","[""171""]","""25021""","[""1"", ""486"", ""3"", ""4"", ""5"", ""54""]",a8047d6e-7f19-4e3d-845c-e98ebdcd5961
142610,"""834""","[""171""]","""25021""","[""1"", ""486"", ""3"", ""4"", ""5"", ""54""]",95a308f0-23f5-4f7f-9d82-c59c59d21cbc
142610,"""834""","[""171""]","""25021""","[""1"", ""486"", ""3"", ""4"", ""5"", ""54""]",a8047d6e-7f19-4e3d-845c-e98ebdcd5961
142610,"""834""","[""171""]","""25021""","[""1"", ""486"", ""3"", ""4"", ""5"", ""54""]",a4d39eaf-60a7-438c-803a-61cf5296f3c3
142610,"""834""","[""171""]","""25021""","[""1"", ""486"", ""3"", ""4"", ""5"", ""54""]",f5886c7d-d4b0-4f79-9622-0450bb358aa5
142610,"""834""","[""171""]","""25021""","[""1"", ""486"", ""3"", ""4"", ""5"", ""54""]",46c95f94-f31c-4e01-8437-de6734acea47
142610,"""834""","[""171""]","""25021""","[""1"", ""486"", ""3"", ""4"", ""5"", ""54""]",110825b9-4b58-4f04-aace-3a3ff37921fa
142610,"""834""","[""171""]","""25021""","[""1"", ""486"", ""3"", ""4"", ""5"", ""54""]",217753d1-dd1e-48c9-943d-e1045c29d2c0
142610,"""834""","[""171""]","""25021""","[""1"", ""486"", ""3"", ""4"", ""5"", ""54""]",a4d39eaf-60a7-438c-803a-61cf5296f3c3
142610,"""834""","[""171""]","""25021""","[""1"", ""486"", ""3"", ""4"", ""5"", ""54""]",e2ef075e-25b3-4fc4-94c4-a1b786d37473
142610,"""834""","[""171""]","""25021""","[""1"", ""486"", ""3"", ""4"", ""5"", ""54""]",39b72ff5-819c-4d41-b785-5bfba7d381b9
142610,"""834""","[""171""]","""25021""","[""1"", ""486"", ""3"", ""4"", ""5"", ""54""]",d3912728-5a6e-430f-ad63-484aafc9fb8f
142610,"""834""","[""171""]","""25021""","[""1"", ""486"", ""3"", ""4"", ""5"", ""54""]",a8047d6e-7f19-4e3d-845c-e98ebdcd5961
142610,"""834""","[""171""]","""25021""","[""1"", ""486"", ""3"", ""4"", ""5"", ""54""]",f5886c7d-d4b0-4f79-9622-0450bb358aa5
142610,"""834""","[""171""]","""25021""","[""1"", ""486"", ""3"", ""4"", ""5"", ""54""]",6673a355-9943-4305-bccc-14ce44a4b6ee
142610,"""834""","[""171""]","""25021""","[""1"", ""486"", ""3"", ""4"", ""5"", ""54""]",a82638f4-8589-4c52-be53-f16482458251
142610,"""834""","[""171""]","""25021""","[""1"", ""486"", ""3"", ""4"", ""5"", ""54""]",2aead47b-4ddc-47da-905d-4b9af27ac5cc
142610,"""834""","[""171""]","""25021""","[""1"", ""486"", ""3"", ""4"", ""5"", ""54""]",d467eee8-147f-4829-aabb-25956b9e26e3
142610,"""834""","[""171""]","""25021""","[""1"", ""486"", ""3"", ""4"", ""5"", ""54""]",f5886c7d-d4b0-4f79-9622-0450bb358aa5
142610,"""834""","[""171""]","""25021""","[""1"", ""486"", ""3"", ""4"", ""5"", ""54""]",f5886c7d-d4b0-4f79-9622-0450bb358aa5
142610,"""834""","[""171""]","""25021""","[""1"", ""486"", ""3"", ""4"", ""5"", ""54""]",c84f15c0-312d-44d8-980a-a90e8782871b
142610,"""834""","[""171""]","""25021""","[""1"", ""486"", ""3"", ""4"", ""5"", ""54""]",dffc3c48-4781-4f47-a4e3-59d77341e032
142610,"""834""","[""171""]","""25021""","[""1"", ""486"", ""3"", ""4"", ""5"", ""54""]",8f28a80c-b0c7-45d3-88b3-e4326a3f3b93
142610,"""834""","[""171""]","""25021""","[""1"", ""486"", ""3"", ""4"", ""5"", ""54""]",6a23ab18-0715-4882-ad13-69711c1cec9f
142610,"""834""","[""171""]","""25021""","[""1"", ""486"", ""3"", ""4"", ""5"", ""54""]",c84f15c0-312d-44d8-980a-a90e8782871b
142610,"""834""","[""171""]","""25021""","[""1"", ""486"", ""3"", ""4"", ""5"", ""54""]",6a23ab18-0715-4882-ad13-69711c1cec9f
142610,"""834""","[""171""]","""25021""","[""1"", ""486"", ""3"", ""4"", ""5"", ""54""]",320e8ba0-d64b-4952-ba9e-704e3952fb27
142610,"""834""","[""171""]","""25021""","[""1"", ""486"", ""3"", ""4"", ""5"", ""54""]",c48c46b0-4274-4c45-930b-74d2ca414f5d
142610,"""834""","[""171""]","""25021""","[""1"", ""486"", ""3"", ""4"", ""5"", ""54""]",85086afc-7165-4425-bd55-550749300772
142610,"""834""","[""171""]","""25021""","[""1"", ""486"", ""3"", ""4"", ""5"", ""54""]",b0315625-2c93-4450-8d5e-ace69608e690
142610,"""834""","[""171""]","""25021""","[""1"", ""486"", ""3"", ""4"", ""5"", ""54""]",b9081df6-6196-42e4-8267-26071d4ac444
142610,"""834""","[""171""]","""25021""","[""1"", ""486"", ""3"", ""4"", ""5"", ""54""]",881f68dc-0bdf-485f-8daf-fb102f020d92
142610,"""834""","[""171""]","""25021""","[""1"", ""486"", ""3"", ""4"", ""5"", ""54""]",422c28c9-7e6f-4ced-91f8-da2dae4ada0c
142610,"""834""","[""171""]","""25021""","[""1"", ""486"", ""3"", ""4"", ""5"", ""54""]",95a308f0-23f5-4f7f-9d82-c59c59d21cbc
142610,"""834""","[""171""]","""25021""","[""1"", ""486"", ""3"", ""4"", ""5"", ""54""]",219c6310-fafa-4a86-88be-d7e1f27dd93b
142610,"""834""","[""171""]","""25021""","[""1"", ""486"", ""3"", ""4"", ""5"", ""54""]",dd09d4f1-f25a-4951-b477-c836319ec163
142610,"""834""","[""171""]","""25021""","[""1"", ""486"", ""3"", ""4"", ""5"", ""54""]",3accf10c-d3dd-456f-9f39-b5b6e0c354f8
142610,"""834""","[""171""]","""25021""","[""1"", ""486"", ""3"", ""4"", ""5"", ""54""]",320e8ba0-d64b-4952-ba9e-704e3952fb27
142610,"""834""","[""171""]","""25021""","[""1"", ""486"", ""3"", ""4"", ""5"", ""54""]",cb1f209d-e067-4b69-84b5-5def83669a3c
142610,"""834""","[""171""]","""25021""","[""1"", ""486"", ""3"", ""4"", ""5"", ""54""]",baa7747a-e7b8-43c9-957f-2d07ef8edf13
142610,"""834""","[""171""]","""25021""","[""1"", ""486"", ""3"", ""4"", ""5"", ""54""]",2d1970fe-9b00-4b8d-83c8-91a9b0ea97a4
142610,"""834""","[""171""]","""25021""","[""1"", ""486"", ""3"", ""4"", ""5"", ""54""]",87ab40b4-4390-4ea7-b06c-2f95c92f36d2
301658,"""1592""","[""331""]","""25053""","[""4662"", ""3343"", ""195"", ""680"", ""3160"", ""3527"", ""3526"", ""3569"", ""3525"", ""7"", ""3344"", ""1959"", ""75"", ""54""]",d119a992-3498-4514-89bf-3307232f3d80
301658,"""1592""","[""331""]","""25053""","[""4662"", ""3343"", ""195"", ""680"", ""3160"", ""3527"", ""3526"", ""3569"", ""3525"", ""7"", ""3344"", ""1959"", ""75"", ""54""]",5f7eda43-5232-4b5f-991f-e0472df5dbf0
301658,"""1592""","[""331""]","""25053""","[""4662"", ""3343"", ""195"", ""680"", ""3160"", ""3527"", ""3526"", ""3569"", ""3525"", ""7"", ""3344"", ""1959"", ""75"", ""54""]",3ff7b03d-96c6-4364-b906-fcba0198b9f5
301658,"""1592""","[""331""]","""25053""","[""4662"", ""3343"", ""195"", ""680"", ""3160"", ""3527"", ""3526"", ""3569"", ""3525"", ""7"", ""3344"", ""1959"", ""75"", ""54""]",6a4296db-0931-42a0-93a1-774b1c7a5f93
301658,"""1592""","[""331""]","""25053""","[""4662"", ""3343"", ""195"", ""680"", ""3160"", ""3527"", ""3526"", ""3569"", ""3525"", ""7"", ""3344"", ""1959"", ""75"", ""54""]",db985777-6523-40bd-97c9-41aaeca814a0
301658,"""1592""","[""331""]","""25053""","[""4662"", ""3343"", ""195"", ""680"", ""3160"", ""3527"", ""3526"", ""3569"", ""3525"", ""7"", ""3344"", ""1959"", ""75"", ""54""]",dfcf2eb6-f8dc-4ebc-91b8-db0d1025cd51
301658,"""1592""","[""331""]","""25053""","[""4662"", ""3343"", ""195"", ""680"", ""3160"", ""3527"", ""3526"", ""3569"", ""3525"", ""7"", ""3344"", ""1959"", ""75"", ""54""]",d4cfa160-b295-4191-8b3f-9fcb1623611c
301658,"""1592""","[""331""]","""25053""","[""4662"", ""3343"", ""195"", ""680"", ""3160"", ""3527"", ""3526"", ""3569"", ""3525"", ""7"", ""3344"", ""1959"", ""75"", ""54""]",eb9cc40b-45c3-477a-a9a9-4a67278c9252
301658,"""1592""","[""331""]","""25053""","[""4662"", ""3343"", ""195"", ""680"", ""3160"", ""3527"", ""3526"", ""3569"", ""3525"", ""7"", ""3344"", ""1959"", ""75"", ""54""]",50f197ac-d858-44d4-aa3c-d2bbfb3e286b
301658,"""1592""","[""331""]","""25053""","[""4662"", ""3343"", ""195"", ""680"", ""3160"", ""3527"", ""3526"", ""3569"", ""3525"", ""7"", ""3344"", ""1959"", ""75"", ""54""]",5be9c692-3bea-429d-b0a8-d2f16d97912f
301658,"""1592""","[""331""]","""25053""","[""4662"", ""3343"", ""195"", ""680"", ""3160"", ""3527"", ""3526"", ""3569"", ""3525"", ""7"", ""3344"", ""1959"", ""75"", ""54""]",72099228-1fb5-4fbf-ac30-4dd906b26186
301658,"""1592""","[""331""]","""25053""","[""4662"", ""3343"", ""195"", ""680"", ""3160"", ""3527"", ""3526"", ""3569"", ""3525"", ""7"", ""3344"", ""1959"", ""75"", ""54""]",50f197ac-d858-44d4-aa3c-d2bbfb3e286b
301658,"""1592""","[""331""]","""25053""","[""4662"", ""3343"", ""195"", ""680"", ""3160"", ""3527"", ""3526"", ""3569"", ""3525"", ""7"", ""3344"", ""1959"", ""75"", ""54""]",9607bbce-243b-4fa3-9342-ab11853f59fb
301658,"""1592""","[""331""]","""25053""","[""4662"", ""3343"", ""195"", ""680"", ""3160"", ""3527"", ""3526"", ""3569"", ""3525"", ""7"", ""3344"", ""1959"", ""75"", ""54""]",65fdba54-bfec-4453-aa26-41a34093e161
301658,"""1592""","[""331""]","""25053""","[""4662"", ""3343"", ""195"", ""680"", ""3160"", ""3527"", ""3526"", ""3569"", ""3525"", ""7"", ""3344"", ""1959"", ""75"", ""54""]",b75647be-f3da-40eb-997b-49cfa3667e40
301658,"""1592""","[""331""]","""25053""","[""4662"", ""3343"", ""195"", ""680"", ""3160"", ""3527"", ""3526"", ""3569"", ""3525"", ""7"", ""3344"", ""1959"", ""75"", ""54""]",d119a992-3498-4514-89bf-3307232f3d80
301658,"""1592""","[""331""]","""25053""","[""4662"", ""3343"", ""195"", ""680"", ""3160"", ""3527"", ""3526"", ""3569"", ""3525"", ""7"", ""3344"", ""1959"", ""75"", ""54""]",13f7450f-ab2c-4cc3-884b-c41445fde815
301658,"""1592""","[""331""]","""25053""","[""4662"", ""3343"", ""195"", ""680"", ""3160"", ""3527"", ""3526"", ""3569"", ""3525"", ""7"", ""3344"", ""1959"", ""75"", ""54""]",a150e79a-98be-43d7-ad38-9c2ede6f5026
301658,"""1592""","[""331""]","""25053""","[""4662"", ""3343"", ""195"", ""680"", ""3160"", ""3527"", ""3526"", ""3569"", ""3525"", ""7"", ""3344"", ""1959"", ""75"", ""54""]",c16314f6-89d6-431c-baca-3c0da68815d5
301658,"""1592""","[""331""]","""25053""","[""4662"", ""3343"", ""195"", ""680"", ""3160"", ""3527"", ""3526"", ""3569"", ""3525"", ""7"", ""3344"", ""1959"", ""75"", ""54""]",a815c238-afdf-450b-9c9d-22ddf989175d
301658,"""1592""","[""331""]","""25053""","[""4662"", ""3343"", ""195"", ""680"", ""3160"", ""3527"", ""3526"", ""3569"", ""3525"", ""7"", ""3344"", ""1959"", ""75"", ""54""]",c16314f6-89d6-431c-baca-3c0da68815d5
301658,"""1592""","[""331""]","""25053""","[""4662"", ""3343"", ""195"", ""680"", ""3160"", ""3527"", ""3526"", ""3569"", ""3525"", ""7"", ""3344"", ""1959"", ""75"", ""54""]",70254e14-2608-405d-9f87-cb92f8a3dcfe
301658,"""1592""","[""331""]","""25053""","[""4662"", ""3343"", ""195"", ""680"", ""3160"", ""3527"", ""3526"", ""3569"", ""3525"", ""7"", ""3344"", ""1959"", ""75"", ""54""]",1baf83c0-58c7-4afb-96be-ebabf970b664
301658,"""1592""","[""331""]","""25053""","[""4662"", ""3343"", ""195"", ""680"", ""3160"", ""3527"", ""3526"", ""3569"", ""3525"", ""7"", ""3344"", ""1959"", ""75"", ""54""]",8c42352c-d0fa-47bc-a04e-4b73f58ae0ec
301658,"""1592""","[""331""]","""25053""","[""4662"", ""3343"", ""195"", ""680"", ""3160"", ""3527"", ""3526"", ""3569"", ""3525"", ""7"", ""3344"", ""1959"", ""75"", ""54""]",36742b0b-5547-46a6-88d4-95a8cf4bb214
301658,"""1592""","[""331""]","""25053""","[""4662"", ""3343"", ""195"", ""680"", ""3160"", ""3527"", ""3526"", ""3569"", ""3525"", ""7"", ""3344"", ""1959"", ""75"", ""54""]",47780a2c-30ca-4e76-a95b-5dfbb06d10b6
301658,"""1592""","[""331""]","""25053""","[""4662"", ""3343"", ""195"", ""680"", ""3160"", ""3527"", ""3526"", ""3569"", ""3525"", ""7"", ""3344"", ""1959"", ""75"", ""54""]",3ff7b03d-96c6-4364-b906-fcba0198b9f5
301658,"""1592""","[""331""]","""25053""","[""4662"", ""3343"", ""195"", ""680"", ""3160"", ""3527"", ""3526"", ""3569"", ""3525"", ""7"", ""3344"", ""1959"", ""75"", ""54""]",087cec1e-73aa-4505-bc74-29d5bd1f16b0
301658,"""1592""","[""331""]","""25053""","[""4662"", ""3343"", ""195"", ""680"", ""3160"", ""3527"", ""3526"", ""3569"", ""3525"", ""7"", ""3344"", ""1959"", ""75"", ""54""]",2115f2e6-23d5-4f9a-9536-94e97a692ef8
301658,"""1592""","[""331""]","""25053""","[""4662"", ""3343"", ""195"", ""680"", ""3160"", ""3527"", ""3526"", ""3569"", ""3525"", ""7"", ""3344"", ""1959"", ""75"", ""54""]",db985777-6523-40bd-97c9-41aaeca814a0
301658,"""1592""","[""331""]","""25053""","[""4662"", ""3343"", ""195"", ""680"", ""3160"", ""3527"", ""3526"", ""3569"", ""3525"", ""7"", ""3344"", ""1959"", ""75"", ""54""]",54c59436-f125-4ee4-a4c0-e0995e4d6367
301658,"""1592""","[""331""]","""25053""","[""4662"", ""3343"", ""195"", ""680"", ""3160"", ""3527"", ""3526"", ""3569"", ""3525"", ""7"", ""3344"", ""1959"", ""75"", ""54""]",051e2d71-ecc6-43fa-b5d8-abbb2d9fc26f
301658,"""1592""","[""331""]","""25053""","[""4662"", ""3343"", ""195"", ""680"", ""3160"", ""3527"", ""3526"", ""3569"", ""3525"", ""7"", ""3344"", ""1959"", ""75"", ""54""]",080292f9-8170-47f6-9b0f-2e8406a2b118
301658,"""1592""","[""331""]","""25053""","[""4662"", ""3343"", ""195"", ""680"", ""3160"", ""3527"", ""3526"", ""3569"", ""3525"", ""7"", ""3344"", ""1959"", ""75"", ""54""]",08a06d75-b4c4-474f-835c-92f67a503b03
301658,"""1592""","[""331""]","""25053""","[""4662"", ""3343"", ""195"", ""680"", ""3160"", ""3527"", ""3526"", ""3569"", ""3525"", ""7"", ""3344"", ""1959"", ""75"", ""54""]",18632f9c-da9c-4c33-96db-7b2ed2cebfd9
301658,"""1592""","[""331""]","""25053""","[""4662"", ""3343"", ""195"", ""680"", ""3160"", ""3527"", ""3526"", ""3569"", ""3525"", ""7"", ""3344"", ""1959"", ""75"", ""54""]",1ad207c8-90ce-4333-9be8-6caacaa058c1
301658,"""1592""","[""331""]","""25053""","[""4662"", ""3343"", ""195"", ""680"", ""3160"", ""3527"", ""3526"", ""3569"", ""3525"", ""7"", ""3344"", ""1959"", ""75"", ""54""]",554421e6-35be-4cf4-962c-f69fab5731bb
301658,"""1592""","[""331""]","""25053""","[""4662"", ""3343"", ""195"", ""680"", ""3160"", ""3527"", ""3526"", ""3569"", ""3525"", ""7"", ""3344"", ""1959"", ""75"", ""54""]",c16314f6-89d6-431c-baca-3c0da68815d5
301658,"""1592""","[""331""]","""25053""","[""4662"", ""3343"", ""195"", ""680"", ""3160"", ""3527"", ""3526"", ""3569"", ""3525"", ""7"", ""3344"", ""1959"", ""75"", ""54""]",e026c0b9-034c-475a-bba5-cd3290eef9ee
301658,"""1592""","[""331""]","""25053""","[""4662"", ""3343"", ""195"", ""680"", ""3160"", ""3527"", ""3526"", ""3569"", ""3525"", ""7"", ""3344"", ""1959"", ""75"", ""54""]",07861c15-f8b8-4ca3-bc2b-87aeb365d094
301658,"""1592""","[""331""]","""25053""","[""4662"", ""3343"", ""195"", ""680"", ""3160"", ""3527"", ""3526"", ""3569"", ""3525"", ""7"", ""3344"", ""1959"", ""75"", ""54""]",a4fb0076-0e87-4e2c-82f1-9a8196b22102
301658,"""1592""","[""331""]","""25053""","[""4662"", ""3343"", ""195"", ""680"", ""3160"", ""3527"", ""3526"", ""3569"", ""3525"", ""7"", ""3344"", ""1959"", ""75"", ""54""]",7f4bf5cc-bc17-4f18-be48-f13a72c7c71d
301658,"""1592""","[""331""]","""25053""","[""4662"", ""3343"", ""195"", ""680"", ""3160"", ""3527"", ""3526"", ""3569"", ""3525"", ""7"", ""3344"", ""1959"", ""75"", ""54""]",f0247f9b-fcb3-4871-978a-9b5a28471b08
301658,"""1592""","[""331""]","""25053""","[""4662"", ""3343"", ""195"", ""680"", ""3160"", ""3527"", ""3526"", ""3569"", ""3525"", ""7"", ""3344"", ""1959"", ""75"", ""54""]",8fdb7282-9544-4c73-b3a0-2797c76142ee
301658,"""1592""","[""331""]","""25053""","[""4662"", ""3343"", ""195"", ""680"", ""3160"", ""3527"", ""3526"", ""3569"", ""3525"", ""7"", ""3344"", ""1959"", ""75"", ""54""]",0abf7b87-8400-4a7a-9ed6-a12e1a46e92b
301658,"""1592""","[""331""]","""25053""","[""4662"", ""3343"", ""195"", ""680"", ""3160"", ""3527"", ""3526"", ""3569"", ""3525"", ""7"", ""3344"", ""1959"", ""75"", ""54""]",67c65867-131b-4406-b667-b78e74c2af93
301658,"""1592""","[""331""]","""25053""","[""4662"", ""3343"", ""195"", ""680"", ""3160"", ""3527"", ""3526"", ""3569"", ""3525"", ""7"", ""3344"", ""1959"", ""75"", ""54""]",eed424b1-44c9-4ab7-a026-367583f74513
301658,"""1592""","[""331""]","""25053""","[""4662"", ""3343"", ""195"", ""680"", ""3160"", ""3527"", ""3526"", ""3569"", ""3525"", ""7"", ""3344"", ""1959"", ""75"", ""54""]",5844d1ab-e149-46cb-b958-f8650b154971
301658,"""1592""","[""331""]","""25053""","[""4662"", ""3343"", ""195"", ""680"", ""3160"", ""3527"", ""3526"", ""3569"", ""3525"", ""7"", ""3344"", ""1959"", ""75"", ""54""]",9a509107-906b-4160-89a8-44bde0958878
301658,"""1592""","[""331""]","""25053""","[""4662"", ""3343"", ""195"", ""680"", ""3160"", ""3527"", ""3526"", ""3569"", ""3525"", ""7"", ""3344"", ""1959"", ""75"", ""54""]",616b7e75-4f21-4f52-a764-3839ad72b557
301658,"""1592""","[""331""]","""25053""","[""4662"", ""3343"", ""195"", ""680"", ""3160"", ""3527"", ""3526"", ""3569"", ""3525"", ""7"", ""3344"", ""1959"", ""75"", ""54""]",9c8638a9-f56b-43c6-aa23-3ce2b2d42797
301658,"""1592""","[""331""]","""25053""","[""4662"", ""3343"", ""195"", ""680"", ""3160"", ""3527"", ""3526"", ""3569"", ""3525"", ""7"", ""3344"", ""1959"", ""75"", ""54""]",06d0e3c6-7dfa-4460-bec9-c0d0e6f29956
301658,"""1592""","[""331""]","""25053""","[""4662"", ""3343"", ""195"", ""680"", ""3160"", ""3527"", ""3526"", ""3569"", ""3525"", ""7"", ""3344"", ""1959"", ""75"", ""54""]",7d69dd64-0d80-4d9e-ac64-6bb505585762
301658,"""1592""","[""331""]","""25053""","[""4662"", ""3343"", ""195"", ""680"", ""3160"", ""3527"", ""3526"", ""3569"", ""3525"", ""7"", ""3344"", ""1959"", ""75"", ""54""]",50f197ac-d858-44d4-aa3c-d2bbfb3e286b
308281,"""1592""","[""331""]","""25053""","[""56"", ""4681"", ""39"", ""4662"", ""3343"", ""3160"", ""682"", ""5618"", ""2503"", ""6"", ""12685"", ""13840"", ""529"", ""6407"", ""12115"", ""53"", ""11832"", ""54""]",674258a7-4b6e-4608-8fc9-a879e8268987
308281,"""1592""","[""331""]","""25053""","[""56"", ""4681"", ""39"", ""4662"", ""3343"", ""3160"", ""682"", ""5618"", ""2503"", ""6"", ""12685"", ""13840"", ""529"", ""6407"", ""12115"", ""53"", ""11832"", ""54""]",e24cf36d-34bf-42d1-8ecf-d96898a41c35
308281,"""1592""","[""331""]","""25053""","[""56"", ""4681"", ""39"", ""4662"", ""3343"", ""3160"", ""682"", ""5618"", ""2503"", ""6"", ""12685"", ""13840"", ""529"", ""6407"", ""12115"", ""53"", ""11832"", ""54""]",378880e6-74fa-455b-8059-4dff231ce09d
308281,"""1592""","[""331""]","""25053""","[""56"", ""4681"", ""39"", ""4662"", ""3343"", ""3160"", ""682"", ""5618"", ""2503"", ""6"", ""12685"", ""13840"", ""529"", ""6407"", ""12115"", ""53"", ""11832"", ""54""]",2cc4be75-15f9-4aa6-8ae8-2ed94730e5be
308281,"""1592""","[""331""]","""25053""","[""56"", ""4681"", ""39"", ""4662"", ""3343"", ""3160"", ""682"", ""5618"", ""2503"", ""6"", ""12685"", ""13840"", ""529"", ""6407"", ""12115"", ""53"", ""11832"", ""54""]",06b6b0bd-5e8d-4033-a4d3-c9c6efc7a8a9
308281,"""1592""","[""331""]","""25053""","[""56"", ""4681"", ""39"", ""4662"", ""3343"", ""3160"", ""682"", ""5618"", ""2503"", ""6"", ""12685"", ""13840"", ""529"", ""6407"", ""12115"", ""53"", ""11832"", ""54""]",fca855cd-d1f9-4893-ac2d-73b1a1d67d6c
308281,"""1592""","[""331""]","""25053""","[""56"", ""4681"", ""39"", ""4662"", ""3343"", ""3160"", ""682"", ""5618"", ""2503"", ""6"", ""12685"", ""13840"", ""529"", ""6407"", ""12115"", ""53"", ""11832"", ""54""]",2cc4be75-15f9-4aa6-8ae8-2ed94730e5be
308281,"""1592""","[""331""]","""25053""","[""56"", ""4681"", ""39"", ""4662"", ""3343"", ""3160"", ""682"", ""5618"", ""2503"", ""6"", ""12685"", ""13840"", ""529"", ""6407"", ""12115"", ""53"", ""11832"", ""54""]",fe87df19-2f29-4002-a231-bbf6a93873b9
308281,"""1592""","[""331""]","""25053""","[""56"", ""4681"", ""39"", ""4662"", ""3343"", ""3160"", ""682"", ""5618"", ""2503"", ""6"", ""12685"", ""13840"", ""529"", ""6407"", ""12115"", ""53"", ""11832"", ""54""]",4bd05783-676f-42ca-8e4a-2e414d8a1579
308281,"""1592""","[""331""]","""25053""","[""56"", ""4681"", ""39"", ""4662"", ""3343"", ""3160"", ""682"", ""5618"", ""2503"", ""6"", ""12685"", ""13840"", ""529"", ""6407"", ""12115"", ""53"", ""11832"", ""54""]",68f40b91-bce0-44a1-a498-c4d774722a57
308281,"""1592""","[""331""]","""25053""","[""56"", ""4681"", ""39"", ""4662"", ""3343"", ""3160"", ""682"", ""5618"", ""2503"", ""6"", ""12685"", ""13840"", ""529"", ""6407"", ""12115"", ""53"", ""11832"", ""54""]",1082ea05-bd7d-434a-865a-e8e9802be00a
308281,"""1592""","[""331""]","""25053""","[""56"", ""4681"", ""39"", ""4662"", ""3343"", ""3160"", ""682"", ""5618"", ""2503"", ""6"", ""12685"", ""13840"", ""529"", ""6407"", ""12115"", ""53"", ""11832"", ""54""]",3ff7b03d-96c6-4364-b906-fcba0198b9f5
308281,"""1592""","[""331""]","""25053""","[""56"", ""4681"", ""39"", ""4662"", ""3343"", ""3160"", ""682"", ""5618"", ""2503"", ""6"", ""12685"", ""13840"", ""529"", ""6407"", ""12115"", ""53"", ""11832"", ""54""]",4a73a3f2-a874-45c1-a887-3fb2ca652a0c
308281,"""1592""","[""331""]","""25053""","[""56"", ""4681"", ""39"", ""4662"", ""3343"", ""3160"", ""682"", ""5618"", ""2503"", ""6"", ""12685"", ""13840"", ""529"", ""6407"", ""12115"", ""53"", ""11832"", ""54""]",2cb458f2-5e58-4424-bad0-08970e436ef4
308281,"""1592""","[""331""]","""25053""","[""56"", ""4681"", ""39"", ""4662"", ""3343"", ""3160"", ""682"", ""5618"", ""2503"", ""6"", ""12685"", ""13840"", ""529"", ""6407"", ""12115"", ""53"", ""11832"", ""54""]",c89545eb-55a0-4b5a-b9f6-18c48ad13d49
308281,"""1592""","[""331""]","""25053""","[""56"", ""4681"", ""39"", ""4662"", ""3343"", ""3160"", ""682"", ""5618"", ""2503"", ""6"", ""12685"", ""13840"", ""529"", ""6407"", ""12115"", ""53"", ""11832"", ""54""]",fe87df19-2f29-4002-a231-bbf6a93873b9
308281,"""1592""","[""331""]","""25053""","[""56"", ""4681"", ""39"", ""4662"", ""3343"", ""3160"", ""682"", ""5618"", ""2503"", ""6"", ""12685"", ""13840"", ""529"", ""6407"", ""12115"", ""53"", ""11832"", ""54""]",a6e5b9ac-dc95-4009-b553-142a6480d721
308281,"""1592""","[""331""]","""25053""","[""56"", ""4681"", ""39"", ""4662"", ""3343"", ""3160"", ""682"", ""5618"", ""2503"", ""6"", ""12685"", ""13840"", ""529"", ""6407"", ""12115"", ""53"", ""11832"", ""54""]",ef482c39-7ac4-462b-b664-00b3bc82a70e
308281,"""1592""","[""331""]","""25053""","[""56"", ""4681"", ""39"", ""4662"", ""3343"", ""3160"", ""682"", ""5618"", ""2503"", ""6"", ""12685"", ""13840"", ""529"", ""6407"", ""12115"", ""53"", ""11832"", ""54""]",04ce51cc-78b6-48ea-8568-3066a502a342
308281,"""1592""","[""331""]","""25053""","[""56"", ""4681"", ""39"", ""4662"", ""3343"", ""3160"", ""682"", ""5618"", ""2503"", ""6"", ""12685"", ""13840"", ""529"", ""6407"", ""12115"", ""53"", ""11832"", ""54""]",21ebda25-8532-4921-a9c9-20aaf6052742
308281,"""1592""","[""331""]","""25053""","[""56"", ""4681"", ""39"", ""4662"", ""3343"", ""3160"", ""682"", ""5618"", ""2503"", ""6"", ""12685"", ""13840"", ""529"", ""6407"", ""12115"", ""53"", ""11832"", ""54""]",ccb1ba46-6339-4b02-8d02-0e9847807c71
308281,"""1592""","[""331""]","""25053""","[""56"", ""4681"", ""39"", ""4662"", ""3343"", ""3160"", ""682"", ""5618"", ""2503"", ""6"", ""12685"", ""13840"", ""529"", ""6407"", ""12115"", ""53"", ""11832"", ""54""]",2cc4be75-15f9-4aa6-8ae8-2ed94730e5be
308281,"""1592""","[""331""]","""25053""","[""56"", ""4681"", ""39"", ""4662"", ""3343"", ""3160"", ""682"", ""5618"", ""2503"", ""6"", ""12685"", ""13840"", ""529"", ""6407"", ""12115"", ""53"", ""11832"", ""54""]",2cc4be75-15f9-4aa6-8ae8-2ed94730e5be
308281,"""1592""","[""331""]","""25053""","[""56"", ""4681"", ""39"", ""4662"", ""3343"", ""3160"", ""682"", ""5618"", ""2503"", ""6"", ""12685"", ""13840"", ""529"", ""6407"", ""12115"", ""53"", ""11832"", ""54""]",04160bda-2fff-421d-9afd-3210c42770c8
308281,"""1592""","[""331""]","""25053""","[""56"", ""4681"", ""39"", ""4662"", ""3343"", ""3160"", ""682"", ""5618"", ""2503"", ""6"", ""12685"", ""13840"", ""529"", ""6407"", ""12115"", ""53"", ""11832"", ""54""]",2fc554a6-4905-428b-ab2a-a542b33f4c74
308281,"""1592""","[""331""]","""25053""","[""56"", ""4681"", ""39"", ""4662"", ""3343"", ""3160"", ""682"", ""5618"", ""2503"", ""6"", ""12685"", ""13840"", ""529"", ""6407"", ""12115"", ""53"", ""11832"", ""54""]",3ff7b03d-96c6-4364-b906-fcba0198b9f5
308281,"""1592""","[""331""]","""25053""","[""56"", ""4681"", ""39"", ""4662"", ""3343"", ""3160"", ""682"", ""5618"", ""2503"", ""6"", ""12685"", ""13840"", ""529"", ""6407"", ""12115"", ""53"", ""11832"", ""54""]",df0a7a07-d1db-41f2-af42-ef1049e16055
308281,"""1592""","[""331""]","""25053""","[""56"", ""4681"", ""39"", ""4662"", ""3343"", ""3160"", ""682"", ""5618"", ""2503"", ""6"", ""12685"", ""13840"", ""529"", ""6407"", ""12115"", ""53"", ""11832"", ""54""]",871405ac-1681-4fe3-ad84-3dbd306c2693
308281,"""1592""","[""331""]","""25053""","[""56"", ""4681"", ""39"", ""4662"", ""3343"", ""3160"", ""682"", ""5618"", ""2503"", ""6"", ""12685"", ""13840"", ""529"", ""6407"", ""12115"", ""53"", ""11832"", ""54""]",42a776c6-c163-4020-a26e-0a3c8b851877
308281,"""1592""","[""331""]","""25053""","[""56"", ""4681"", ""39"", ""4662"", ""3343"", ""3160"", ""682"", ""5618"", ""2503"", ""6"", ""12685"", ""13840"", ""529"", ""6407"", ""12115"", ""53"", ""11832"", ""54""]",4bd05783-676f-42ca-8e4a-2e414d8a1579
308281,"""1592""","[""331""]","""25053""","[""56"", ""4681"", ""39"", ""4662"", ""3343"", ""3160"", ""682"", ""5618"", ""2503"", ""6"", ""12685"", ""13840"", ""529"", ""6407"", ""12115"", ""53"", ""11832"", ""54""]",a9cb2c55-9caf-48ac-a62f-4a26bff3871e
308281,"""1592""","[""331""]","""25053""","[""56"", ""4681"", ""39"", ""4662"", ""3343"", ""3160"", ""682"", ""5618"", ""2503"", ""6"", ""12685"", ""13840"", ""529"", ""6407"", ""12115"", ""53"", ""11832"", ""54""]",ccf714f6-554d-487a-a1b9-0d6f8c3586c9
308281,"""1592""","[""331""]","""25053""","[""56"", ""4681"", ""39"", ""4662"", ""3343"", ""3160"", ""682"", ""5618"", ""2503"", ""6"", ""12685"", ""13840"", ""529"", ""6407"", ""12115"", ""53"", ""11832"", ""54""]",4bd05783-676f-42ca-8e4a-2e414d8a1579
308281,"""1592""","[""331""]","""25053""","[""56"", ""4681"", ""39"", ""4662"", ""3343"", ""3160"", ""682"", ""5618"", ""2503"", ""6"", ""12685"", ""13840"", ""529"", ""6407"", ""12115"", ""53"", ""11832"", ""54""]",3d998dcd-2226-4b04-9c97-b39f7b6fe997
308281,"""1592""","[""331""]","""25053""","[""56"", ""4681"", ""39"", ""4662"", ""3343"", ""3160"", ""682"", ""5618"", ""2503"", ""6"", ""12685"", ""13840"", ""529"", ""6407"", ""12115"", ""53"", ""11832"", ""54""]",26b877a9-ff97-4a4c-b176-21f891a44f7b
308281,"""1592""","[""331""]","""25053""","[""56"", ""4681"", ""39"", ""4662"", ""3343"", ""3160"", ""682"", ""5618"", ""2503"", ""6"", ""12685"", ""13840"", ""529"", ""6407"", ""12115"", ""53"", ""11832"", ""54""]",ce673b3b-4c79-4477-8d39-62cc4b0fff02
308281,"""1592""","[""331""]","""25053""","[""56"", ""4681"", ""39"", ""4662"", ""3343"", ""3160"", ""682"", ""5618"", ""2503"", ""6"", ""12685"", ""13840"", ""529"", ""6407"", ""12115"", ""53"", ""11832"", ""54""]",378880e6-74fa-455b-8059-4dff231ce09d
308281,"""1592""","[""331""]","""25053""","[""56"", ""4681"", ""39"", ""4662"", ""3343"", ""3160"", ""682"", ""5618"", ""2503"", ""6"", ""12685"", ""13840"", ""529"", ""6407"", ""12115"", ""53"", ""11832"", ""54""]",affc346d-bc56-4228-8c65-9a86f0ecc1f6
308281,"""1592""","[""331""]","""25053""","[""56"", ""4681"", ""39"", ""4662"", ""3343"", ""3160"", ""682"", ""5618"", ""2503"", ""6"", ""12685"", ""13840"", ""529"", ""6407"", ""12115"", ""53"", ""11832"", ""54""]",a5dd44db-0187-407b-aa4a-866383961e1e
308281,"""1592""","[""331""]","""25053""","[""56"", ""4681"", ""39"", ""4662"", ""3343"", ""3160"", ""682"", ""5618"", ""2503"", ""6"", ""12685"", ""13840"", ""529"", ""6407"", ""12115"", ""53"", ""11832"", ""54""]",9aa883e1-f6b8-4d18-b8b4-8e2079dedf5c
308281,"""1592""","[""331""]","""25053""","[""56"", ""4681"", ""39"", ""4662"", ""3343"", ""3160"", ""682"", ""5618"", ""2503"", ""6"", ""12685"", ""13840"", ""529"", ""6407"", ""12115"", ""53"", ""11832"", ""54""]",a6ceed79-d330-4811-aaaf-b5aadcf3e678
308281,"""1592""","[""331""]","""25053""","[""56"", ""4681"", ""39"", ""4662"", ""3343"", ""3160"", ""682"", ""5618"", ""2503"", ""6"", ""12685"", ""13840"", ""529"", ""6407"", ""12115"", ""53"", ""11832"", ""54""]",9fe8b571-0b20-4f5a-bc96-5a72e76aab7c
308281,"""1592""","[""331""]","""25053""","[""56"", ""4681"", ""39"", ""4662"", ""3343"", ""3160"", ""682"", ""5618"", ""2503"", ""6"", ""12685"", ""13840"", ""529"", ""6407"", ""12115"", ""53"", ""11832"", ""54""]",5c0c9323-afce-47fb-a356-dbcc20e7067b
308281,"""1592""","[""331""]","""25053""","[""56"", ""4681"", ""39"", ""4662"", ""3343"", ""3160"", ""682"", ""5618"", ""2503"", ""6"", ""12685"", ""13840"", ""529"", ""6407"", ""12115"", ""53"", ""11832"", ""54""]",bce6271b-c8fd-4c09-b64f-ea059b7c0fcb
308281,"""1592""","[""331""]","""25053""","[""56"", ""4681"", ""39"", ""4662"", ""3343"", ""3160"", ""682"", ""5618"", ""2503"", ""6"", ""12685"", ""13840"", ""529"", ""6407"", ""12115"", ""53"", ""11832"", ""54""]",fe87df19-2f29-4002-a231-bbf6a93873b9
308281,"""1592""","[""331""]","""25053""","[""56"", ""4681"", ""39"", ""4662"", ""3343"", ""3160"", ""682"", ""5618"", ""2503"", ""6"", ""12685"", ""13840"", ""529"", ""6407"", ""12115"", ""53"", ""11832"", ""54""]",82898593-eea5-4032-8506-352a63bef889
308281,"""1592""","[""331""]","""25053""","[""56"", ""4681"", ""39"", ""4662"", ""3343"", ""3160"", ""682"", ""5618"", ""2503"", ""6"", ""12685"", ""13840"", ""529"", ""6407"", ""12115"", ""53"", ""11832"", ""54""]",3d6f2904-b38b-4d41-a4ac-445a5dc50f73
308281,"""1592""","[""331""]","""25053""","[""56"", ""4681"", ""39"", ""4662"", ""3343"", ""3160"", ""682"", ""5618"", ""2503"", ""6"", ""12685"", ""13840"", ""529"", ""6407"", ""12115"", ""53"", ""11832"", ""54""]",378880e6-74fa-455b-8059-4dff231ce09d
308281,"""1592""","[""331""]","""25053""","[""56"", ""4681"", ""39"", ""4662"", ""3343"", ""3160"", ""682"", ""5618"", ""2503"", ""6"", ""12685"", ""13840"", ""529"", ""6407"", ""12115"", ""53"", ""11832"", ""54""]",bab43743-e03b-4d19-bea6-d0bf08f56fea
308281,"""1592""","[""331""]","""25053""","[""56"", ""4681"", ""39"", ""4662"", ""3343"", ""3160"", ""682"", ""5618"", ""2503"", ""6"", ""12685"", ""13840"", ""529"", ""6407"", ""12115"", ""53"", ""11832"", ""54""]",82898593-eea5-4032-8506-352a63bef889
308281,"""1592""","[""331""]","""25053""","[""56"", ""4681"", ""39"", ""4662"", ""3343"", ""3160"", ""682"", ""5618"", ""2503"", ""6"", ""12685"", ""13840"", ""529"", ""6407"", ""12115"", ""53"", ""11832"", ""54""]",5138a347-6944-44e6-8502-74af149202c4
308281,"""1592""","[""331""]","""25053""","[""56"", ""4681"", ""39"", ""4662"", ""3343"", ""3160"", ""682"", ""5618"", ""2503"", ""6"", ""12685"", ""13840"", ""529"", ""6407"", ""12115"", ""53"", ""11832"", ""54""]",871405ac-1681-4fe3-ad84-3dbd306c2693
308281,"""1592""","[""331""]","""25053""","[""56"", ""4681"", ""39"", ""4662"", ""3343"", ""3160"", ""682"", ""5618"", ""2503"", ""6"", ""12685"", ""13840"", ""529"", ""6407"", ""12115"", ""53"", ""11832"", ""54""]",1092e19b-950f-4515-99ef-378177a20e20
308281,"""1592""","[""331""]","""25053""","[""56"", ""4681"", ""39"", ""4662"", ""3343"", ""3160"", ""682"", ""5618"", ""2503"", ""6"", ""12685"", ""13840"", ""529"", ""6407"", ""12115"", ""53"", ""11832"", ""54""]",55fd1388-e089-44aa-8c3b-b7b13c5d0863
308281,"""1592""","[""331""]","""25053""","[""56"", ""4681"", ""39"", ""4662"", ""3343"", ""3160"", ""682"", ""5618"", ""2503"", ""6"", ""12685"", ""13840"", ""529"", ""6407"", ""12115"", ""53"", ""11832"", ""54""]",d16fd091-de17-4dd5-9110-4178e65bbee7
308281,"""1592""","[""331""]","""25053""","[""56"", ""4681"", ""39"", ""4662"", ""3343"", ""3160"", ""682"", ""5618"", ""2503"", ""6"", ""12685"", ""13840"", ""529"", ""6407"", ""12115"", ""53"", ""11832"", ""54""]",368971eb-fc56-4318-ad0e-b62f3a5123c1
308281,"""1592""","[""331""]","""25053""","[""56"", ""4681"", ""39"", ""4662"", ""3343"", ""3160"", ""682"", ""5618"", ""2503"", ""6"", ""12685"", ""13840"", ""529"", ""6407"", ""12115"", ""53"", ""11832"", ""54""]",087cec1e-73aa-4505-bc74-29d5bd1f16b0
308281,"""1592""","[""331""]","""25053""","[""56"", ""4681"", ""39"", ""4662"", ""3343"", ""3160"", ""682"", ""5618"", ""2503"", ""6"", ""12685"", ""13840"", ""529"", ""6407"", ""12115"", ""53"", ""11832"", ""54""]",5d3006c3-8d2b-482a-b667-77208262b6e0
308281,"""1592""","[""331""]","""25053""","[""56"", ""4681"", ""39"", ""4662"", ""3343"", ""3160"", ""682"", ""5618"", ""2503"", ""6"", ""12685"", ""13840"", ""529"", ""6407"", ""12115"", ""53"", ""11832"", ""54""]",3ea98d0c-fed0-4773-aa96-11ebd90fcc4e
308281,"""1592""","[""331""]","""25053""","[""56"", ""4681"", ""39"", ""4662"", ""3343"", ""3160"", ""682"", ""5618"", ""2503"", ""6"", ""12685"", ""13840"", ""529"", ""6407"", ""12115"", ""53"", ""11832"", ""54""]",d30d249b-8b02-4605-9a15-f65037cbc58e
308281,"""1592""","[""331""]","""25053""","[""56"", ""4681"", ""39"", ""4662"", ""3343"", ""3160"", ""682"", ""5618"", ""2503"", ""6"", ""12685"", ""13840"", ""529"", ""6407"", ""12115"", ""53"", ""11832"", ""54""]",c4f77d13-2ac0-4c59-9fc7-0bc742aa3b53
308281,"""1592""","[""331""]","""25053""","[""56"", ""4681"", ""39"", ""4662"", ""3343"", ""3160"", ""682"", ""5618"", ""2503"", ""6"", ""12685"", ""13840"", ""529"", ""6407"", ""12115"", ""53"", ""11832"", ""54""]",4905162c-01e6-48d9-b120-0cf71d158e4a
308281,"""1592""","[""331""]","""25053""","[""56"", ""4681"", ""39"", ""4662"", ""3343"", ""3160"", ""682"", ""5618"", ""2503"", ""6"", ""12685"", ""13840"", ""529"", ""6407"", ""12115"", ""53"", ""11832"", ""54""]",2cc4be75-15f9-4aa6-8ae8-2ed94730e5be
308281,"""1592""","[""331""]","""25053""","[""56"", ""4681"", ""39"", ""4662"", ""3343"", ""3160"", ""682"", ""5618"", ""2503"", ""6"", ""12685"", ""13840"", ""529"", ""6407"", ""12115"", ""53"", ""11832"", ""54""]",cf592451-b636-44fd-b8af-232ce45b16c8
308281,"""1592""","[""331""]","""25053""","[""56"", ""4681"", ""39"", ""4662"", ""3343"", ""3160"", ""682"", ""5618"", ""2503"", ""6"", ""12685"", ""13840"", ""529"", ""6407"", ""12115"", ""53"", ""11832"", ""54""]",378880e6-74fa-455b-8059-4dff231ce09d
308281,"""1592""","[""331""]","""25053""","[""56"", ""4681"", ""39"", ""4662"", ""3343"", ""3160"", ""682"", ""5618"", ""2503"", ""6"", ""12685"", ""13840"", ""529"", ""6407"", ""12115"", ""53"", ""11832"", ""54""]",ec69b032-6a44-494d-9ea5-c8b14a988e79
308281,"""1592""","[""331""]","""25053""","[""56"", ""4681"", ""39"", ""4662"", ""3343"", ""3160"", ""682"", ""5618"", ""2503"", ""6"", ""12685"", ""13840"", ""529"", ""6407"", ""12115"", ""53"", ""11832"", ""54""]",80856845-efeb-44c0-9a8c-15a9df49ae1f
308281,"""1592""","[""331""]","""25053""","[""56"", ""4681"", ""39"", ""4662"", ""3343"", ""3160"", ""682"", ""5618"", ""2503"", ""6"", ""12685"", ""13840"", ""529"", ""6407"", ""12115"", ""53"", ""11832"", ""54""]",0abf7b87-8400-4a7a-9ed6-a12e1a46e92b
308281,"""1592""","[""331""]","""25053""","[""56"", ""4681"", ""39"", ""4662"", ""3343"", ""3160"", ""682"", ""5618"", ""2503"", ""6"", ""12685"", ""13840"", ""529"", ""6407"", ""12115"", ""53"", ""11832"", ""54""]",556792d8-4fdb-4e6d-8a03-5ff5be848bed
308281,"""1592""","[""331""]","""25053""","[""56"", ""4681"", ""39"", ""4662"", ""3343"", ""3160"", ""682"", ""5618"", ""2503"", ""6"", ""12685"", ""13840"", ""529"", ""6407"", ""12115"", ""53"", ""11832"", ""54""]",0abf7b87-8400-4a7a-9ed6-a12e1a46e92b
308281,"""1592""","[""331""]","""25053""","[""56"", ""4681"", ""39"", ""4662"", ""3343"", ""3160"", ""682"", ""5618"", ""2503"", ""6"", ""12685"", ""13840"", ""529"", ""6407"", ""12115"", ""53"", ""11832"", ""54""]",affc346d-bc56-4228-8c65-9a86f0ecc1f6
301658,"""1592""","[""331""]","""25053""","[""4662"", ""3343"", ""195"", ""680"", ""3160"", ""3527"", ""3526"", ""3569"", ""3525"", ""7"", ""3344"", ""1959"", ""75"", ""54""]",47780a2c-30ca-4e76-a95b-5dfbb06d10b6
301658,"""1592""","[""331""]","""25053""","[""4662"", ""3343"", ""195"", ""680"", ""3160"", ""3527"", ""3526"", ""3569"", ""3525"", ""7"", ""3344"", ""1959"", ""75"", ""54""]",b7014aae-6115-49eb-8473-dbfda433796b
301658,"""1592""","[""331""]","""25053""","[""4662"", ""3343"", ""195"", ""680"", ""3160"", ""3527"", ""3526"", ""3569"", ""3525"", ""7"", ""3344"", ""1959"", ""75"", ""54""]",dfcf2eb6-f8dc-4ebc-91b8-db0d1025cd51
301658,"""1592""","[""331""]","""25053""","[""4662"", ""3343"", ""195"", ""680"", ""3160"", ""3527"", ""3526"", ""3569"", ""3525"", ""7"", ""3344"", ""1959"", ""75"", ""54""]",0abf7b87-8400-4a7a-9ed6-a12e1a46e92b
301658,"""1592""","[""331""]","""25053""","[""4662"", ""3343"", ""195"", ""680"", ""3160"", ""3527"", ""3526"", ""3569"", ""3525"", ""7"", ""3344"", ""1959"", ""75"", ""54""]",e026c0b9-034c-475a-bba5-cd3290eef9ee
301658,"""1592""","[""331""]","""25053""","[""4662"", ""3343"", ""195"", ""680"", ""3160"", ""3527"", ""3526"", ""3569"", ""3525"", ""7"", ""3344"", ""1959"", ""75"", ""54""]",e026c0b9-034c-475a-bba5-cd3290eef9ee
301658,"""1592""","[""331""]","""25053""","[""4662"", ""3343"", ""195"", ""680"", ""3160"", ""3527"", ""3526"", ""3569"", ""3525"", ""7"", ""3344"", ""1959"", ""75"", ""54""]",f394eb6b-5b66-473d-9b25-65f59c3394c7
301658,"""1592""","[""331""]","""25053""","[""4662"", ""3343"", ""195"", ""680"", ""3160"", ""3527"", ""3526"", ""3569"", ""3525"", ""7"", ""3344"", ""1959"", ""75"", ""54""]",72099228-1fb5-4fbf-ac30-4dd906b26186
301658,"""1592""","[""331""]","""25053""","[""4662"", ""3343"", ""195"", ""680"", ""3160"", ""3527"", ""3526"", ""3569"", ""3525"", ""7"", ""3344"", ""1959"", ""75"", ""54""]",e026c0b9-034c-475a-bba5-cd3290eef9ee
301658,"""1592""","[""331""]","""25053""","[""4662"", ""3343"", ""195"", ""680"", ""3160"", ""3527"", ""3526"", ""3569"", ""3525"", ""7"", ""3344"", ""1959"", ""75"", ""54""]",d7cec971-c8de-4bd3-ac9b-a73462847deb
301658,"""1592""","[""331""]","""25053""","[""4662"", ""3343"", ""195"", ""680"", ""3160"", ""3527"", ""3526"", ""3569"", ""3525"", ""7"", ""3344"", ""1959"", ""75"", ""54""]",f9f04525-ee62-464f-afd0-d9ec12c6fd18
301658,"""1592""","[""331""]","""25053""","[""4662"", ""3343"", ""195"", ""680"", ""3160"", ""3527"", ""3526"", ""3569"", ""3525"", ""7"", ""3344"", ""1959"", ""75"", ""54""]",ada1923e-bd89-451a-b970-ce786ff5b91b
301658,"""1592""","[""331""]","""25053""","[""4662"", ""3343"", ""195"", ""680"", ""3160"", ""3527"", ""3526"", ""3569"", ""3525"", ""7"", ""3344"", ""1959"", ""75"", ""54""]",b081424b-059a-40a7-b53a-6c172602a7c8
301658,"""1592""","[""331""]","""25053""","[""4662"", ""3343"", ""195"", ""680"", ""3160"", ""3527"", ""3526"", ""3569"", ""3525"", ""7"", ""3344"", ""1959"", ""75"", ""54""]",7a6fb9d9-391f-463a-b51d-f778e934620b
301658,"""1592""","[""331""]","""25053""","[""4662"", ""3343"", ""195"", ""680"", ""3160"", ""3527"", ""3526"", ""3569"", ""3525"", ""7"", ""3344"", ""1959"", ""75"", ""54""]",47780a2c-30ca-4e76-a95b-5dfbb06d10b6
301658,"""1592""","[""331""]","""25053""","[""4662"", ""3343"", ""195"", ""680"", ""3160"", ""3527"", ""3526"", ""3569"", ""3525"", ""7"", ""3344"", ""1959"", ""75"", ""54""]",dfcf2eb6-f8dc-4ebc-91b8-db0d1025cd51
301658,"""1592""","[""331""]","""25053""","[""4662"", ""3343"", ""195"", ""680"", ""3160"", ""3527"", ""3526"", ""3569"", ""3525"", ""7"", ""3344"", ""1959"", ""75"", ""54""]",b18ea4db-c60b-4a07-973b-8a4ff84e16a4
301658,"""1592""","[""331""]","""25053""","[""4662"", ""3343"", ""195"", ""680"", ""3160"", ""3527"", ""3526"", ""3569"", ""3525"", ""7"", ""3344"", ""1959"", ""75"", ""54""]",fa4bb21a-fde5-42bf-b6c3-d10afebbadd3
301658,"""1592""","[""331""]","""25053""","[""4662"", ""3343"", ""195"", ""680"", ""3160"", ""3527"", ""3526"", ""3569"", ""3525"", ""7"", ""3344"", ""1959"", ""75"", ""54""]",47780a2c-30ca-4e76-a95b-5dfbb06d10b6
301658,"""1592""","[""331""]","""25053""","[""4662"", ""3343"", ""195"", ""680"", ""3160"", ""3527"", ""3526"", ""3569"", ""3525"", ""7"", ""3344"", ""1959"", ""75"", ""54""]",e026c0b9-034c-475a-bba5-cd3290eef9ee
301658,"""1592""","[""331""]","""25053""","[""4662"", ""3343"", ""195"", ""680"", ""3160"", ""3527"", ""3526"", ""3569"", ""3525"", ""7"", ""3344"", ""1959"", ""75"", ""54""]",8c42352c-d0fa-47bc-a04e-4b73f58ae0ec
301658,"""1592""","[""331""]","""25053""","[""4662"", ""3343"", ""195"", ""680"", ""3160"", ""3527"", ""3526"", ""3569"", ""3525"", ""7"", ""3344"", ""1959"", ""75"", ""54""]",ef086380-e8f8-47ea-a512-3bf788adf2c2
301658,"""1592""","[""331""]","""25053""","[""4662"", ""3343"", ""195"", ""680"", ""3160"", ""3527"", ""3526"", ""3569"", ""3525"", ""7"", ""3344"", ""1959"", ""75"", ""54""]",8c42352c-d0fa-47bc-a04e-4b73f58ae0ec
301658,"""1592""","[""331""]","""25053""","[""4662"", ""3343"", ""195"", ""680"", ""3160"", ""3527"", ""3526"", ""3569"", ""3525"", ""7"", ""3344"", ""1959"", ""75"", ""54""]",a8d66f42-ef9b-4f8c-a443-c963de05b2ef
301658,"""1592""","[""331""]","""25053""","[""4662"", ""3343"", ""195"", ""680"", ""3160"", ""3527"", ""3526"", ""3569"", ""3525"", ""7"", ""3344"", ""1959"", ""75"", ""54""]",0168ff13-5672-422b-bbb2-978e23356c89
301658,"""1592""","[""331""]","""25053""","[""4662"", ""3343"", ""195"", ""680"", ""3160"", ""3527"", ""3526"", ""3569"", ""3525"", ""7"", ""3344"", ""1959"", ""75"", ""54""]",ed6b5414-416c-4941-8c51-6f371a65461a
301658,"""1592""","[""331""]","""25053""","[""4662"", ""3343"", ""195"", ""680"", ""3160"", ""3527"", ""3526"", ""3569"", ""3525"", ""7"", ""3344"", ""1959"", ""75"", ""54""]",db985777-6523-40bd-97c9-41aaeca814a0
301658,"""1592""","[""331""]","""25053""","[""4662"", ""3343"", ""195"", ""680"", ""3160"", ""3527"", ""3526"", ""3569"", ""3525"", ""7"", ""3344"", ""1959"", ""75"", ""54""]",053ebd22-bcc1-4d7f-b510-3a96dffb0689
301658,"""1592""","[""331""]","""25053""","[""4662"", ""3343"", ""195"", ""680"", ""3160"", ""3527"", ""3526"", ""3569"", ""3525"", ""7"", ""3344"", ""1959"", ""75"", ""54""]",3ec4b425-4325-403d-aed0-731215e868ef
301658,"""1592""","[""331""]","""25053""","[""4662"", ""3343"", ""195"", ""680"", ""3160"", ""3527"", ""3526"", ""3569"", ""3525"", ""7"", ""3344"", ""1959"", ""75"", ""54""]",2115f2e6-23d5-4f9a-9536-94e97a692ef8
301658,"""1592""","[""331""]","""25053""","[""4662"", ""3343"", ""195"", ""680"", ""3160"", ""3527"", ""3526"", ""3569"", ""3525"", ""7"", ""3344"", ""1959"", ""75"", ""54""]",8950006c-5c49-4a71-ab43-edeb67c3d36a
301658,"""1592""","[""331""]","""25053""","[""4662"", ""3343"", ""195"", ""680"", ""3160"", ""3527"", ""3526"", ""3569"", ""3525"", ""7"", ""3344"", ""1959"", ""75"", ""54""]",8c0b97a5-b85d-478c-8b5b-dddb0b74b295
301658,"""1592""","[""331""]","""25053""","[""4662"", ""3343"", ""195"", ""680"", ""3160"", ""3527"", ""3526"", ""3569"", ""3525"", ""7"", ""3344"", ""1959"", ""75"", ""54""]",dfcf2eb6-f8dc-4ebc-91b8-db0d1025cd51
301658,"""1592""","[""331""]","""25053""","[""4662"", ""3343"", ""195"", ""680"", ""3160"", ""3527"", ""3526"", ""3569"", ""3525"", ""7"", ""3344"", ""1959"", ""75"", ""54""]",278d3889-23e4-4806-abbc-623e54dcf718
301658,"""1592""","[""331""]","""25053""","[""4662"", ""3343"", ""195"", ""680"", ""3160"", ""3527"", ""3526"", ""3569"", ""3525"", ""7"", ""3344"", ""1959"", ""75"", ""54""]",f5d7117a-c6bb-46f4-ae5e-714570ecf29b
301658,"""1592""","[""331""]","""25053""","[""4662"", ""3343"", ""195"", ""680"", ""3160"", ""3527"", ""3526"", ""3569"", ""3525"", ""7"", ""3344"", ""1959"", ""75"", ""54""]",13f7450f-ab2c-4cc3-884b-c41445fde815
301658,"""1592""","[""331""]","""25053""","[""4662"", ""3343"", ""195"", ""680"", ""3160"", ""3527"", ""3526"", ""3569"", ""3525"", ""7"", ""3344"", ""1959"", ""75"", ""54""]",6a4296db-0931-42a0-93a1-774b1c7a5f93
301658,"""1592""","[""331""]","""25053""","[""4662"", ""3343"", ""195"", ""680"", ""3160"", ""3527"", ""3526"", ""3569"", ""3525"", ""7"", ""3344"", ""1959"", ""75"", ""54""]",fbdf28b0-8f55-49a6-a41a-49c82192e0f6
301658,"""1592""","[""331""]","""25053""","[""4662"", ""3343"", ""195"", ""680"", ""3160"", ""3527"", ""3526"", ""3569"", ""3525"", ""7"", ""3344"", ""1959"", ""75"", ""54""]",38cabd64-8e4a-4170-a444-1581cd102c75
301658,"""1592""","[""331""]","""25053""","[""4662"", ""3343"", ""195"", ""680"", ""3160"", ""3527"", ""3526"", ""3569"", ""3525"", ""7"", ""3344"", ""1959"", ""75"", ""54""]",7b898fd9-1039-4fe2-b8a4-30f1d348cb0c
301658,"""1592""","[""331""]","""25053""","[""4662"", ""3343"", ""195"", ""680"", ""3160"", ""3527"", ""3526"", ""3569"", ""3525"", ""7"", ""3344"", ""1959"", ""75"", ""54""]",06d0e3c6-7dfa-4460-bec9-c0d0e6f29956
301658,"""1592""","[""331""]","""25053""","[""4662"", ""3343"", ""195"", ""680"", ""3160"", ""3527"", ""3526"", ""3569"", ""3525"", ""7"", ""3344"", ""1959"", ""75"", ""54""]",fc68d352-aa72-431b-8b19-9df357789120
301658,"""1592""","[""331""]","""25053""","[""4662"", ""3343"", ""195"", ""680"", ""3160"", ""3527"", ""3526"", ""3569"", ""3525"", ""7"", ""3344"", ""1959"", ""75"", ""54""]",1578c98e-bf33-4c47-8b98-df8adec7c661
301658,"""1592""","[""331""]","""25053""","[""4662"", ""3343"", ""195"", ""680"", ""3160"", ""3527"", ""3526"", ""3569"", ""3525"", ""7"", ""3344"", ""1959"", ""75"", ""54""]",3aebd332-c617-4069-a9f3-ff3a0b596993
301658,"""1592""","[""331""]","""25053""","[""4662"", ""3343"", ""195"", ""680"", ""3160"", ""3527"", ""3526"", ""3569"", ""3525"", ""7"", ""3344"", ""1959"", ""75"", ""54""]",50f197ac-d858-44d4-aa3c-d2bbfb3e286b
301658,"""1592""","[""331""]","""25053""","[""4662"", ""3343"", ""195"", ""680"", ""3160"", ""3527"", ""3526"", ""3569"", ""3525"", ""7"", ""3344"", ""1959"", ""75"", ""54""]",b310bcb8-9d56-4a5f-a50c-884e28ea7268
301658,"""1592""","[""331""]","""25053""","[""4662"", ""3343"", ""195"", ""680"", ""3160"", ""3527"", ""3526"", ""3569"", ""3525"", ""7"", ""3344"", ""1959"", ""75"", ""54""]",e026c0b9-034c-475a-bba5-cd3290eef9ee
301658,"""1592""","[""331""]","""25053""","[""4662"", ""3343"", ""195"", ""680"", ""3160"", ""3527"", ""3526"", ""3569"", ""3525"", ""7"", ""3344"", ""1959"", ""75"", ""54""]",47780a2c-30ca-4e76-a95b-5dfbb06d10b6
301658,"""1592""","[""331""]","""25053""","[""4662"", ""3343"", ""195"", ""680"", ""3160"", ""3527"", ""3526"", ""3569"", ""3525"", ""7"", ""3344"", ""1959"", ""75"", ""54""]",db985777-6523-40bd-97c9-41aaeca814a0
301658,"""1592""","[""331""]","""25053""","[""4662"", ""3343"", ""195"", ""680"", ""3160"", ""3527"", ""3526"", ""3569"", ""3525"", ""7"", ""3344"", ""1959"", ""75"", ""54""]",1ba8aa32-fe53-4c0d-8989-239c924dadfb
301658,"""1592""","[""331""]","""25053""","[""4662"", ""3343"", ""195"", ""680"", ""3160"", ""3527"", ""3526"", ""3569"", ""3525"", ""7"", ""3344"", ""1959"", ""75"", ""54""]",3453bc32-5bba-47e2-825c-f2cf3eeb650b
301658,"""1592""","[""331""]","""25053""","[""4662"", ""3343"", ""195"", ""680"", ""3160"", ""3527"", ""3526"", ""3569"", ""3525"", ""7"", ""3344"", ""1959"", ""75"", ""54""]",0802fecf-5439-4884-af6e-58d46ca4b8ee
301658,"""1592""","[""331""]","""25053""","[""4662"", ""3343"", ""195"", ""680"", ""3160"", ""3527"", ""3526"", ""3569"", ""3525"", ""7"", ""3344"", ""1959"", ""75"", ""54""]",70254e14-2608-405d-9f87-cb92f8a3dcfe
301658,"""1592""","[""331""]","""25053""","[""4662"", ""3343"", ""195"", ""680"", ""3160"", ""3527"", ""3526"", ""3569"", ""3525"", ""7"", ""3344"", ""1959"", ""75"", ""54""]",e026c0b9-034c-475a-bba5-cd3290eef9ee
301658,"""1592""","[""331""]","""25053""","[""4662"", ""3343"", ""195"", ""680"", ""3160"", ""3527"", ""3526"", ""3569"", ""3525"", ""7"", ""3344"", ""1959"", ""75"", ""54""]",3889551d-b1b2-4408-a51b-a2c887c981de
301658,"""1592""","[""331""]","""25053""","[""4662"", ""3343"", ""195"", ""680"", ""3160"", ""3527"", ""3526"", ""3569"", ""3525"", ""7"", ""3344"", ""1959"", ""75"", ""54""]",29529bfa-e13c-45af-88d1-d62da01e13cc
301658,"""1592""","[""331""]","""25053""","[""4662"", ""3343"", ""195"", ""680"", ""3160"", ""3527"", ""3526"", ""3569"", ""3525"", ""7"", ""3344"", ""1959"", ""75"", ""54""]",7ec4624e-8bfa-4287-b057-72092641a9c8
301658,"""1592""","[""331""]","""25053""","[""4662"", ""3343"", ""195"", ""680"", ""3160"", ""3527"", ""3526"", ""3569"", ""3525"", ""7"", ""3344"", ""1959"", ""75"", ""54""]",6409552c-0910-4505-88f8-f287291aad4a
301658,"""1592""","[""331""]","""25053""","[""4662"", ""3343"", ""195"", ""680"", ""3160"", ""3527"", ""3526"", ""3569"", ""3525"", ""7"", ""3344"", ""1959"", ""75"", ""54""]",dd1424d3-052d-4ac1-a092-dd5173c91cfb
301658,"""1592""","[""331""]","""25053""","[""4662"", ""3343"", ""195"", ""680"", ""3160"", ""3527"", ""3526"", ""3569"", ""3525"", ""7"", ""3344"", ""1959"", ""75"", ""54""]",8ca012ce-5303-4f10-b3ac-ce3c2496fed7
301658,"""1592""","[""331""]","""25053""","[""4662"", ""3343"", ""195"", ""680"", ""3160"", ""3527"", ""3526"", ""3569"", ""3525"", ""7"", ""3344"", ""1959"", ""75"", ""54""]",37ae8847-0961-482d-88e5-000ca92349e0
301658,"""1592""","[""331""]","""25053""","[""4662"", ""3343"", ""195"", ""680"", ""3160"", ""3527"", ""3526"", ""3569"", ""3525"", ""7"", ""3344"", ""1959"", ""75"", ""54""]",47780a2c-30ca-4e76-a95b-5dfbb06d10b6
301658,"""1592""","[""331""]","""25053""","[""4662"", ""3343"", ""195"", ""680"", ""3160"", ""3527"", ""3526"", ""3569"", ""3525"", ""7"", ""3344"", ""1959"", ""75"", ""54""]",dfcf2eb6-f8dc-4ebc-91b8-db0d1025cd51
301658,"""1592""","[""331""]","""25053""","[""4662"", ""3343"", ""195"", ""680"", ""3160"", ""3527"", ""3526"", ""3569"", ""3525"", ""7"", ""3344"", ""1959"", ""75"", ""54""]",3b6012a3-4166-4352-96dd-26295090f28f
301658,"""1592""","[""331""]","""25053""","[""4662"", ""3343"", ""195"", ""680"", ""3160"", ""3527"", ""3526"", ""3569"", ""3525"", ""7"", ""3344"", ""1959"", ""75"", ""54""]",47780a2c-30ca-4e76-a95b-5dfbb06d10b6
301658,"""1592""","[""331""]","""25053""","[""4662"", ""3343"", ""195"", ""680"", ""3160"", ""3527"", ""3526"", ""3569"", ""3525"", ""7"", ""3344"", ""1959"", ""75"", ""54""]",770fac60-11b8-47f7-936b-2d4c219e0f2c
301658,"""1592""","[""331""]","""25053""","[""4662"", ""3343"", ""195"", ""680"", ""3160"", ""3527"", ""3526"", ""3569"", ""3525"", ""7"", ""3344"", ""1959"", ""75"", ""54""]",4f1444b2-8590-4520-8069-4b0670a3dc01
301658,"""1592""","[""331""]","""25053""","[""4662"", ""3343"", ""195"", ""680"", ""3160"", ""3527"", ""3526"", ""3569"", ""3525"", ""7"", ""3344"", ""1959"", ""75"", ""54""]",1658fd7a-f6a2-4f0d-9407-5da3919a4c40
301658,"""1592""","[""331""]","""25053""","[""4662"", ""3343"", ""195"", ""680"", ""3160"", ""3527"", ""3526"", ""3569"", ""3525"", ""7"", ""3344"", ""1959"", ""75"", ""54""]",50f197ac-d858-44d4-aa3c-d2bbfb3e286b
301658,"""1592""","[""331""]","""25053""","[""4662"", ""3343"", ""195"", ""680"", ""3160"", ""3527"", ""3526"", ""3569"", ""3525"", ""7"", ""3344"", ""1959"", ""75"", ""54""]",60d0ccfa-9c67-4443-aa31-1ed765bcff56
301658,"""1592""","[""331""]","""25053""","[""4662"", ""3343"", ""195"", ""680"", ""3160"", ""3527"", ""3526"", ""3569"", ""3525"", ""7"", ""3344"", ""1959"", ""75"", ""54""]",a244c9c6-3cec-40a1-b6f8-558267c5a2c5
301658,"""1592""","[""331""]","""25053""","[""4662"", ""3343"", ""195"", ""680"", ""3160"", ""3527"", ""3526"", ""3569"", ""3525"", ""7"", ""3344"", ""1959"", ""75"", ""54""]",55c87f5c-01b8-4088-87c0-74f8e3e8299e
301658,"""1592""","[""331""]","""25053""","[""4662"", ""3343"", ""195"", ""680"", ""3160"", ""3527"", ""3526"", ""3569"", ""3525"", ""7"", ""3344"", ""1959"", ""75"", ""54""]",fbc2b139-6d3c-44b8-ae0e-027378d35179
301658,"""1592""","[""331""]","""25053""","[""4662"", ""3343"", ""195"", ""680"", ""3160"", ""3527"", ""3526"", ""3569"", ""3525"", ""7"", ""3344"", ""1959"", ""75"", ""54""]",9607bbce-243b-4fa3-9342-ab11853f59fb
301658,"""1592""","[""331""]","""25053""","[""4662"", ""3343"", ""195"", ""680"", ""3160"", ""3527"", ""3526"", ""3569"", ""3525"", ""7"", ""3344"", ""1959"", ""75"", ""54""]",7656b7c2-9f70-42e6-bc07-04395256ab47
301658,"""1592""","[""331""]","""25053""","[""4662"", ""3343"", ""195"", ""680"", ""3160"", ""3527"", ""3526"", ""3569"", ""3525"", ""7"", ""3344"", ""1959"", ""75"", ""54""]",6e62a8b5-4e7d-4c72-8d34-cdf7fb35353f
301658,"""1592""","[""331""]","""25053""","[""4662"", ""3343"", ""195"", ""680"", ""3160"", ""3527"", ""3526"", ""3569"", ""3525"", ""7"", ""3344"", ""1959"", ""75"", ""54""]",ce4793d2-9928-4f43-a73d-090fe2cfefdb
301658,"""1592""","[""331""]","""25053""","[""4662"", ""3343"", ""195"", ""680"", ""3160"", ""3527"", ""3526"", ""3569"", ""3525"", ""7"", ""3344"", ""1959"", ""75"", ""54""]",82316c8f-cdb6-45b0-bbb7-47ed17704062
301658,"""1592""","[""331""]","""25053""","[""4662"", ""3343"", ""195"", ""680"", ""3160"", ""3527"", ""3526"", ""3569"", ""3525"", ""7"", ""3344"", ""1959"", ""75"", ""54""]",8c42352c-d0fa-47bc-a04e-4b73f58ae0ec
301658,"""1592""","[""331""]","""25053""","[""4662"", ""3343"", ""195"", ""680"", ""3160"", ""3527"", ""3526"", ""3569"", ""3525"", ""7"", ""3344"", ""1959"", ""75"", ""54""]",13f7450f-ab2c-4cc3-884b-c41445fde815
301658,"""1592""","[""331""]","""25053""","[""4662"", ""3343"", ""195"", ""680"", ""3160"", ""3527"", ""3526"", ""3569"", ""3525"", ""7"", ""3344"", ""1959"", ""75"", ""54""]",0c091d56-19e1-4835-b229-2e1ed4bad9fb
301658,"""1592""","[""331""]","""25053""","[""4662"", ""3343"", ""195"", ""680"", ""3160"", ""3527"", ""3526"", ""3569"", ""3525"", ""7"", ""3344"", ""1959"", ""75"", ""54""]",50f197ac-d858-44d4-aa3c-d2bbfb3e286b
301658,"""1592""","[""331""]","""25053""","[""4662"", ""3343"", ""195"", ""680"", ""3160"", ""3527"", ""3526"", ""3569"", ""3525"", ""7"", ""3344"", ""1959"", ""75"", ""54""]",974965ea-4d45-4959-b739-cf10ff8aab6e
301658,"""1592""","[""331""]","""25053""","[""4662"", ""3343"", ""195"", ""680"", ""3160"", ""3527"", ""3526"", ""3569"", ""3525"", ""7"", ""3344"", ""1959"", ""75"", ""54""]",70254e14-2608-405d-9f87-cb92f8a3dcfe
301658,"""1592""","[""331""]","""25053""","[""4662"", ""3343"", ""195"", ""680"", ""3160"", ""3527"", ""3526"", ""3569"", ""3525"", ""7"", ""3344"", ""1959"", ""75"", ""54""]",6404294e-beeb-4538-8ccd-f796d2238d2b
301658,"""1592""","[""331""]","""25053""","[""4662"", ""3343"", ""195"", ""680"", ""3160"", ""3527"", ""3526"", ""3569"", ""3525"", ""7"", ""3344"", ""1959"", ""75"", ""54""]",0abf7b87-8400-4a7a-9ed6-a12e1a46e92b
301658,"""1592""","[""331""]","""25053""","[""4662"", ""3343"", ""195"", ""680"", ""3160"", ""3527"", ""3526"", ""3569"", ""3525"", ""7"", ""3344"", ""1959"", ""75"", ""54""]",78d63b26-e3d0-4b6d-a93c-dc0f54a105db
301658,"""1592""","[""331""]","""25053""","[""4662"", ""3343"", ""195"", ""680"", ""3160"", ""3527"", ""3526"", ""3569"", ""3525"", ""7"", ""3344"", ""1959"", ""75"", ""54""]",54ca90dd-65df-415e-993e-d1a58c0bc4c4
301658,"""1592""","[""331""]","""25053""","[""4662"", ""3343"", ""195"", ""680"", ""3160"", ""3527"", ""3526"", ""3569"", ""3525"", ""7"", ""3344"", ""1959"", ""75"", ""54""]",af949b15-7a22-40bd-a995-6112d53b8a9a
301658,"""1592""","[""331""]","""25053""","[""4662"", ""3343"", ""195"", ""680"", ""3160"", ""3527"", ""3526"", ""3569"", ""3525"", ""7"", ""3344"", ""1959"", ""75"", ""54""]",9dba3429-0e02-4262-8b79-f6d4138b9dfa
301658,"""1592""","[""331""]","""25053""","[""4662"", ""3343"", ""195"", ""680"", ""3160"", ""3527"", ""3526"", ""3569"", ""3525"", ""7"", ""3344"", ""1959"", ""75"", ""54""]",e70a798b-7bae-416b-a65f-2095dbcc1e82
301658,"""1592""","[""331""]","""25053""","[""4662"", ""3343"", ""195"", ""680"", ""3160"", ""3527"", ""3526"", ""3569"", ""3525"", ""7"", ""3344"", ""1959"", ""75"", ""54""]",96d3b3f1-12fa-489a-9c30-777e4e143310
301658,"""1592""","[""331""]","""25053""","[""4662"", ""3343"", ""195"", ""680"", ""3160"", ""3527"", ""3526"", ""3569"", ""3525"", ""7"", ""3344"", ""1959"", ""75"", ""54""]",553f1d73-a38c-4c67-9496-3db4281957aa
301658,"""1592""","[""331""]","""25053""","[""4662"", ""3343"", ""195"", ""680"", ""3160"", ""3527"", ""3526"", ""3569"", ""3525"", ""7"", ""3344"", ""1959"", ""75"", ""54""]",e026c0b9-034c-475a-bba5-cd3290eef9ee
301658,"""1592""","[""331""]","""25053""","[""4662"", ""3343"", ""195"", ""680"", ""3160"", ""3527"", ""3526"", ""3569"", ""3525"", ""7"", ""3344"", ""1959"", ""75"", ""54""]",a49e2aa2-994e-4a15-8161-605f8eef6d1c
301658,"""1592""","[""331""]","""25053""","[""4662"", ""3343"", ""195"", ""680"", ""3160"", ""3527"", ""3526"", ""3569"", ""3525"", ""7"", ""3344"", ""1959"", ""75"", ""54""]",06d0e3c6-7dfa-4460-bec9-c0d0e6f29956
301658,"""1592""","[""331""]","""25053""","[""4662"", ""3343"", ""195"", ""680"", ""3160"", ""3527"", ""3526"", ""3569"", ""3525"", ""7"", ""3344"", ""1959"", ""75"", ""54""]",5688e9e5-4963-40f8-9bb6-0448ef07b245
301658,"""1592""","[""331""]","""25053""","[""4662"", ""3343"", ""195"", ""680"", ""3160"", ""3527"", ""3526"", ""3569"", ""3525"", ""7"", ""3344"", ""1959"", ""75"", ""54""]",3458884f-afbd-4049-83b8-22b0ea6eebdf
301658,"""1592""","[""331""]","""25053""","[""4662"", ""3343"", ""195"", ""680"", ""3160"", ""3527"", ""3526"", ""3569"", ""3525"", ""7"", ""3344"", ""1959"", ""75"", ""54""]",63a218b7-e3fa-4802-a99f-21d07793d903
301658,"""1592""","[""331""]","""25053""","[""4662"", ""3343"", ""195"", ""680"", ""3160"", ""3527"", ""3526"", ""3569"", ""3525"", ""7"", ""3344"", ""1959"", ""75"", ""54""]",f9f04525-ee62-464f-afd0-d9ec12c6fd18
301658,"""1592""","[""331""]","""25053""","[""4662"", ""3343"", ""195"", ""680"", ""3160"", ""3527"", ""3526"", ""3569"", ""3525"", ""7"", ""3344"", ""1959"", ""75"", ""54""]",e573f700-48f7-4b88-a0fd-ac7200beb7ba
301658,"""1592""","[""331""]","""25053""","[""4662"", ""3343"", ""195"", ""680"", ""3160"", ""3527"", ""3526"", ""3569"", ""3525"", ""7"", ""3344"", ""1959"", ""75"", ""54""]",d119a992-3498-4514-89bf-3307232f3d80
301658,"""1592""","[""331""]","""25053""","[""4662"", ""3343"", ""195"", ""680"", ""3160"", ""3527"", ""3526"", ""3569"", ""3525"", ""7"", ""3344"", ""1959"", ""75"", ""54""]",4c9f8daf-30c4-4a43-98ac-4c6996edc50d
301658,"""1592""","[""331""]","""25053""","[""4662"", ""3343"", ""195"", ""680"", ""3160"", ""3527"", ""3526"", ""3569"", ""3525"", ""7"", ""3344"", ""1959"", ""75"", ""54""]",50f197ac-d858-44d4-aa3c-d2bbfb3e286b
301658,"""1592""","[""331""]","""25053""","[""4662"", ""3343"", ""195"", ""680"", ""3160"", ""3527"", ""3526"", ""3569"", ""3525"", ""7"", ""3344"", ""1959"", ""75"", ""54""]",f78a5bec-a4fd-49a9-ac66-891959eab61f
301658,"""1592""","[""331""]","""25053""","[""4662"", ""3343"", ""195"", ""680"", ""3160"", ""3527"", ""3526"", ""3569"", ""3525"", ""7"", ""3344"", ""1959"", ""75"", ""54""]",4f21b01e-9aa3-4eb1-967a-1521dc3b7040
308281,"""1592""","[""331""]","""25053""","[""56"", ""4681"", ""39"", ""4662"", ""3343"", ""3160"", ""682"", ""5618"", ""2503"", ""6"", ""12685"", ""13840"", ""529"", ""6407"", ""12115"", ""53"", ""11832"", ""54""]",2cc4be75-15f9-4aa6-8ae8-2ed94730e5be
308281,"""1592""","[""331""]","""25053""","[""56"", ""4681"", ""39"", ""4662"", ""3343"", ""3160"", ""682"", ""5618"", ""2503"", ""6"", ""12685"", ""13840"", ""529"", ""6407"", ""12115"", ""53"", ""11832"", ""54""]",db39db67-34af-4f15-889c-983659e36438
308281,"""1592""","[""331""]","""25053""","[""56"", ""4681"", ""39"", ""4662"", ""3343"", ""3160"", ""682"", ""5618"", ""2503"", ""6"", ""12685"", ""13840"", ""529"", ""6407"", ""12115"", ""53"", ""11832"", ""54""]",0ed2830a-bac8-4ae3-ad67-c55162ddc312
308281,"""1592""","[""331""]","""25053""","[""56"", ""4681"", ""39"", ""4662"", ""3343"", ""3160"", ""682"", ""5618"", ""2503"", ""6"", ""12685"", ""13840"", ""529"", ""6407"", ""12115"", ""53"", ""11832"", ""54""]",0edeffa0-68d2-4662-bac5-136776e54907
308281,"""1592""","[""331""]","""25053""","[""56"", ""4681"", ""39"", ""4662"", ""3343"", ""3160"", ""682"", ""5618"", ""2503"", ""6"", ""12685"", ""13840"", ""529"", ""6407"", ""12115"", ""53"", ""11832"", ""54""]",82898593-eea5-4032-8506-352a63bef889
308281,"""1592""","[""331""]","""25053""","[""56"", ""4681"", ""39"", ""4662"", ""3343"", ""3160"", ""682"", ""5618"", ""2503"", ""6"", ""12685"", ""13840"", ""529"", ""6407"", ""12115"", ""53"", ""11832"", ""54""]",cbf1cb74-d959-4442-96f2-4dec537c6211
308281,"""1592""","[""331""]","""25053""","[""56"", ""4681"", ""39"", ""4662"", ""3343"", ""3160"", ""682"", ""5618"", ""2503"", ""6"", ""12685"", ""13840"", ""529"", ""6407"", ""12115"", ""53"", ""11832"", ""54""]",6474cbf1-42e1-4ed9-9624-571ac7f21ca1
308281,"""1592""","[""331""]","""25053""","[""56"", ""4681"", ""39"", ""4662"", ""3343"", ""3160"", ""682"", ""5618"", ""2503"", ""6"", ""12685"", ""13840"", ""529"", ""6407"", ""12115"", ""53"", ""11832"", ""54""]",ad550cd8-ccff-4547-be24-c20bea14c3b5
308281,"""1592""","[""331""]","""25053""","[""56"", ""4681"", ""39"", ""4662"", ""3343"", ""3160"", ""682"", ""5618"", ""2503"", ""6"", ""12685"", ""13840"", ""529"", ""6407"", ""12115"", ""53"", ""11832"", ""54""]",4bd05783-676f-42ca-8e4a-2e414d8a1579
308281,"""1592""","[""331""]","""25053""","[""56"", ""4681"", ""39"", ""4662"", ""3343"", ""3160"", ""682"", ""5618"", ""2503"", ""6"", ""12685"", ""13840"", ""529"", ""6407"", ""12115"", ""53"", ""11832"", ""54""]",6e649413-8538-4be3-932d-7dd02b78c44e
308281,"""1592""","[""331""]","""25053""","[""56"", ""4681"", ""39"", ""4662"", ""3343"", ""3160"", ""682"", ""5618"", ""2503"", ""6"", ""12685"", ""13840"", ""529"", ""6407"", ""12115"", ""53"", ""11832"", ""54""]",378880e6-74fa-455b-8059-4dff231ce09d
308281,"""1592""","[""331""]","""25053""","[""56"", ""4681"", ""39"", ""4662"", ""3343"", ""3160"", ""682"", ""5618"", ""2503"", ""6"", ""12685"", ""13840"", ""529"", ""6407"", ""12115"", ""53"", ""11832"", ""54""]",2fa4d952-f33a-426b-b05d-53c4b210d068
308281,"""1592""","[""331""]","""25053""","[""56"", ""4681"", ""39"", ""4662"", ""3343"", ""3160"", ""682"", ""5618"", ""2503"", ""6"", ""12685"", ""13840"", ""529"", ""6407"", ""12115"", ""53"", ""11832"", ""54""]",82898593-eea5-4032-8506-352a63bef889
308281,"""1592""","[""331""]","""25053""","[""56"", ""4681"", ""39"", ""4662"", ""3343"", ""3160"", ""682"", ""5618"", ""2503"", ""6"", ""12685"", ""13840"", ""529"", ""6407"", ""12115"", ""53"", ""11832"", ""54""]",20f3683c-0933-49ed-94c2-93cc3469bd80
308281,"""1592""","[""331""]","""25053""","[""56"", ""4681"", ""39"", ""4662"", ""3343"", ""3160"", ""682"", ""5618"", ""2503"", ""6"", ""12685"", ""13840"", ""529"", ""6407"", ""12115"", ""53"", ""11832"", ""54""]",792f2d0b-f397-489b-ab47-45ea511e0615
308281,"""1592""","[""331""]","""25053""","[""56"", ""4681"", ""39"", ""4662"", ""3343"", ""3160"", ""682"", ""5618"", ""2503"", ""6"", ""12685"", ""13840"", ""529"", ""6407"", ""12115"", ""53"", ""11832"", ""54""]",82b09a1e-1141-4fa6-b2c6-f47c0d1ba8b1
308281,"""1592""","[""331""]","""25053""","[""56"", ""4681"", ""39"", ""4662"", ""3343"", ""3160"", ""682"", ""5618"", ""2503"", ""6"", ""12685"", ""13840"", ""529"", ""6407"", ""12115"", ""53"", ""11832"", ""54""]",e9d4393a-2def-4993-ae82-50ed1be4ff88
308281,"""1592""","[""331""]","""25053""","[""56"", ""4681"", ""39"", ""4662"", ""3343"", ""3160"", ""682"", ""5618"", ""2503"", ""6"", ""12685"", ""13840"", ""529"", ""6407"", ""12115"", ""53"", ""11832"", ""54""]",378880e6-74fa-455b-8059-4dff231ce09d
308281,"""1592""","[""331""]","""25053""","[""56"", ""4681"", ""39"", ""4662"", ""3343"", ""3160"", ""682"", ""5618"", ""2503"", ""6"", ""12685"", ""13840"", ""529"", ""6407"", ""12115"", ""53"", ""11832"", ""54""]",44fa6b05-0fee-49e5-939f-378a8bbb0db0
308281,"""1592""","[""331""]","""25053""","[""56"", ""4681"", ""39"", ""4662"", ""3343"", ""3160"", ""682"", ""5618"", ""2503"", ""6"", ""12685"", ""13840"", ""529"", ""6407"", ""12115"", ""53"", ""11832"", ""54""]",affc346d-bc56-4228-8c65-9a86f0ecc1f6
308281,"""1592""","[""331""]","""25053""","[""56"", ""4681"", ""39"", ""4662"", ""3343"", ""3160"", ""682"", ""5618"", ""2503"", ""6"", ""12685"", ""13840"", ""529"", ""6407"", ""12115"", ""53"", ""11832"", ""54""]",5c1a3ce6-25cd-4a34-9fa1-30e7d5462895
308281,"""1592""","[""331""]","""25053""","[""56"", ""4681"", ""39"", ""4662"", ""3343"", ""3160"", ""682"", ""5618"", ""2503"", ""6"", ""12685"", ""13840"", ""529"", ""6407"", ""12115"", ""53"", ""11832"", ""54""]",eae22c4a-02ac-49b2-b00d-28ef6482a72c
308281,"""1592""","[""331""]","""25053""","[""56"", ""4681"", ""39"", ""4662"", ""3343"", ""3160"", ""682"", ""5618"", ""2503"", ""6"", ""12685"", ""13840"", ""529"", ""6407"", ""12115"", ""53"", ""11832"", ""54""]",5bfd504a-73f4-4e29-9f38-ce6fc5084042
308281,"""1592""","[""331""]","""25053""","[""56"", ""4681"", ""39"", ""4662"", ""3343"", ""3160"", ""682"", ""5618"", ""2503"", ""6"", ""12685"", ""13840"", ""529"", ""6407"", ""12115"", ""53"", ""11832"", ""54""]",d1d3a18a-1728-4ba1-86c1-2ef8c7f3a30e
308281,"""1592""","[""331""]","""25053""","[""56"", ""4681"", ""39"", ""4662"", ""3343"", ""3160"", ""682"", ""5618"", ""2503"", ""6"", ""12685"", ""13840"", ""529"", ""6407"", ""12115"", ""53"", ""11832"", ""54""]",4d992ace-86ad-47b7-b102-68668b2d73dd
308281,"""1592""","[""331""]","""25053""","[""56"", ""4681"", ""39"", ""4662"", ""3343"", ""3160"", ""682"", ""5618"", ""2503"", ""6"", ""12685"", ""13840"", ""529"", ""6407"", ""12115"", ""53"", ""11832"", ""54""]",2cb3a392-b9c2-4231-97b9-f73ffbca4f86
308281,"""1592""","[""331""]","""25053""","[""56"", ""4681"", ""39"", ""4662"", ""3343"", ""3160"", ""682"", ""5618"", ""2503"", ""6"", ""12685"", ""13840"", ""529"", ""6407"", ""12115"", ""53"", ""11832"", ""54""]",4decde70-2c57-4436-a4d7-489cea908f2e
308281,"""1592""","[""331""]","""25053""","[""56"", ""4681"", ""39"", ""4662"", ""3343"", ""3160"", ""682"", ""5618"", ""2503"", ""6"", ""12685"", ""13840"", ""529"", ""6407"", ""12115"", ""53"", ""11832"", ""54""]",f845a29d-5b4a-4fbe-8c03-896b688c011b
308281,"""1592""","[""331""]","""25053""","[""56"", ""4681"", ""39"", ""4662"", ""3343"", ""3160"", ""682"", ""5618"", ""2503"", ""6"", ""12685"", ""13840"", ""529"", ""6407"", ""12115"", ""53"", ""11832"", ""54""]",3ff7b03d-96c6-4364-b906-fcba0198b9f5
308281,"""1592""","[""331""]","""25053""","[""56"", ""4681"", ""39"", ""4662"", ""3343"", ""3160"", ""682"", ""5618"", ""2503"", ""6"", ""12685"", ""13840"", ""529"", ""6407"", ""12115"", ""53"", ""11832"", ""54""]",e3031190-2385-4450-9954-110c2b4664dc
308281,"""1592""","[""331""]","""25053""","[""56"", ""4681"", ""39"", ""4662"", ""3343"", ""3160"", ""682"", ""5618"", ""2503"", ""6"", ""12685"", ""13840"", ""529"", ""6407"", ""12115"", ""53"", ""11832"", ""54""]",42b824cf-c006-4e9f-9a2c-380a93fe0ba0
308281,"""1592""","[""331""]","""25053""","[""56"", ""4681"", ""39"", ""4662"", ""3343"", ""3160"", ""682"", ""5618"", ""2503"", ""6"", ""12685"", ""13840"", ""529"", ""6407"", ""12115"", ""53"", ""11832"", ""54""]",bcb944c3-8e71-4f42-a8f3-451bbe757da6
308281,"""1592""","[""331""]","""25053""","[""56"", ""4681"", ""39"", ""4662"", ""3343"", ""3160"", ""682"", ""5618"", ""2503"", ""6"", ""12685"", ""13840"", ""529"", ""6407"", ""12115"", ""53"", ""11832"", ""54""]",0abf7b87-8400-4a7a-9ed6-a12e1a46e92b
308281,"""1592""","[""331""]","""25053""","[""56"", ""4681"", ""39"", ""4662"", ""3343"", ""3160"", ""682"", ""5618"", ""2503"", ""6"", ""12685"", ""13840"", ""529"", ""6407"", ""12115"", ""53"", ""11832"", ""54""]",0abf7b87-8400-4a7a-9ed6-a12e1a46e92b
308281,"""1592""","[""331""]","""25053""","[""56"", ""4681"", ""39"", ""4662"", ""3343"", ""3160"", ""682"", ""5618"", ""2503"", ""6"", ""12685"", ""13840"", ""529"", ""6407"", ""12115"", ""53"", ""11832"", ""54""]",6a4296db-0931-42a0-93a1-774b1c7a5f93
308281,"""1592""","[""331""]","""25053""","[""56"", ""4681"", ""39"", ""4662"", ""3343"", ""3160"", ""682"", ""5618"", ""2503"", ""6"", ""12685"", ""13840"", ""529"", ""6407"", ""12115"", ""53"", ""11832"", ""54""]",6b9a6572-6993-4c8e-b9e9-dc1f3a065bf3
308281,"""1592""","[""331""]","""25053""","[""56"", ""4681"", ""39"", ""4662"", ""3343"", ""3160"", ""682"", ""5618"", ""2503"", ""6"", ""12685"", ""13840"", ""529"", ""6407"", ""12115"", ""53"", ""11832"", ""54""]",5688e9e5-4963-40f8-9bb6-0448ef07b245
308281,"""1592""","[""331""]","""25053""","[""56"", ""4681"", ""39"", ""4662"", ""3343"", ""3160"", ""682"", ""5618"", ""2503"", ""6"", ""12685"", ""13840"", ""529"", ""6407"", ""12115"", ""53"", ""11832"", ""54""]",d68332f9-b8d0-4c83-b1d3-0d8f438cda2b
308281,"""1592""","[""331""]","""25053""","[""56"", ""4681"", ""39"", ""4662"", ""3343"", ""3160"", ""682"", ""5618"", ""2503"", ""6"", ""12685"", ""13840"", ""529"", ""6407"", ""12115"", ""53"", ""11832"", ""54""]",af506566-c895-4c06-b772-50d68f98131b
308281,"""1592""","[""331""]","""25053""","[""56"", ""4681"", ""39"", ""4662"", ""3343"", ""3160"", ""682"", ""5618"", ""2503"", ""6"", ""12685"", ""13840"", ""529"", ""6407"", ""12115"", ""53"", ""11832"", ""54""]",affc346d-bc56-4228-8c65-9a86f0ecc1f6
308281,"""1592""","[""331""]","""25053""","[""56"", ""4681"", ""39"", ""4662"", ""3343"", ""3160"", ""682"", ""5618"", ""2503"", ""6"", ""12685"", ""13840"", ""529"", ""6407"", ""12115"", ""53"", ""11832"", ""54""]",fbdf28b0-8f55-49a6-a41a-49c82192e0f6
308281,"""1592""","[""331""]","""25053""","[""56"", ""4681"", ""39"", ""4662"", ""3343"", ""3160"", ""682"", ""5618"", ""2503"", ""6"", ""12685"", ""13840"", ""529"", ""6407"", ""12115"", ""53"", ""11832"", ""54""]",058aed08-fbe3-462f-8593-6829ef281918
308281,"""1592""","[""331""]","""25053""","[""56"", ""4681"", ""39"", ""4662"", ""3343"", ""3160"", ""682"", ""5618"", ""2503"", ""6"", ""12685"", ""13840"", ""529"", ""6407"", ""12115"", ""53"", ""11832"", ""54""]",82898593-eea5-4032-8506-352a63bef889
308281,"""1592""","[""331""]","""25053""","[""56"", ""4681"", ""39"", ""4662"", ""3343"", ""3160"", ""682"", ""5618"", ""2503"", ""6"", ""12685"", ""13840"", ""529"", ""6407"", ""12115"", ""53"", ""11832"", ""54""]",06b6b0bd-5e8d-4033-a4d3-c9c6efc7a8a9
308281,"""1592""","[""331""]","""25053""","[""56"", ""4681"", ""39"", ""4662"", ""3343"", ""3160"", ""682"", ""5618"", ""2503"", ""6"", ""12685"", ""13840"", ""529"", ""6407"", ""12115"", ""53"", ""11832"", ""54""]",13f7450f-ab2c-4cc3-884b-c41445fde815
308281,"""1592""","[""331""]","""25053""","[""56"", ""4681"", ""39"", ""4662"", ""3343"", ""3160"", ""682"", ""5618"", ""2503"", ""6"", ""12685"", ""13840"", ""529"", ""6407"", ""12115"", ""53"", ""11832"", ""54""]",2cbeaaf7-5ce6-4a48-9ddb-30020f8cf99d
308281,"""1592""","[""331""]","""25053""","[""56"", ""4681"", ""39"", ""4662"", ""3343"", ""3160"", ""682"", ""5618"", ""2503"", ""6"", ""12685"", ""13840"", ""529"", ""6407"", ""12115"", ""53"", ""11832"", ""54""]",3a2ed62b-a99f-42de-b8c0-37f36729a2d9
308281,"""1592""","[""331""]","""25053""","[""56"", ""4681"", ""39"", ""4662"", ""3343"", ""3160"", ""682"", ""5618"", ""2503"", ""6"", ""12685"", ""13840"", ""529"", ""6407"", ""12115"", ""53"", ""11832"", ""54""]",ef0f08e1-e0ac-456e-b71d-a8efe771ebe7
308281,"""1592""","[""331""]","""25053""","[""56"", ""4681"", ""39"", ""4662"", ""3343"", ""3160"", ""682"", ""5618"", ""2503"", ""6"", ""12685"", ""13840"", ""529"", ""6407"", ""12115"", ""53"", ""11832"", ""54""]",88b4960b-a947-4e4b-a0bf-3a788be313f9
308281,"""1592""","[""331""]","""25053""","[""56"", ""4681"", ""39"", ""4662"", ""3343"", ""3160"", ""682"", ""5618"", ""2503"", ""6"", ""12685"", ""13840"", ""529"", ""6407"", ""12115"", ""53"", ""11832"", ""54""]",1c2df71c-31ad-4611-b9bf-7dafc4f1702e
308281,"""1592""","[""331""]","""25053""","[""56"", ""4681"", ""39"", ""4662"", ""3343"", ""3160"", ""682"", ""5618"", ""2503"", ""6"", ""12685"", ""13840"", ""529"", ""6407"", ""12115"", ""53"", ""11832"", ""54""]",0abf7b87-8400-4a7a-9ed6-a12e1a46e92b
308281,"""1592""","[""331""]","""25053""","[""56"", ""4681"", ""39"", ""4662"", ""3343"", ""3160"", ""682"", ""5618"", ""2503"", ""6"", ""12685"", ""13840"", ""529"", ""6407"", ""12115"", ""53"", ""11832"", ""54""]",871405ac-1681-4fe3-ad84-3dbd306c2693
308281,"""1592""","[""331""]","""25053""","[""56"", ""4681"", ""39"", ""4662"", ""3343"", ""3160"", ""682"", ""5618"", ""2503"", ""6"", ""12685"", ""13840"", ""529"", ""6407"", ""12115"", ""53"", ""11832"", ""54""]",8bab9401-f55f-4078-b26d-bdc766a134a7
308281,"""1592""","[""331""]","""25053""","[""56"", ""4681"", ""39"", ""4662"", ""3343"", ""3160"", ""682"", ""5618"", ""2503"", ""6"", ""12685"", ""13840"", ""529"", ""6407"", ""12115"", ""53"", ""11832"", ""54""]",0abf7b87-8400-4a7a-9ed6-a12e1a46e92b
308281,"""1592""","[""331""]","""25053""","[""56"", ""4681"", ""39"", ""4662"", ""3343"", ""3160"", ""682"", ""5618"", ""2503"", ""6"", ""12685"", ""13840"", ""529"", ""6407"", ""12115"", ""53"", ""11832"", ""54""]",9d943bfd-7bc8-4189-aa5b-10cee92f428d
308281,"""1592""","[""331""]","""25053""","[""56"", ""4681"", ""39"", ""4662"", ""3343"", ""3160"", ""682"", ""5618"", ""2503"", ""6"", ""12685"", ""13840"", ""529"", ""6407"", ""12115"", ""53"", ""11832"", ""54""]",2cc4be75-15f9-4aa6-8ae8-2ed94730e5be
308281,"""1592""","[""331""]","""25053""","[""56"", ""4681"", ""39"", ""4662"", ""3343"", ""3160"", ""682"", ""5618"", ""2503"", ""6"", ""12685"", ""13840"", ""529"", ""6407"", ""12115"", ""53"", ""11832"", ""54""]",a15ea863-05d4-4502-a21f-64c3380dca69
308281,"""1592""","[""331""]","""25053""","[""56"", ""4681"", ""39"", ""4662"", ""3343"", ""3160"", ""682"", ""5618"", ""2503"", ""6"", ""12685"", ""13840"", ""529"", ""6407"", ""12115"", ""53"", ""11832"", ""54""]",06b6b0bd-5e8d-4033-a4d3-c9c6efc7a8a9
308281,"""1592""","[""331""]","""25053""","[""56"", ""4681"", ""39"", ""4662"", ""3343"", ""3160"", ""682"", ""5618"", ""2503"", ""6"", ""12685"", ""13840"", ""529"", ""6407"", ""12115"", ""53"", ""11832"", ""54""]",354e427e-dada-43c5-af6b-11b84c3eacd5
308281,"""1592""","[""331""]","""25053""","[""56"", ""4681"", ""39"", ""4662"", ""3343"", ""3160"", ""682"", ""5618"", ""2503"", ""6"", ""12685"", ""13840"", ""529"", ""6407"", ""12115"", ""53"", ""11832"", ""54""]",47880112-8f2b-4606-b6a5-f49025898a86
308281,"""1592""","[""331""]","""25053""","[""56"", ""4681"", ""39"", ""4662"", ""3343"", ""3160"", ""682"", ""5618"", ""2503"", ""6"", ""12685"", ""13840"", ""529"", ""6407"", ""12115"", ""53"", ""11832"", ""54""]",c1b1a2bb-9aa8-4576-95ec-aba10af4a125
308281,"""1592""","[""331""]","""25053""","[""56"", ""4681"", ""39"", ""4662"", ""3343"", ""3160"", ""682"", ""5618"", ""2503"", ""6"", ""12685"", ""13840"", ""529"", ""6407"", ""12115"", ""53"", ""11832"", ""54""]",d05cb476-8a2b-4e19-a3dc-177da8379c29
308281,"""1592""","[""331""]","""25053""","[""56"", ""4681"", ""39"", ""4662"", ""3343"", ""3160"", ""682"", ""5618"", ""2503"", ""6"", ""12685"", ""13840"", ""529"", ""6407"", ""12115"", ""53"", ""11832"", ""54""]",cdda74df-a7ef-47ae-a0b8-665b3d6b8b47
308281,"""1592""","[""331""]","""25053""","[""56"", ""4681"", ""39"", ""4662"", ""3343"", ""3160"", ""682"", ""5618"", ""2503"", ""6"", ""12685"", ""13840"", ""529"", ""6407"", ""12115"", ""53"", ""11832"", ""54""]",d5ca9f0d-9ee1-4fbb-8275-c47389b5b007
308281,"""1592""","[""331""]","""25053""","[""56"", ""4681"", ""39"", ""4662"", ""3343"", ""3160"", ""682"", ""5618"", ""2503"", ""6"", ""12685"", ""13840"", ""529"", ""6407"", ""12115"", ""53"", ""11832"", ""54""]",087cec1e-73aa-4505-bc74-29d5bd1f16b0
308281,"""1592""","[""331""]","""25053""","[""56"", ""4681"", ""39"", ""4662"", ""3343"", ""3160"", ""682"", ""5618"", ""2503"", ""6"", ""12685"", ""13840"", ""529"", ""6407"", ""12115"", ""53"", ""11832"", ""54""]",58fe4f18-7ca4-4ba6-b6d9-52b61a1bbe51
308281,"""1592""","[""331""]","""25053""","[""56"", ""4681"", ""39"", ""4662"", ""3343"", ""3160"", ""682"", ""5618"", ""2503"", ""6"", ""12685"", ""13840"", ""529"", ""6407"", ""12115"", ""53"", ""11832"", ""54""]",243b1513-b6fb-42ed-a892-ba4d22f20c5d
308281,"""1592""","[""331""]","""25053""","[""56"", ""4681"", ""39"", ""4662"", ""3343"", ""3160"", ""682"", ""5618"", ""2503"", ""6"", ""12685"", ""13840"", ""529"", ""6407"", ""12115"", ""53"", ""11832"", ""54""]",b04e5147-8ea4-46c1-8925-df76b2d99e6b
308281,"""1592""","[""331""]","""25053""","[""56"", ""4681"", ""39"", ""4662"", ""3343"", ""3160"", ""682"", ""5618"", ""2503"", ""6"", ""12685"", ""13840"", ""529"", ""6407"", ""12115"", ""53"", ""11832"", ""54""]",4bd05783-676f-42ca-8e4a-2e414d8a1579
308281,"""1592""","[""331""]","""25053""","[""56"", ""4681"", ""39"", ""4662"", ""3343"", ""3160"", ""682"", ""5618"", ""2503"", ""6"", ""12685"", ""13840"", ""529"", ""6407"", ""12115"", ""53"", ""11832"", ""54""]",3ff7b03d-96c6-4364-b906-fcba0198b9f5
308281,"""1592""","[""331""]","""25053""","[""56"", ""4681"", ""39"", ""4662"", ""3343"", ""3160"", ""682"", ""5618"", ""2503"", ""6"", ""12685"", ""13840"", ""529"", ""6407"", ""12115"", ""53"", ""11832"", ""54""]",7a1dd7bb-896a-4334-954d-a10e7b165751
301658,"""1592""","[""331""]","""25053""","[""4662"", ""3343"", ""195"", ""680"", ""3160"", ""3527"", ""3526"", ""3569"", ""3525"", ""7"", ""3344"", ""1959"", ""75"", ""54""]",1c597ebc-9165-412d-93d2-cdc1d897bbb2
301658,"""1592""","[""331""]","""25053""","[""4662"", ""3343"", ""195"", ""680"", ""3160"", ""3527"", ""3526"", ""3569"", ""3525"", ""7"", ""3344"", ""1959"", ""75"", ""54""]",13f7450f-ab2c-4cc3-884b-c41445fde815
301658,"""1592""","[""331""]","""25053""","[""4662"", ""3343"", ""195"", ""680"", ""3160"", ""3527"", ""3526"", ""3569"", ""3525"", ""7"", ""3344"", ""1959"", ""75"", ""54""]",bdec5f8a-1421-49ba-8b44-2b5d44c7d41d
301658,"""1592""","[""331""]","""25053""","[""4662"", ""3343"", ""195"", ""680"", ""3160"", ""3527"", ""3526"", ""3569"", ""3525"", ""7"", ""3344"", ""1959"", ""75"", ""54""]",8fcce1e2-d1ac-4d02-9a20-bdc5c6660eaf
142610,"""834""","[""171""]","""25021""","[""1"", ""486"", ""3"", ""4"", ""5"", ""54""]",90273ec9-d203-433d-a0aa-1113544571d7
142610,"""834""","[""171""]","""25021""","[""1"", ""486"", ""3"", ""4"", ""5"", ""54""]",326b3ec0-d404-4dbc-82cd-8363c050c6c2
142610,"""834""","[""171""]","""25021""","[""1"", ""486"", ""3"", ""4"", ""5"", ""54""]",392b279c-2c70-410a-a97c-85a424689d3e
142610,"""834""","[""171""]","""25021""","[""1"", ""486"", ""3"", ""4"", ""5"", ""54""]",6a23ab18-0715-4882-ad13-69711c1cec9f
142610,"""834""","[""171""]","""25021""","[""1"", ""486"", ""3"", ""4"", ""5"", ""54""]",947a41b5-dc21-4594-96e8-ad30a0df017a
142610,"""834""","[""171""]","""25021""","[""1"", ""486"", ""3"", ""4"", ""5"", ""54""]",50cd8cf2-e180-4376-9089-0eb1524ace7f
142610,"""834""","[""171""]","""25021""","[""1"", ""486"", ""3"", ""4"", ""5"", ""54""]",189c2b43-02b7-4ec7-8e97-04fed5420e94
142610,"""834""","[""171""]","""25021""","[""1"", ""486"", ""3"", ""4"", ""5"", ""54""]",55129848-a7a1-4ffb-9281-6a070d78689f
142610,"""834""","[""171""]","""25021""","[""1"", ""486"", ""3"", ""4"", ""5"", ""54""]",26204057-f21e-4308-a762-7f9bef66761d
142610,"""834""","[""171""]","""25021""","[""1"", ""486"", ""3"", ""4"", ""5"", ""54""]",01812541-94c4-49cc-bc74-b30a598074ba
142610,"""834""","[""171""]","""25021""","[""1"", ""486"", ""3"", ""4"", ""5"", ""54""]",46c95f94-f31c-4e01-8437-de6734acea47
142610,"""834""","[""171""]","""25021""","[""1"", ""486"", ""3"", ""4"", ""5"", ""54""]",514612bf-0b54-4f8f-a9c5-172f9d014f52
142610,"""834""","[""171""]","""25021""","[""1"", ""486"", ""3"", ""4"", ""5"", ""54""]",828cc05f-d401-4acd-9bc6-ee5064b5016c
142610,"""834""","[""171""]","""25021""","[""1"", ""486"", ""3"", ""4"", ""5"", ""54""]",0cca3d32-e19b-48e8-8027-3b766e3c59d0
142610,"""834""","[""171""]","""25021""","[""1"", ""486"", ""3"", ""4"", ""5"", ""54""]",ed1d5bff-6737-4a92-b39b-ce3e5d6c58c9
142610,"""834""","[""171""]","""25021""","[""1"", ""486"", ""3"", ""4"", ""5"", ""54""]",9bf2e750-e5b2-4661-802a-3a9078fffc5d
142610,"""834""","[""171""]","""25021""","[""1"", ""486"", ""3"", ""4"", ""5"", ""54""]",752f7c89-a61d-4e1c-852b-b91912cc5a5b
142610,"""834""","[""171""]","""25021""","[""1"", ""486"", ""3"", ""4"", ""5"", ""54""]",514612bf-0b54-4f8f-a9c5-172f9d014f52
142610,"""834""","[""171""]","""25021""","[""1"", ""486"", ""3"", ""4"", ""5"", ""54""]",beadbe6f-9881-48cb-a719-aa4ec0039c0e
142610,"""834""","[""171""]","""25021""","[""1"", ""486"", ""3"", ""4"", ""5"", ""54""]",9a642014-71a6-4a3a-84f2-1927d0f04b2d
142610,"""834""","[""171""]","""25021""","[""1"", ""486"", ""3"", ""4"", ""5"", ""54""]",7d4847dd-d6b4-4320-bec6-ecde63506aa0
142610,"""834""","[""171""]","""25021""","[""1"", ""486"", ""3"", ""4"", ""5"", ""54""]",26caef43-8644-4e57-87ea-073324cbcda9
142610,"""834""","[""171""]","""25021""","[""1"", ""486"", ""3"", ""4"", ""5"", ""54""]",24518dd2-da26-4816-80f1-00860d971973
142610,"""834""","[""171""]","""25021""","[""1"", ""486"", ""3"", ""4"", ""5"", ""54""]",0473ba50-8c65-44b0-9c64-771506b47c5f
142610,"""834""","[""171""]","""25021""","[""1"", ""486"", ""3"", ""4"", ""5"", ""54""]",b1651c83-b00c-48cb-a401-e9d262f0dd39
142610,"""834""","[""171""]","""25021""","[""1"", ""486"", ""3"", ""4"", ""5"", ""54""]",46c95f94-f31c-4e01-8437-de6734acea47
142610,"""834""","[""171""]","""25021""","[""1"", ""486"", ""3"", ""4"", ""5"", ""54""]",650ca97f-cba8-4a71-a746-2db5f7fb0ca5
142610,"""834""","[""171""]","""25021""","[""1"", ""486"", ""3"", ""4"", ""5"", ""54""]",7f68d0b7-a6f7-4bff-9913-ec2081ce731c
142610,"""834""","[""171""]","""25021""","[""1"", ""486"", ""3"", ""4"", ""5"", ""54""]",30cad92d-556f-4266-b529-7892b793f9fb
142610,"""834""","[""171""]","""25021""","[""1"", ""486"", ""3"", ""4"", ""5"", ""54""]",320e8ba0-d64b-4952-ba9e-704e3952fb27
142610,"""834""","[""171""]","""25021""","[""1"", ""486"", ""3"", ""4"", ""5"", ""54""]",320e8ba0-d64b-4952-ba9e-704e3952fb27
142610,"""834""","[""171""]","""25021""","[""1"", ""486"", ""3"", ""4"", ""5"", ""54""]",c84f15c0-312d-44d8-980a-a90e8782871b
142610,"""834""","[""171""]","""25021""","[""1"", ""486"", ""3"", ""4"", ""5"", ""54""]",c46fab9d-c133-4b5a-bbae-807d338f8e31
142610,"""834""","[""171""]","""25021""","[""1"", ""486"", ""3"", ""4"", ""5"", ""54""]",2be87ac6-8799-465b-ac90-a4e2a8f23e7c
142610,"""834""","[""171""]","""25021""","[""1"", ""486"", ""3"", ""4"", ""5"", ""54""]",0a31f987-d518-4f28-8da5-04bcddecfbca
142610,"""834""","[""171""]","""25021""","[""1"", ""486"", ""3"", ""4"", ""5"", ""54""]",6a23ab18-0715-4882-ad13-69711c1cec9f
142610,"""834""","[""171""]","""25021""","[""1"", ""486"", ""3"", ""4"", ""5"", ""54""]",6508e79e-7d7b-46a9-aa3c-737e73c9be40
142610,"""834""","[""171""]","""25021""","[""1"", ""486"", ""3"", ""4"", ""5"", ""54""]",9a3a2e93-5e74-47d3-add6-a5d1699895ec
142610,"""834""","[""171""]","""25021""","[""1"", ""486"", ""3"", ""4"", ""5"", ""54""]",57ef07e3-79a3-4425-9ec3-a472629cca7f
142610,"""834""","[""171""]","""25021""","[""1"", ""486"", ""3"", ""4"", ""5"", ""54""]",e2ef075e-25b3-4fc4-94c4-a1b786d37473
142610,"""834""","[""171""]","""25021""","[""1"", ""486"", ""3"", ""4"", ""5"", ""54""]",2c9040cb-02e3-4d5b-a8f1-fa0dd6b5f5bb
142610,"""834""","[""171""]","""25021""","[""1"", ""486"", ""3"", ""4"", ""5"", ""54""]",c84f15c0-312d-44d8-980a-a90e8782871b
142610,"""834""","[""171""]","""25021""","[""1"", ""486"", ""3"", ""4"", ""5"", ""54""]",c98f4770-cf57-46ba-b500-d0192910f381
142610,"""834""","[""171""]","""25021""","[""1"", ""486"", ""3"", ""4"", ""5"", ""54""]",85086afc-7165-4425-bd55-550749300772
142610,"""834""","[""171""]","""25021""","[""1"", ""486"", ""3"", ""4"", ""5"", ""54""]",5c00ee74-c909-4945-82d1-b63b69fa8198
142610,"""834""","[""171""]","""25021""","[""1"", ""486"", ""3"", ""4"", ""5"", ""54""]",a44d49b0-c2fb-4d8c-a32e-4267897351c3
142610,"""834""","[""171""]","""25021""","[""1"", ""486"", ""3"", ""4"", ""5"", ""54""]",e2ef075e-25b3-4fc4-94c4-a1b786d37473
142610,"""834""","[""171""]","""25021""","[""1"", ""486"", ""3"", ""4"", ""5"", ""54""]",c84f15c0-312d-44d8-980a-a90e8782871b
142610,"""834""","[""171""]","""25021""","[""1"", ""486"", ""3"", ""4"", ""5"", ""54""]",58c0b375-1004-4465-82ba-6425dc57f15c
142610,"""834""","[""171""]","""25021""","[""1"", ""486"", ""3"", ""4"", ""5"", ""54""]",ef1f34cb-9407-40f4-aed2-240c661d97a1
142610,"""834""","[""171""]","""25021""","[""1"", ""486"", ""3"", ""4"", ""5"", ""54""]",46c95f94-f31c-4e01-8437-de6734acea47
142610,"""834""","[""171""]","""25021""","[""1"", ""486"", ""3"", ""4"", ""5"", ""54""]",217753d1-dd1e-48c9-943d-e1045c29d2c0
142610,"""834""","[""171""]","""25021""","[""1"", ""486"", ""3"", ""4"", ""5"", ""54""]",c84f15c0-312d-44d8-980a-a90e8782871b
142610,"""834""","[""171""]","""25021""","[""1"", ""486"", ""3"", ""4"", ""5"", ""54""]",e896d582-cca9-464d-b434-007e90215e28
142610,"""834""","[""171""]","""25021""","[""1"", ""486"", ""3"", ""4"", ""5"", ""54""]",3af6f4aa-8077-49db-8175-86a34f269b91
142610,"""834""","[""171""]","""25021""","[""1"", ""486"", ""3"", ""4"", ""5"", ""54""]",95a308f0-23f5-4f7f-9d82-c59c59d21cbc
142610,"""834""","[""171""]","""25021""","[""1"", ""486"", ""3"", ""4"", ""5"", ""54""]",05422aa1-93d2-4b6a-84ad-dc577f623869
142610,"""834""","[""171""]","""25021""","[""1"", ""486"", ""3"", ""4"", ""5"", ""54""]",30cdfe13-b9e2-46ec-a240-9293e15a8ca2
142610,"""834""","[""171""]","""25021""","[""1"", ""486"", ""3"", ""4"", ""5"", ""54""]",eca9a374-20c7-4fe5-8c2c-04a24a8fa168
142610,"""834""","[""171""]","""25021""","[""1"", ""486"", ""3"", ""4"", ""5"", ""54""]",cc3e1649-5398-4e5d-a402-ef90ec2365d8
142610,"""834""","[""171""]","""25021""","[""1"", ""486"", ""3"", ""4"", ""5"", ""54""]",c84f15c0-312d-44d8-980a-a90e8782871b
142610,"""834""","[""171""]","""25021""","[""1"", ""486"", ""3"", ""4"", ""5"", ""54""]",92170a63-304a-4689-ae32-cc54ca74023b
142610,"""834""","[""171""]","""25021""","[""1"", ""486"", ""3"", ""4"", ""5"", ""54""]",a8047d6e-7f19-4e3d-845c-e98ebdcd5961
142610,"""834""","[""171""]","""25021""","[""1"", ""486"", ""3"", ""4"", ""5"", ""54""]",88643b2e-671a-4e6c-b0aa-d8923557b493
142610,"""834""","[""171""]","""25021""","[""1"", ""486"", ""3"", ""4"", ""5"", ""54""]",85086afc-7165-4425-bd55-550749300772
142610,"""834""","[""171""]","""25021""","[""1"", ""486"", ""3"", ""4"", ""5"", ""54""]",320e8ba0-d64b-4952-ba9e-704e3952fb27
142610,"""834""","[""171""]","""25021""","[""1"", ""486"", ""3"", ""4"", ""5"", ""54""]",5f92b49e-564a-4426-b07f-5aee30fe389c
142610,"""834""","[""171""]","""25021""","[""1"", ""486"", ""3"", ""4"", ""5"", ""54""]",9eb0b521-f7bd-405e-b9d6-a7c53c4c5396
142610,"""834""","[""171""]","""25021""","[""1"", ""486"", ""3"", ""4"", ""5"", ""54""]",39d3c867-ac59-41c8-a60c-1ba058ce8c3d
142610,"""834""","[""171""]","""25021""","[""1"", ""486"", ""3"", ""4"", ""5"", ""54""]",752f7c89-a61d-4e1c-852b-b91912cc5a5b
142610,"""834""","[""171""]","""25021""","[""1"", ""486"", ""3"", ""4"", ""5"", ""54""]",0f70f05a-6967-4466-87fe-c8e45a093ae9
142610,"""834""","[""171""]","""25021""","[""1"", ""486"", ""3"", ""4"", ""5"", ""54""]",eac08f49-9b0f-4322-81dc-e29639a13100
142610,"""834""","[""171""]","""25021""","[""1"", ""486"", ""3"", ""4"", ""5"", ""54""]",b9fd4a81-aa79-4de8-89b8-6feab9eb4161
142610,"""834""","[""171""]","""25021""","[""1"", ""486"", ""3"", ""4"", ""5"", ""54""]",c31d544e-206c-4d65-807d-25d2d618536c
142610,"""834""","[""171""]","""25021""","[""1"", ""486"", ""3"", ""4"", ""5"", ""54""]",35554296-2f61-4db8-bc20-85fc0a2b802d
142610,"""834""","[""171""]","""25021""","[""1"", ""486"", ""3"", ""4"", ""5"", ""54""]",e2ef075e-25b3-4fc4-94c4-a1b786d37473
142610,"""834""","[""171""]","""25021""","[""1"", ""486"", ""3"", ""4"", ""5"", ""54""]",860c2522-be02-426a-89ae-2b7148fb4263
142610,"""834""","[""171""]","""25021""","[""1"", ""486"", ""3"", ""4"", ""5"", ""54""]",c84f15c0-312d-44d8-980a-a90e8782871b
142610,"""834""","[""171""]","""25021""","[""1"", ""486"", ""3"", ""4"", ""5"", ""54""]",320e8ba0-d64b-4952-ba9e-704e3952fb27
142610,"""834""","[""171""]","""25021""","[""1"", ""486"", ""3"", ""4"", ""5"", ""54""]",24518dd2-da26-4816-80f1-00860d971973
142610,"""834""","[""171""]","""25021""","[""1"", ""486"", ""3"", ""4"", ""5"", ""54""]",24518dd2-da26-4816-80f1-00860d971973
142610,"""834""","[""171""]","""25021""","[""1"", ""486"", ""3"", ""4"", ""5"", ""54""]",26204057-f21e-4308-a762-7f9bef66761d
142610,"""834""","[""171""]","""25021""","[""1"", ""486"", ""3"", ""4"", ""5"", ""54""]",46c95f94-f31c-4e01-8437-de6734acea47
142610,"""834""","[""171""]","""25021""","[""1"", ""486"", ""3"", ""4"", ""5"", ""54""]",c13a59cf-3a9b-4490-b911-64fe029d2429
142610,"""834""","[""171""]","""25021""","[""1"", ""486"", ""3"", ""4"", ""5"", ""54""]",217753d1-dd1e-48c9-943d-e1045c29d2c0
142610,"""834""","[""171""]","""25021""","[""1"", ""486"", ""3"", ""4"", ""5"", ""54""]",43654c0c-22a2-4a25-beb9-26ada6bd60ed
142610,"""834""","[""171""]","""25021""","[""1"", ""486"", ""3"", ""4"", ""5"", ""54""]",ed321091-8a6b-4d63-9235-47b1699941ff
142610,"""834""","[""171""]","""25021""","[""1"", ""486"", ""3"", ""4"", ""5"", ""54""]",f5886c7d-d4b0-4f79-9622-0450bb358aa5
142610,"""834""","[""171""]","""25021""","[""1"", ""486"", ""3"", ""4"", ""5"", ""54""]",5aa33e87-9d06-4e1f-9b28-414f3b859d62
142610,"""834""","[""171""]","""25021""","[""1"", ""486"", ""3"", ""4"", ""5"", ""54""]",24518dd2-da26-4816-80f1-00860d971973
142610,"""834""","[""171""]","""25021""","[""1"", ""486"", ""3"", ""4"", ""5"", ""54""]",f81b4121-8119-41ae-a1ab-50f484a9df3e
142610,"""834""","[""171""]","""25021""","[""1"", ""486"", ""3"", ""4"", ""5"", ""54""]",3af6f4aa-8077-49db-8175-86a34f269b91
142610,"""834""","[""171""]","""25021""","[""1"", ""486"", ""3"", ""4"", ""5"", ""54""]",7d43c13f-c00e-4b5b-855e-e2194893f271
142610,"""834""","[""171""]","""25021""","[""1"", ""486"", ""3"", ""4"", ""5"", ""54""]",f5886c7d-d4b0-4f79-9622-0450bb358aa5
142610,"""834""","[""171""]","""25021""","[""1"", ""486"", ""3"", ""4"", ""5"", ""54""]",9aa39157-2812-4ab7-9c02-cba1d7b482d8
142610,"""834""","[""171""]","""25021""","[""1"", ""486"", ""3"", ""4"", ""5"", ""54""]",6878f2f6-5361-4b60-b605-18c26edfd18a
142610,"""834""","[""171""]","""25021""","[""1"", ""486"", ""3"", ""4"", ""5"", ""54""]",49a91c33-dfdf-49b0-a466-b5cd223370a7
142610,"""834""","[""171""]","""25021""","[""1"", ""486"", ""3"", ""4"", ""5"", ""54""]",1a32f0e0-3723-43ea-924f-c1b18e154ee6
142610,"""834""","[""171""]","""25021""","[""1"", ""486"", ""3"", ""4"", ""5"", ""54""]",752f7c89-a61d-4e1c-852b-b91912cc5a5b
142610,"""834""","[""171""]","""25021""","[""1"", ""486"", ""3"", ""4"", ""5"", ""54""]",abe50eb0-4a41-4eab-a700-243dfe966ca4
142610,"""834""","[""171""]","""25021""","[""1"", ""486"", ""3"", ""4"", ""5"", ""54""]",46c95f94-f31c-4e01-8437-de6734acea47
142610,"""834""","[""171""]","""25021""","[""1"", ""486"", ""3"", ""4"", ""5"", ""54""]",79424fe7-17e0-4a25-bc23-5b6f6692af5a
142610,"""834""","[""171""]","""25021""","[""1"", ""486"", ""3"", ""4"", ""5"", ""54""]",86c55bd8-350a-41da-b255-f8eae342dc6c
142610,"""834""","[""171""]","""25021""","[""1"", ""486"", ""3"", ""4"", ""5"", ""54""]",e198b372-15b4-4565-bfa6-113b3de52d9d
142610,"""834""","[""171""]","""25021""","[""1"", ""486"", ""3"", ""4"", ""5"", ""54""]",ea6f1d07-0fbe-4446-b1f5-52f834262b22
142610,"""834""","[""171""]","""25021""","[""1"", ""486"", ""3"", ""4"", ""5"", ""54""]",5da3fb84-9a2a-469d-ad3b-ff1ced232898
142610,"""834""","[""171""]","""25021""","[""1"", ""486"", ""3"", ""4"", ""5"", ""54""]",320e8ba0-d64b-4952-ba9e-704e3952fb27
142610,"""834""","[""171""]","""25021""","[""1"", ""486"", ""3"", ""4"", ""5"", ""54""]",c84f15c0-312d-44d8-980a-a90e8782871b
142610,"""834""","[""171""]","""25021""","[""1"", ""486"", ""3"", ""4"", ""5"", ""54""]",910cf858-5038-4354-a972-d81f68a04784
142610,"""834""","[""171""]","""25021""","[""1"", ""486"", ""3"", ""4"", ""5"", ""54""]",f5886c7d-d4b0-4f79-9622-0450bb358aa5
142610,"""834""","[""171""]","""25021""","[""1"", ""486"", ""3"", ""4"", ""5"", ""54""]",87ab40b4-4390-4ea7-b06c-2f95c92f36d2
142610,"""834""","[""171""]","""25021""","[""1"", ""486"", ""3"", ""4"", ""5"", ""54""]",f72032eb-c2c3-4342-a0b8-b89ed7e82f85
142610,"""834""","[""171""]","""25021""","[""1"", ""486"", ""3"", ""4"", ""5"", ""54""]",61d4ba56-5682-4233-bc41-daf61ea3e720
142610,"""834""","[""171""]","""25021""","[""1"", ""486"", ""3"", ""4"", ""5"", ""54""]",6a23ab18-0715-4882-ad13-69711c1cec9f
142610,"""834""","[""171""]","""25021""","[""1"", ""486"", ""3"", ""4"", ""5"", ""54""]",a8047d6e-7f19-4e3d-845c-e98ebdcd5961
142610,"""834""","[""171""]","""25021""","[""1"", ""486"", ""3"", ""4"", ""5"", ""54""]",24518dd2-da26-4816-80f1-00860d971973
142610,"""834""","[""171""]","""25021""","[""1"", ""486"", ""3"", ""4"", ""5"", ""54""]",51e177c1-4074-49d4-9e4c-097ee9e0222c
142610,"""834""","[""171""]","""25021""","[""1"", ""486"", ""3"", ""4"", ""5"", ""54""]",9eb42872-e186-4e04-adcb-ec25075f40e2
142610,"""834""","[""171""]","""25021""","[""1"", ""486"", ""3"", ""4"", ""5"", ""54""]",24518dd2-da26-4816-80f1-00860d971973
142610,"""834""","[""171""]","""25021""","[""1"", ""486"", ""3"", ""4"", ""5"", ""54""]",3af6f4aa-8077-49db-8175-86a34f269b91
142610,"""834""","[""171""]","""25021""","[""1"", ""486"", ""3"", ""4"", ""5"", ""54""]",51a6df87-9601-4a9b-8e37-1d3e59ba146e
142610,"""834""","[""171""]","""25021""","[""1"", ""486"", ""3"", ""4"", ""5"", ""54""]",6a23ab18-0715-4882-ad13-69711c1cec9f
142610,"""834""","[""171""]","""25021""","[""1"", ""486"", ""3"", ""4"", ""5"", ""54""]",c7ef5f43-0672-4dd5-81c4-f273607cdf99
142610,"""834""","[""171""]","""25021""","[""1"", ""486"", ""3"", ""4"", ""5"", ""54""]",e2ef075e-25b3-4fc4-94c4-a1b786d37473
142610,"""834""","[""171""]","""25021""","[""1"", ""486"", ""3"", ""4"", ""5"", ""54""]",c84f15c0-312d-44d8-980a-a90e8782871b
142610,"""834""","[""171""]","""25021""","[""1"", ""486"", ""3"", ""4"", ""5"", ""54""]",87ab40b4-4390-4ea7-b06c-2f95c92f36d2
142610,"""834""","[""171""]","""25021""","[""1"", ""486"", ""3"", ""4"", ""5"", ""54""]",514612bf-0b54-4f8f-a9c5-172f9d014f52
142610,"""834""","[""171""]","""25021""","[""1"", ""486"", ""3"", ""4"", ""5"", ""54""]",a8047d6e-7f19-4e3d-845c-e98ebdcd5961
301658,"""1592""","[""331""]","""25053""","[""4662"", ""3343"", ""195"", ""680"", ""3160"", ""3527"", ""3526"", ""3569"", ""3525"", ""7"", ""3344"", ""1959"", ""75"", ""54""]",68fa31b3-40da-417c-8bfd-14bec94657e2
301658,"""1592""","[""331""]","""25053""","[""4662"", ""3343"", ""195"", ""680"", ""3160"", ""3527"", ""3526"", ""3569"", ""3525"", ""7"", ""3344"", ""1959"", ""75"", ""54""]",1202bed2-d557-448f-b786-7a486e64c3a5
301658,"""1592""","[""331""]","""25053""","[""4662"", ""3343"", ""195"", ""680"", ""3160"", ""3527"", ""3526"", ""3569"", ""3525"", ""7"", ""3344"", ""1959"", ""75"", ""54""]",06d0e3c6-7dfa-4460-bec9-c0d0e6f29956
301658,"""1592""","[""331""]","""25053""","[""4662"", ""3343"", ""195"", ""680"", ""3160"", ""3527"", ""3526"", ""3569"", ""3525"", ""7"", ""3344"", ""1959"", ""75"", ""54""]",7ccd50a5-4a0a-4bb4-89d7-89cf1bc8bb41
301658,"""1592""","[""331""]","""25053""","[""4662"", ""3343"", ""195"", ""680"", ""3160"", ""3527"", ""3526"", ""3569"", ""3525"", ""7"", ""3344"", ""1959"", ""75"", ""54""]",48f90c2c-3d77-4696-ab11-92e0996dd14c
301658,"""1592""","[""331""]","""25053""","[""4662"", ""3343"", ""195"", ""680"", ""3160"", ""3527"", ""3526"", ""3569"", ""3525"", ""7"", ""3344"", ""1959"", ""75"", ""54""]",f48662a4-144b-4f71-9660-7cc7fd4c808a
301658,"""1592""","[""331""]","""25053""","[""4662"", ""3343"", ""195"", ""680"", ""3160"", ""3527"", ""3526"", ""3569"", ""3525"", ""7"", ""3344"", ""1959"", ""75"", ""54""]",2115f2e6-23d5-4f9a-9536-94e97a692ef8
301658,"""1592""","[""331""]","""25053""","[""4662"", ""3343"", ""195"", ""680"", ""3160"", ""3527"", ""3526"", ""3569"", ""3525"", ""7"", ""3344"", ""1959"", ""75"", ""54""]",c8172c3a-1f7b-422e-931e-4b00e3913079
301658,"""1592""","[""331""]","""25053""","[""4662"", ""3343"", ""195"", ""680"", ""3160"", ""3527"", ""3526"", ""3569"", ""3525"", ""7"", ""3344"", ""1959"", ""75"", ""54""]",4b42a330-f8bc-479f-9dab-67d94c46e554
301658,"""1592""","[""331""]","""25053""","[""4662"", ""3343"", ""195"", ""680"", ""3160"", ""3527"", ""3526"", ""3569"", ""3525"", ""7"", ""3344"", ""1959"", ""75"", ""54""]",0abf7b87-8400-4a7a-9ed6-a12e1a46e92b
301658,"""1592""","[""331""]","""25053""","[""4662"", ""3343"", ""195"", ""680"", ""3160"", ""3527"", ""3526"", ""3569"", ""3525"", ""7"", ""3344"", ""1959"", ""75"", ""54""]",24b1d3c6-98ee-4072-8c03-231698076dc5
301658,"""1592""","[""331""]","""25053""","[""4662"", ""3343"", ""195"", ""680"", ""3160"", ""3527"", ""3526"", ""3569"", ""3525"", ""7"", ""3344"", ""1959"", ""75"", ""54""]",2880f256-5960-41d5-a580-1c3053568e61
301658,"""1592""","[""331""]","""25053""","[""4662"", ""3343"", ""195"", ""680"", ""3160"", ""3527"", ""3526"", ""3569"", ""3525"", ""7"", ""3344"", ""1959"", ""75"", ""54""]",af526bed-af3a-40cb-92d5-9cd19540c7a3
301658,"""1592""","[""331""]","""25053""","[""4662"", ""3343"", ""195"", ""680"", ""3160"", ""3527"", ""3526"", ""3569"", ""3525"", ""7"", ""3344"", ""1959"", ""75"", ""54""]",e1074974-6c91-4f05-be2a-68e5af0f658f
301658,"""1592""","[""331""]","""25053""","[""4662"", ""3343"", ""195"", ""680"", ""3160"", ""3527"", ""3526"", ""3569"", ""3525"", ""7"", ""3344"", ""1959"", ""75"", ""54""]",d882d781-6a0a-4fcf-8e42-437e369d6dfc
301658,"""1592""","[""331""]","""25053""","[""4662"", ""3343"", ""195"", ""680"", ""3160"", ""3527"", ""3526"", ""3569"", ""3525"", ""7"", ""3344"", ""1959"", ""75"", ""54""]",7d69dd64-0d80-4d9e-ac64-6bb505585762
301658,"""1592""","[""331""]","""25053""","[""4662"", ""3343"", ""195"", ""680"", ""3160"", ""3527"", ""3526"", ""3569"", ""3525"", ""7"", ""3344"", ""1959"", ""75"", ""54""]",fbdf28b0-8f55-49a6-a41a-49c82192e0f6
301658,"""1592""","[""331""]","""25053""","[""4662"", ""3343"", ""195"", ""680"", ""3160"", ""3527"", ""3526"", ""3569"", ""3525"", ""7"", ""3344"", ""1959"", ""75"", ""54""]",a40efcb4-9821-4c7f-82e9-d4cb61a21e65
301658,"""1592""","[""331""]","""25053""","[""4662"", ""3343"", ""195"", ""680"", ""3160"", ""3527"", ""3526"", ""3569"", ""3525"", ""7"", ""3344"", ""1959"", ""75"", ""54""]",70254e14-2608-405d-9f87-cb92f8a3dcfe
301658,"""1592""","[""331""]","""25053""","[""4662"", ""3343"", ""195"", ""680"", ""3160"", ""3527"", ""3526"", ""3569"", ""3525"", ""7"", ""3344"", ""1959"", ""75"", ""54""]",c0bfaff2-c5f3-446b-b72d-3f3b4ea24359
301658,"""1592""","[""331""]","""25053""","[""4662"", ""3343"", ""195"", ""680"", ""3160"", ""3527"", ""3526"", ""3569"", ""3525"", ""7"", ""3344"", ""1959"", ""75"", ""54""]",7d69dd64-0d80-4d9e-ac64-6bb505585762
301658,"""1592""","[""331""]","""25053""","[""4662"", ""3343"", ""195"", ""680"", ""3160"", ""3527"", ""3526"", ""3569"", ""3525"", ""7"", ""3344"", ""1959"", ""75"", ""54""]",1ae98829-f1f1-43ad-91f0-be25133e0363
301658,"""1592""","[""331""]","""25053""","[""4662"", ""3343"", ""195"", ""680"", ""3160"", ""3527"", ""3526"", ""3569"", ""3525"", ""7"", ""3344"", ""1959"", ""75"", ""54""]",27510317-5df6-425c-b71f-e130687909de
301658,"""1592""","[""331""]","""25053""","[""4662"", ""3343"", ""195"", ""680"", ""3160"", ""3527"", ""3526"", ""3569"", ""3525"", ""7"", ""3344"", ""1959"", ""75"", ""54""]",2e57cda5-9787-4208-9b52-95bd85f41a58
301658,"""1592""","[""331""]","""25053""","[""4662"", ""3343"", ""195"", ""680"", ""3160"", ""3527"", ""3526"", ""3569"", ""3525"", ""7"", ""3344"", ""1959"", ""75"", ""54""]",fba80081-91cd-48e1-95a6-39c4d6a0499c
301658,"""1592""","[""331""]","""25053""","[""4662"", ""3343"", ""195"", ""680"", ""3160"", ""3527"", ""3526"", ""3569"", ""3525"", ""7"", ""3344"", ""1959"", ""75"", ""54""]",6a4296db-0931-42a0-93a1-774b1c7a5f93
301658,"""1592""","[""331""]","""25053""","[""4662"", ""3343"", ""195"", ""680"", ""3160"", ""3527"", ""3526"", ""3569"", ""3525"", ""7"", ""3344"", ""1959"", ""75"", ""54""]",8c42352c-d0fa-47bc-a04e-4b73f58ae0ec
301658,"""1592""","[""331""]","""25053""","[""4662"", ""3343"", ""195"", ""680"", ""3160"", ""3527"", ""3526"", ""3569"", ""3525"", ""7"", ""3344"", ""1959"", ""75"", ""54""]",e9ceae1a-267e-44b6-b9e0-3391aa3773ef
301658,"""1592""","[""331""]","""25053""","[""4662"", ""3343"", ""195"", ""680"", ""3160"", ""3527"", ""3526"", ""3569"", ""3525"", ""7"", ""3344"", ""1959"", ""75"", ""54""]",26757f32-f511-49d2-97c1-a9201564737f
301658,"""1592""","[""331""]","""25053""","[""4662"", ""3343"", ""195"", ""680"", ""3160"", ""3527"", ""3526"", ""3569"", ""3525"", ""7"", ""3344"", ""1959"", ""75"", ""54""]",ad6c8329-fe51-4561-b247-ed3bc2d816e9
301658,"""1592""","[""331""]","""25053""","[""4662"", ""3343"", ""195"", ""680"", ""3160"", ""3527"", ""3526"", ""3569"", ""3525"", ""7"", ""3344"", ""1959"", ""75"", ""54""]",946c9552-0905-45ee-b6c1-9df5dc906caa
301658,"""1592""","[""331""]","""25053""","[""4662"", ""3343"", ""195"", ""680"", ""3160"", ""3527"", ""3526"", ""3569"", ""3525"", ""7"", ""3344"", ""1959"", ""75"", ""54""]",f9f04525-ee62-464f-afd0-d9ec12c6fd18
301658,"""1592""","[""331""]","""25053""","[""4662"", ""3343"", ""195"", ""680"", ""3160"", ""3527"", ""3526"", ""3569"", ""3525"", ""7"", ""3344"", ""1959"", ""75"", ""54""]",47780a2c-30ca-4e76-a95b-5dfbb06d10b6
301658,"""1592""","[""331""]","""25053""","[""4662"", ""3343"", ""195"", ""680"", ""3160"", ""3527"", ""3526"", ""3569"", ""3525"", ""7"", ""3344"", ""1959"", ""75"", ""54""]",47780a2c-30ca-4e76-a95b-5dfbb06d10b6
301658,"""1592""","[""331""]","""25053""","[""4662"", ""3343"", ""195"", ""680"", ""3160"", ""3527"", ""3526"", ""3569"", ""3525"", ""7"", ""3344"", ""1959"", ""75"", ""54""]",70254e14-2608-405d-9f87-cb92f8a3dcfe
301658,"""1592""","[""331""]","""25053""","[""4662"", ""3343"", ""195"", ""680"", ""3160"", ""3527"", ""3526"", ""3569"", ""3525"", ""7"", ""3344"", ""1959"", ""75"", ""54""]",72099228-1fb5-4fbf-ac30-4dd906b26186
301658,"""1592""","[""331""]","""25053""","[""4662"", ""3343"", ""195"", ""680"", ""3160"", ""3527"", ""3526"", ""3569"", ""3525"", ""7"", ""3344"", ""1959"", ""75"", ""54""]",32a5c800-b2d9-4cfc-8658-7ee5a993f3a8
301658,"""1592""","[""331""]","""25053""","[""4662"", ""3343"", ""195"", ""680"", ""3160"", ""3527"", ""3526"", ""3569"", ""3525"", ""7"", ""3344"", ""1959"", ""75"", ""54""]",cc933a9c-79ce-4dcd-829b-341a2150c76f
301658,"""1592""","[""331""]","""25053""","[""4662"", ""3343"", ""195"", ""680"", ""3160"", ""3527"", ""3526"", ""3569"", ""3525"", ""7"", ""3344"", ""1959"", ""75"", ""54""]",e026c0b9-034c-475a-bba5-cd3290eef9ee
301658,"""1592""","[""331""]","""25053""","[""4662"", ""3343"", ""195"", ""680"", ""3160"", ""3527"", ""3526"", ""3569"", ""3525"", ""7"", ""3344"", ""1959"", ""75"", ""54""]",4120e256-43a4-4a30-9dcd-c5c9d33cd58b
301658,"""1592""","[""331""]","""25053""","[""4662"", ""3343"", ""195"", ""680"", ""3160"", ""3527"", ""3526"", ""3569"", ""3525"", ""7"", ""3344"", ""1959"", ""75"", ""54""]",7d69dd64-0d80-4d9e-ac64-6bb505585762
301658,"""1592""","[""331""]","""25053""","[""4662"", ""3343"", ""195"", ""680"", ""3160"", ""3527"", ""3526"", ""3569"", ""3525"", ""7"", ""3344"", ""1959"", ""75"", ""54""]",92c67cde-e055-423d-b11f-edacd91c7f43
301658,"""1592""","[""331""]","""25053""","[""4662"", ""3343"", ""195"", ""680"", ""3160"", ""3527"", ""3526"", ""3569"", ""3525"", ""7"", ""3344"", ""1959"", ""75"", ""54""]",7d69dd64-0d80-4d9e-ac64-6bb505585762
301658,"""1592""","[""331""]","""25053""","[""4662"", ""3343"", ""195"", ""680"", ""3160"", ""3527"", ""3526"", ""3569"", ""3525"", ""7"", ""3344"", ""1959"", ""75"", ""54""]",e026c0b9-034c-475a-bba5-cd3290eef9ee
301658,"""1592""","[""331""]","""25053""","[""4662"", ""3343"", ""195"", ""680"", ""3160"", ""3527"", ""3526"", ""3569"", ""3525"", ""7"", ""3344"", ""1959"", ""75"", ""54""]",2f3396e2-f4db-48d8-b800-64770e176a45
301658,"""1592""","[""331""]","""25053""","[""4662"", ""3343"", ""195"", ""680"", ""3160"", ""3527"", ""3526"", ""3569"", ""3525"", ""7"", ""3344"", ""1959"", ""75"", ""54""]",efdcc91e-0e0a-4873-b3d6-697bd335d7aa
301658,"""1592""","[""331""]","""25053""","[""4662"", ""3343"", ""195"", ""680"", ""3160"", ""3527"", ""3526"", ""3569"", ""3525"", ""7"", ""3344"", ""1959"", ""75"", ""54""]",f9f04525-ee62-464f-afd0-d9ec12c6fd18
301658,"""1592""","[""331""]","""25053""","[""4662"", ""3343"", ""195"", ""680"", ""3160"", ""3527"", ""3526"", ""3569"", ""3525"", ""7"", ""3344"", ""1959"", ""75"", ""54""]",d119a992-3498-4514-89bf-3307232f3d80
301658,"""1592""","[""331""]","""25053""","[""4662"", ""3343"", ""195"", ""680"", ""3160"", ""3527"", ""3526"", ""3569"", ""3525"", ""7"", ""3344"", ""1959"", ""75"", ""54""]",a22304ce-ee9d-42f6-995c-b4daac7609a5
301658,"""1592""","[""331""]","""25053""","[""4662"", ""3343"", ""195"", ""680"", ""3160"", ""3527"", ""3526"", ""3569"", ""3525"", ""7"", ""3344"", ""1959"", ""75"", ""54""]",6a4296db-0931-42a0-93a1-774b1c7a5f93
301658,"""1592""","[""331""]","""25053""","[""4662"", ""3343"", ""195"", ""680"", ""3160"", ""3527"", ""3526"", ""3569"", ""3525"", ""7"", ""3344"", ""1959"", ""75"", ""54""]",8c42352c-d0fa-47bc-a04e-4b73f58ae0ec
301658,"""1592""","[""331""]","""25053""","[""4662"", ""3343"", ""195"", ""680"", ""3160"", ""3527"", ""3526"", ""3569"", ""3525"", ""7"", ""3344"", ""1959"", ""75"", ""54""]",2115f2e6-23d5-4f9a-9536-94e97a692ef8
301658,"""1592""","[""331""]","""25053""","[""4662"", ""3343"", ""195"", ""680"", ""3160"", ""3527"", ""3526"", ""3569"", ""3525"", ""7"", ""3344"", ""1959"", ""75"", ""54""]",47780a2c-30ca-4e76-a95b-5dfbb06d10b6
301658,"""1592""","[""331""]","""25053""","[""4662"", ""3343"", ""195"", ""680"", ""3160"", ""3527"", ""3526"", ""3569"", ""3525"", ""7"", ""3344"", ""1959"", ""75"", ""54""]",d119a992-3498-4514-89bf-3307232f3d80
301658,"""1592""","[""331""]","""25053""","[""4662"", ""3343"", ""195"", ""680"", ""3160"", ""3527"", ""3526"", ""3569"", ""3525"", ""7"", ""3344"", ""1959"", ""75"", ""54""]",0e444732-2081-43e8-9f2e-5db2895bf319
301658,"""1592""","[""331""]","""25053""","[""4662"", ""3343"", ""195"", ""680"", ""3160"", ""3527"", ""3526"", ""3569"", ""3525"", ""7"", ""3344"", ""1959"", ""75"", ""54""]",c60c519f-97b4-41e9-83cc-6da597733a93
301658,"""1592""","[""331""]","""25053""","[""4662"", ""3343"", ""195"", ""680"", ""3160"", ""3527"", ""3526"", ""3569"", ""3525"", ""7"", ""3344"", ""1959"", ""75"", ""54""]",06d0e3c6-7dfa-4460-bec9-c0d0e6f29956
301658,"""1592""","[""331""]","""25053""","[""4662"", ""3343"", ""195"", ""680"", ""3160"", ""3527"", ""3526"", ""3569"", ""3525"", ""7"", ""3344"", ""1959"", ""75"", ""54""]",9607bbce-243b-4fa3-9342-ab11853f59fb
301658,"""1592""","[""331""]","""25053""","[""4662"", ""3343"", ""195"", ""680"", ""3160"", ""3527"", ""3526"", ""3569"", ""3525"", ""7"", ""3344"", ""1959"", ""75"", ""54""]",4b795683-efee-45eb-8f6a-b9bbf72355d5
301658,"""1592""","[""331""]","""25053""","[""4662"", ""3343"", ""195"", ""680"", ""3160"", ""3527"", ""3526"", ""3569"", ""3525"", ""7"", ""3344"", ""1959"", ""75"", ""54""]",7d69dd64-0d80-4d9e-ac64-6bb505585762
301658,"""1592""","[""331""]","""25053""","[""4662"", ""3343"", ""195"", ""680"", ""3160"", ""3527"", ""3526"", ""3569"", ""3525"", ""7"", ""3344"", ""1959"", ""75"", ""54""]",cbde188f-a043-49fb-9e33-f685d1f1cc82
301658,"""1592""","[""331""]","""25053""","[""4662"", ""3343"", ""195"", ""680"", ""3160"", ""3527"", ""3526"", ""3569"", ""3525"", ""7"", ""3344"", ""1959"", ""75"", ""54""]",8625dd1f-3163-44c6-8ccc-dd19ccff1792
301658,"""1592""","[""331""]","""25053""","[""4662"", ""3343"", ""195"", ""680"", ""3160"", ""3527"", ""3526"", ""3569"", ""3525"", ""7"", ""3344"", ""1959"", ""75"", ""54""]",3ff7b03d-96c6-4364-b906-fcba0198b9f5
301658,"""1592""","[""331""]","""25053""","[""4662"", ""3343"", ""195"", ""680"", ""3160"", ""3527"", ""3526"", ""3569"", ""3525"", ""7"", ""3344"", ""1959"", ""75"", ""54""]",70254e14-2608-405d-9f87-cb92f8a3dcfe
301658,"""1592""","[""331""]","""25053""","[""4662"", ""3343"", ""195"", ""680"", ""3160"", ""3527"", ""3526"", ""3569"", ""3525"", ""7"", ""3344"", ""1959"", ""75"", ""54""]",782320c0-ca67-4551-a21e-b633e2a18bdb
301658,"""1592""","[""331""]","""25053""","[""4662"", ""3343"", ""195"", ""680"", ""3160"", ""3527"", ""3526"", ""3569"", ""3525"", ""7"", ""3344"", ""1959"", ""75"", ""54""]",50f197ac-d858-44d4-aa3c-d2bbfb3e286b
301658,"""1592""","[""331""]","""25053""","[""4662"", ""3343"", ""195"", ""680"", ""3160"", ""3527"", ""3526"", ""3569"", ""3525"", ""7"", ""3344"", ""1959"", ""75"", ""54""]",3162ea26-61b4-4627-8873-9c1bfa807542
301658,"""1592""","[""331""]","""25053""","[""4662"", ""3343"", ""195"", ""680"", ""3160"", ""3527"", ""3526"", ""3569"", ""3525"", ""7"", ""3344"", ""1959"", ""75"", ""54""]",7d69dd64-0d80-4d9e-ac64-6bb505585762
301658,"""1592""","[""331""]","""25053""","[""4662"", ""3343"", ""195"", ""680"", ""3160"", ""3527"", ""3526"", ""3569"", ""3525"", ""7"", ""3344"", ""1959"", ""75"", ""54""]",7b44eba4-1276-4091-8ee4-cf4e78c18d6d
301658,"""1592""","[""331""]","""25053""","[""4662"", ""3343"", ""195"", ""680"", ""3160"", ""3527"", ""3526"", ""3569"", ""3525"", ""7"", ""3344"", ""1959"", ""75"", ""54""]",4d7838b4-9ce3-428e-9bd6-54470c67de54
301658,"""1592""","[""331""]","""25053""","[""4662"", ""3343"", ""195"", ""680"", ""3160"", ""3527"", ""3526"", ""3569"", ""3525"", ""7"", ""3344"", ""1959"", ""75"", ""54""]",7164f336-b2ae-4d76-a910-ca6aec4ae16f
301658,"""1592""","[""331""]","""25053""","[""4662"", ""3343"", ""195"", ""680"", ""3160"", ""3527"", ""3526"", ""3569"", ""3525"", ""7"", ""3344"", ""1959"", ""75"", ""54""]",0abf7b87-8400-4a7a-9ed6-a12e1a46e92b
301658,"""1592""","[""331""]","""25053""","[""4662"", ""3343"", ""195"", ""680"", ""3160"", ""3527"", ""3526"", ""3569"", ""3525"", ""7"", ""3344"", ""1959"", ""75"", ""54""]",f9f04525-ee62-464f-afd0-d9ec12c6fd18
301658,"""1592""","[""331""]","""25053""","[""4662"", ""3343"", ""195"", ""680"", ""3160"", ""3527"", ""3526"", ""3569"", ""3525"", ""7"", ""3344"", ""1959"", ""75"", ""54""]",087cec1e-73aa-4505-bc74-29d5bd1f16b0
142610,"""834""","[""171""]","""25021""","[""1"", ""486"", ""3"", ""4"", ""5"", ""54""]",f5886c7d-d4b0-4f79-9622-0450bb358aa5
142610,"""834""","[""171""]","""25021""","[""1"", ""486"", ""3"", ""4"", ""5"", ""54""]",1c3a8f09-f2c1-4e84-9e2e-0f0f62ba27b3
142610,"""834""","[""171""]","""25021""","[""1"", ""486"", ""3"", ""4"", ""5"", ""54""]",6a23ab18-0715-4882-ad13-69711c1cec9f
142610,"""834""","[""171""]","""25021""","[""1"", ""486"", ""3"", ""4"", ""5"", ""54""]",458fafaa-f0a0-498f-8c4f-b9e2d39d2aca
142610,"""834""","[""171""]","""25021""","[""1"", ""486"", ""3"", ""4"", ""5"", ""54""]",87ab40b4-4390-4ea7-b06c-2f95c92f36d2
142610,"""834""","[""171""]","""25021""","[""1"", ""486"", ""3"", ""4"", ""5"", ""54""]",a4d39eaf-60a7-438c-803a-61cf5296f3c3
142610,"""834""","[""171""]","""25021""","[""1"", ""486"", ""3"", ""4"", ""5"", ""54""]",24518dd2-da26-4816-80f1-00860d971973
142610,"""834""","[""171""]","""25021""","[""1"", ""486"", ""3"", ""4"", ""5"", ""54""]",95a308f0-23f5-4f7f-9d82-c59c59d21cbc
142610,"""834""","[""171""]","""25021""","[""1"", ""486"", ""3"", ""4"", ""5"", ""54""]",841221f5-c305-4932-b489-28a6cd8364a1
142610,"""834""","[""171""]","""25021""","[""1"", ""486"", ""3"", ""4"", ""5"", ""54""]",6a23ab18-0715-4882-ad13-69711c1cec9f
142610,"""834""","[""171""]","""25021""","[""1"", ""486"", ""3"", ""4"", ""5"", ""54""]",348807d8-e906-4b0a-855d-99a9cb3d796b
142610,"""834""","[""171""]","""25021""","[""1"", ""486"", ""3"", ""4"", ""5"", ""54""]",966075c3-0516-4b7d-abef-11d75a08f71a
142610,"""834""","[""171""]","""25021""","[""1"", ""486"", ""3"", ""4"", ""5"", ""54""]",495b1d11-1efc-4189-88b3-d9d5bbd4b7e4
142610,"""834""","[""171""]","""25021""","[""1"", ""486"", ""3"", ""4"", ""5"", ""54""]",26204057-f21e-4308-a762-7f9bef66761d
142610,"""834""","[""171""]","""25021""","[""1"", ""486"", ""3"", ""4"", ""5"", ""54""]",c84f15c0-312d-44d8-980a-a90e8782871b
142610,"""834""","[""171""]","""25021""","[""1"", ""486"", ""3"", ""4"", ""5"", ""54""]",a44d49b0-c2fb-4d8c-a32e-4267897351c3
142610,"""834""","[""171""]","""25021""","[""1"", ""486"", ""3"", ""4"", ""5"", ""54""]",f5886c7d-d4b0-4f79-9622-0450bb358aa5
142610,"""834""","[""171""]","""25021""","[""1"", ""486"", ""3"", ""4"", ""5"", ""54""]",9e6bbba8-7441-4d32-a3ce-5e5c42dd809f
142610,"""834""","[""171""]","""25021""","[""1"", ""486"", ""3"", ""4"", ""5"", ""54""]",6a23ab18-0715-4882-ad13-69711c1cec9f
142610,"""834""","[""171""]","""25021""","[""1"", ""486"", ""3"", ""4"", ""5"", ""54""]",a8047d6e-7f19-4e3d-845c-e98ebdcd5961
142610,"""834""","[""171""]","""25021""","[""1"", ""486"", ""3"", ""4"", ""5"", ""54""]",5258eb35-daf0-4b53-ac2b-5c916c14ce72
142610,"""834""","[""171""]","""25021""","[""1"", ""486"", ""3"", ""4"", ""5"", ""54""]",c52c03df-1627-453a-901e-394df2c1874e
142610,"""834""","[""171""]","""25021""","[""1"", ""486"", ""3"", ""4"", ""5"", ""54""]",c84f15c0-312d-44d8-980a-a90e8782871b
142610,"""834""","[""171""]","""25021""","[""1"", ""486"", ""3"", ""4"", ""5"", ""54""]",70e1d13c-a718-426d-b016-55f0fee4836a
142610,"""834""","[""171""]","""25021""","[""1"", ""486"", ""3"", ""4"", ""5"", ""54""]",752f7c89-a61d-4e1c-852b-b91912cc5a5b
142610,"""834""","[""171""]","""25021""","[""1"", ""486"", ""3"", ""4"", ""5"", ""54""]",acdfd5a9-a744-4b94-a369-87fe6be33bca
142610,"""834""","[""171""]","""25021""","[""1"", ""486"", ""3"", ""4"", ""5"", ""54""]",514612bf-0b54-4f8f-a9c5-172f9d014f52
142610,"""834""","[""171""]","""25021""","[""1"", ""486"", ""3"", ""4"", ""5"", ""54""]",f00a81c2-651a-424f-8b04-6705a53dba62
142610,"""834""","[""171""]","""25021""","[""1"", ""486"", ""3"", ""4"", ""5"", ""54""]",3601d7d5-bc9d-4d88-9398-e564b013b992
142610,"""834""","[""171""]","""25021""","[""1"", ""486"", ""3"", ""4"", ""5"", ""54""]",51b422b4-ce37-42bc-9ca5-a0dbe1d7d7ec
142610,"""834""","[""171""]","""25021""","[""1"", ""486"", ""3"", ""4"", ""5"", ""54""]",3af6f4aa-8077-49db-8175-86a34f269b91
142610,"""834""","[""171""]","""25021""","[""1"", ""486"", ""3"", ""4"", ""5"", ""54""]",d648f598-0e42-4e2d-8fa3-861f90b2f17a
142610,"""834""","[""171""]","""25021""","[""1"", ""486"", ""3"", ""4"", ""5"", ""54""]",85086afc-7165-4425-bd55-550749300772
142610,"""834""","[""171""]","""25021""","[""1"", ""486"", ""3"", ""4"", ""5"", ""54""]",e6329c6a-78f1-43d6-bfb5-a4b41905d9a6
142610,"""834""","[""171""]","""25021""","[""1"", ""486"", ""3"", ""4"", ""5"", ""54""]",e2ef075e-25b3-4fc4-94c4-a1b786d37473
142610,"""834""","[""171""]","""25021""","[""1"", ""486"", ""3"", ""4"", ""5"", ""54""]",26204057-f21e-4308-a762-7f9bef66761d
142610,"""834""","[""171""]","""25021""","[""1"", ""486"", ""3"", ""4"", ""5"", ""54""]",c84f15c0-312d-44d8-980a-a90e8782871b
142610,"""834""","[""171""]","""25021""","[""1"", ""486"", ""3"", ""4"", ""5"", ""54""]",a4d39eaf-60a7-438c-803a-61cf5296f3c3
142610,"""834""","[""171""]","""25021""","[""1"", ""486"", ""3"", ""4"", ""5"", ""54""]",a44d49b0-c2fb-4d8c-a32e-4267897351c3
142610,"""834""","[""171""]","""25021""","[""1"", ""486"", ""3"", ""4"", ""5"", ""54""]",752f7c89-a61d-4e1c-852b-b91912cc5a5b
142610,"""834""","[""171""]","""25021""","[""1"", ""486"", ""3"", ""4"", ""5"", ""54""]",0b48370f-00f9-40d0-a002-3277e940b1c5
142610,"""834""","[""171""]","""25021""","[""1"", ""486"", ""3"", ""4"", ""5"", ""54""]",217753d1-dd1e-48c9-943d-e1045c29d2c0
142610,"""834""","[""171""]","""25021""","[""1"", ""486"", ""3"", ""4"", ""5"", ""54""]",f5886c7d-d4b0-4f79-9622-0450bb358aa5
142610,"""834""","[""171""]","""25021""","[""1"", ""486"", ""3"", ""4"", ""5"", ""54""]",730b5033-928a-4629-abd5-ce4db6669d18
142610,"""834""","[""171""]","""25021""","[""1"", ""486"", ""3"", ""4"", ""5"", ""54""]",320e8ba0-d64b-4952-ba9e-704e3952fb27
142610,"""834""","[""171""]","""25021""","[""1"", ""486"", ""3"", ""4"", ""5"", ""54""]",24518dd2-da26-4816-80f1-00860d971973
142610,"""834""","[""171""]","""25021""","[""1"", ""486"", ""3"", ""4"", ""5"", ""54""]",85086afc-7165-4425-bd55-550749300772
142610,"""834""","[""171""]","""25021""","[""1"", ""486"", ""3"", ""4"", ""5"", ""54""]",6f916af7-742e-4f46-aea1-dbf2cd60831c
142610,"""834""","[""171""]","""25021""","[""1"", ""486"", ""3"", ""4"", ""5"", ""54""]",6a23ab18-0715-4882-ad13-69711c1cec9f
142610,"""834""","[""171""]","""25021""","[""1"", ""486"", ""3"", ""4"", ""5"", ""54""]",4332d60f-157a-480e-8d05-5d695ff597a4
142610,"""834""","[""171""]","""25021""","[""1"", ""486"", ""3"", ""4"", ""5"", ""54""]",26204057-f21e-4308-a762-7f9bef66761d
142610,"""834""","[""171""]","""25021""","[""1"", ""486"", ""3"", ""4"", ""5"", ""54""]",c84f15c0-312d-44d8-980a-a90e8782871b
142610,"""834""","[""171""]","""25021""","[""1"", ""486"", ""3"", ""4"", ""5"", ""54""]",e7f08a41-75a0-408b-a433-04cdd5984dbd
142610,"""834""","[""171""]","""25021""","[""1"", ""486"", ""3"", ""4"", ""5"", ""54""]",d5d396cb-1b76-4b2e-a89c-3e5a262276dc
142610,"""834""","[""171""]","""25021""","[""1"", ""486"", ""3"", ""4"", ""5"", ""54""]",a8047d6e-7f19-4e3d-845c-e98ebdcd5961
142610,"""834""","[""171""]","""25021""","[""1"", ""486"", ""3"", ""4"", ""5"", ""54""]",51ba9215-2481-4f12-b833-38e5fe03a58b
142610,"""834""","[""171""]","""25021""","[""1"", ""486"", ""3"", ""4"", ""5"", ""54""]",752f7c89-a61d-4e1c-852b-b91912cc5a5b
142610,"""834""","[""171""]","""25021""","[""1"", ""486"", ""3"", ""4"", ""5"", ""54""]",502abc37-668f-46ab-8a88-eb1fd8046048
142610,"""834""","[""171""]","""25021""","[""1"", ""486"", ""3"", ""4"", ""5"", ""54""]",26204057-f21e-4308-a762-7f9bef66761d
142610,"""834""","[""171""]","""25021""","[""1"", ""486"", ""3"", ""4"", ""5"", ""54""]",e2ef075e-25b3-4fc4-94c4-a1b786d37473
142610,"""834""","[""171""]","""25021""","[""1"", ""486"", ""3"", ""4"", ""5"", ""54""]",85086afc-7165-4425-bd55-550749300772
142610,"""834""","[""171""]","""25021""","[""1"", ""486"", ""3"", ""4"", ""5"", ""54""]",87ab40b4-4390-4ea7-b06c-2f95c92f36d2
142610,"""834""","[""171""]","""25021""","[""1"", ""486"", ""3"", ""4"", ""5"", ""54""]",320e8ba0-d64b-4952-ba9e-704e3952fb27
142610,"""834""","[""171""]","""25021""","[""1"", ""486"", ""3"", ""4"", ""5"", ""54""]",24518dd2-da26-4816-80f1-00860d971973
142610,"""834""","[""171""]","""25021""","[""1"", ""486"", ""3"", ""4"", ""5"", ""54""]",6a23ab18-0715-4882-ad13-69711c1cec9f
142610,"""834""","[""171""]","""25021""","[""1"", ""486"", ""3"", ""4"", ""5"", ""54""]",3af6f4aa-8077-49db-8175-86a34f269b91
142610,"""834""","[""171""]","""25021""","[""1"", ""486"", ""3"", ""4"", ""5"", ""54""]",28a4b941-8804-4455-bdf9-c766fd3e0f60
142610,"""834""","[""171""]","""25021""","[""1"", ""486"", ""3"", ""4"", ""5"", ""54""]",a44d49b0-c2fb-4d8c-a32e-4267897351c3
142610,"""834""","[""171""]","""25021""","[""1"", ""486"", ""3"", ""4"", ""5"", ""54""]",3383d934-ea40-4450-ba80-06f0ea2bb21a
142610,"""834""","[""171""]","""25021""","[""1"", ""486"", ""3"", ""4"", ""5"", ""54""]",3af6f4aa-8077-49db-8175-86a34f269b91
